item_id,item_name,brand,kcal_100g,protein_100g,carbs_100g,fat_100g,serving_size,quantity,source,item_name_word_count
2204,mix mk seed,,474.0,27.0,0.8,35.0,,680 g,openfoodfacts,3
236555909,bakers best bread white,Wise Woodworks,235.0,8.82,50.0,1.47,1.2 ONZ (34 g),,openfoodfacts,4
236598784,bakers best bread rye,Wise Woodworks,256.0,7.69,53.85,2.56,1 SLICE (39 g),,openfoodfacts,4
1005798729,prime,,0.0,0.02,0.0,0.0,,,openfoodfacts,1
2114016111,bread french,Winn-Dixie,228.0,8.77,45.61,1.75,2 ONZ (57 g),,openfoodfacts,2
2972599852,croutons french seasoned,,333.0,6.67,33.33,20.0,0.5 ONZ (15 g),,openfoodfacts,3
3003410573,bread ciabatta,Giant Eagle,246.0,8.77,50.88,0.0,1.75 SLICE (57 g),,openfoodfacts,2
3003440035,bread enriched white,Giant Eagle,255.0,8.51,48.94,3.19,2 SLICES (47 g),,openfoodfacts,3
3003491385,artisan ciabatta,,246.0,8.77,49.12,0.88,2 ONZ (57 g),,openfoodfacts,2
3303547012,bread pita,,329.11392405063,8.8607594936709,51.898734177215,8.8607594936709,,,openfoodfacts,2
5680051051,berries mixed oikos pro,,53.0,8.0,4.33,0.67,,,openfoodfacts,4
7070644346,fumee truite,,168.0,20.1,0.0,9.7,,,openfoodfacts,2
7078425850,croutons,,429.0,14.29,71.43,14.29,2 Tbsp (7 g),,openfoodfacts,1
7131410200,bread enriched,"Aunt Millie's,  Aunt Millie's Bakeries",265.0,8.82,52.94,2.94,1 SLICE (34 g),,openfoodfacts,2
7203670990,croutons seasoned,,429.0,14.29,71.43,14.29,2 Tbsp (7 g),,openfoodfacts,2
7203670992,caesar croutons,,429.0,14.29,71.43,14.29,2 Tbsp (7 g),,openfoodfacts,2
7203695251,pita pocket wheat,,220.0,8.0,50.0,0.0,1.8 ONZ (50 g),,openfoodfacts,3
7203695450,bread harvest wheat,Band Of Bakers,246.0,7.02,42.11,5.26,2 ONZ (57 g),,openfoodfacts,3
7203695938,artisan bread casa di pane,,211.0,7.02,42.11,0.0,2 ONZ (57 g),,openfoodfacts,5
7206070516,and cheddar jack pepper,Harris Teeter,392.857142857143,25.0,0.0,32.1428571428571,0.25 cup (28 g),,openfoodfacts,4
8523920001,bread herb tomato,,306.0,10.2,48.98,8.16,1 SLICE (49 g),,openfoodfacts,3
90010,de peoteina soja,,320.0,45.0,30.0,5.0,,,openfoodfacts,3
9300000673,sandwich stuffers,Mt. Olive Pickle Company  Inc.,84.6909775,0.411975083333333,24.60947075,0.16065425,1 portion (28 g),28 g,openfoodfacts,2
9300001090,bread butter chips,Mt. Olive,50.3712587523589,0.0,12.5928146880897,0.0,28.3495g,28 g,openfoodfacts,3
9800000715,ferrero rocher,FERRERO ROCHER,600.0,8.0,48.0,44.0,3 PIECES (38 g),5.3 oz,openfoodfacts,2
9800200696,assorted confections fine,FERRERO COLLECTION,600.0,6.6666666666667,50.0,43.333333333333,,,openfoodfacts,3
9800556694,bueno minis,Kinder,555.555555555556,7.40740740740741,51.8518518518519,37.037037037037,5 pieces (27 g),,openfoodfacts,2
10455200627,paradise sun,,32.0,0.0,8.0,0.0,,,openfoodfacts,2
10700858931,heath,,520.0,4.0,64.0,32.0,,,openfoodfacts,1
10706723936,concentre de tomate,,91.0,5.1,13.7,0.3,,,openfoodfacts,3
107919,honeydew protein shake,,369.4,87.2,2.9,1.0,,,openfoodfacts,3
11092806104,,宴麥森林,456.25,9.375,66.875,19.0625,32 g,,openfoodfacts,0
11110001207,bread round top white,Kroger,259.26,7.41,51.85,3.7,1 SLICE (26 g),20 oz,openfoodfacts,4
11110002013,bread honey round top wheat,kroger,259.25925925926,11.111111111111,51.851851851852,1.8518518518519,,20 oz,openfoodfacts,5
11110005601,bread wheat,Kroger,254.918198529412,7.42292279411765,51.6443474264706,1.48042279411765,211,,openfoodfacts,2
11110009081,bread white,Simple Truth Organic,279.07,9.3,74.42,2.33,1 SLICE (43 g),,openfoodfacts,2
11110009296,bread enriched round top white,,241.0,6.9,48.28,3.45,1 SLICE (29 g),,openfoodfacts,5
11110009586,bread,,222.0,11.11,44.44,3.33,1 SLICE (45 g),,openfoodfacts,1
11110013545,cheese crisps parmesan,simple truth,571.428571428572,42.857142857143,0.0,42.857142857143,,1.98 oz,openfoodfacts,3
11110017864,cacio e pepe,Private Selection,164.285714285714,5.71428571428571,20.0,6.42857142857143,1 cup (140 g),,openfoodfacts,3
11110019516,peanuts,Kroger,571.428571428572,25.0,14.2857142857143,50.0,0.25 cup (28 g),340g,openfoodfacts,1
11110021595,cream ice,Private Selection,254.385964912281,3.50877192982456,33.3333333333333,12.280701754386,1 serving (114 g),85 g,openfoodfacts,2
11110023926,peach,The Kroger Co.,411.0,4.44,53.33,22.22,1.6 ONZ (45 g),,openfoodfacts,1
11110055446,bread carbmaster wheat,"The Kroger Co., Kroger",111.11111111111,14.814814814815,33.333333333333,3.7037037037037,,,openfoodfacts,3
11110081322,butter creamy peanut,Kroger,583.0825,21.7561875,17.0975,46.197875,32g,16 oz,openfoodfacts,3
11110084507,bread soft wheat,Kroger,259.259259259259,11.1111111111111,51.8518518518519,1.85185185185185,1 slice (27 g),,openfoodfacts,3
11110084958,bread honey oat pan wide,Private Selection,288.888888888889,11.1111111111111,53.3333333333333,3.33333333333333,1 slice (45 g),24 oz,openfoodfacts,5
11110085030,bread potato,Private Selection,130.0,4.0,26.0,1.0,1 serving (100 g),24 oz,openfoodfacts,2
11110085184,bread dark pan rye wide,PRIVATE SELECTION,244.44444,11.11111,44.44444,2.22222,1 slice 45g,24 oz 680 g,openfoodfacts,5
11110085504,roasted seaweed snack wasabi,simple truth,500.0,20.0,20.0,40.0,5g,,openfoodfacts,4
11110089137,chickpea pasta,Simple Truth Organic,392.85714285714,17.857142857143,60.714285714286,6.25,,8 oz,openfoodfacts,2
11110101181,cheddar cheese sharp shredded,Kroger,321.428571428572,25.0,7.14285714285714,21.4285714285714,0.25 cup (28 g),8 oz,openfoodfacts,4
11110106278,diced petite tomatoes,Kroger,20.6611570247934,0.826446280991736,4.13223140495868,0.0,0.5 cup (121 g),,openfoodfacts,3
11110114549,hawaiian sweet,,337.83783783784,10.810810810811,56.756756756757,5.4054054054054,,,openfoodfacts,2
11110124982,bread cinnamon raisin,Private selection,250.649520442708,7.83200283854166,47.8537939973958,1.89667376302083,57g,16 oz,openfoodfacts,3
11110126030,firm super tofu,Simple Truth Organic,142.857142857143,15.3846153846154,2.1978021978022,7.69230769230769,1 portion (91 g),16 oz,openfoodfacts,3
11110128386,bread honey oat sprouted,Simple Truth Organic,117.056565504808,2.77563551682692,24.2749286358173,0.573254206730768,1 serving (45 g),,openfoodfacts,4
11110135308,cheddar cheese sharp shredded white,simple truth,349.92685,18.1267375,13.08551125,24.94507375,0.25 cup (28 g),,openfoodfacts,5
11110144072,carb master peach,Kroger,41.1764705882353,5.29411764705882,2.35294117647059,0.882352941176471,170g,6 oz,openfoodfacts,3
11110147516,hot mustard sweet,Kroger,200.0,0.0,20.0,0.0,1 portion (5 g),12 oz,openfoodfacts,3
11110149176,bits cheesy,Kroger,500.0,6.66666666666667,60.0,26.6666666666667,25 pieces (30 g),,openfoodfacts,2
11110149473,penne protein,Kroger,357.142857142857,19.6428571428571,67.8571428571429,1.78571428571429,0.75 cup (56 g),,openfoodfacts,2
11110153692,edamame,Kroger,121.621621621622,9.45945945945946,13.5135135135135,3.37837837837838,0.5 cup (74 g),,openfoodfacts,1
11110155214,butter chicken indian inspired,Private Selection,121.56862745098,6.66666666666667,15.6862745098039,3.92156862745098,1 container (255 g),9 oz,openfoodfacts,4
11110157805,bites butter chicken naan,Private Selection,287.5,8.75,31.25,13.75,4 pieces (80 g),,openfoodfacts,4
11110160454,condensed cream mushroom of soup,Kroger,80.0,0.8,8.0,4.8,1 1/2 Cup (125 g),,openfoodfacts,5
11110345677,beef shaved steak,Kroger,178.571428571429,19.6428571428571,0.0,10.7142857142857,1 portion (56 g),,openfoodfacts,3
11110505705,protein smoothie,"Kroger,  The Kroger Co.",34.0,4.05,2.7,0.68,1 BOTTLE (296 ml),,openfoodfacts,2
11110604293,ribeye steak,Simple Truth,185.840707964602,18.5840707964602,0.884955752212389,12.3893805309735,1 portion (113 g),113 g,openfoodfacts,2
11110623362,muffin,Chocolate,410.714285714286,4.46428571428571,48.2142857142857,22.3214285714286,4 muffins (112 g),,openfoodfacts,1
11110626851,pepperoni,Private Selection,500.0,21.4,7.14,42.9,15 slices (28 g),12 oz,openfoodfacts,1
11110636751,cheese parmesan shredded,Private Selection,400.0,40.0,0.0,20.0,1 tbsp (5 g),5 oz,openfoodfacts,3
11110637697,cashews raw,Simple Truth,571.428571428572,17.8571428571429,28.5714285714286,42.8571428571429,1 portion (28 g),16 oz,openfoodfacts,2
11110655998,bacon chicken ranch wrap,Kroger deli kitchen,278.43137254902,12.5490196078431,18.8235294117647,16.8627450980392,255 g,,openfoodfacts,4
11110658890,panino pepperoni,Simple Truth,357.142857142857,21.43,2.38,30.95,,,openfoodfacts,2
11110659415,protein spread,simple truth,142.857142857143,10.7142857142857,1.78571428571429,10.7142857142857,1 portion (56 g),,openfoodfacts,2
11110660022,sashimi,SNOWFOX,150.0,21.4285714285714,0.714285714285714,6.42857142857143,1 portion (140 g),,openfoodfacts,1
11110665126,minestrone soup,Private Selection,48.9795918367347,1.63265306122449,6.93877551020408,1.63265306122449,1 cup (245 g),,openfoodfacts,2
11110672100,bao bbq pork,Krogee,258.677452732575,9.40645282663907,44.6806509265356,4.70322641331954,1 portion (85.048 g),,openfoodfacts,3
11110677129,norimaki spam,Fry’s Sushi,200.0,4.28571428571429,22.8571428571429,10.0,50 z (140 g),,openfoodfacts,2
11110678126,chicken ham sandwich,Private Selection,226.086956521739,13.9130434782609,20.0,10.4347826086957,0.333 sandwich (115 g),,openfoodfacts,3
11110678171,beef roast sandwich,Kroger,202.479338842975,12.8099173553719,17.3553719008264,8.67768595041322,1 sandwich (242 g),,openfoodfacts,3
11110678911,sushi,Kroger,157.407407407407,4.16666666666667,24.0740740740741,4.62962962962963,1 portion (216 g),,openfoodfacts,1
11110810885,dijon mustard,Kroger,100.0,1.66591111111111,1.59844444444444,2.54152777777778,1 portion (5 g),5 g,openfoodfacts,2
11110812506,carrots peas,Kroger,48.0,1.92,6.4,0.0,125g,125 g,openfoodfacts,2
11110813640,croutons herb seasoned,Kroger,428.571428571429,14.29,71.43,14.29,,5 oz,openfoodfacts,3
11110834638,cheese cream spread whipped,Kroger,238.095238095238,4.76190476190476,9.52380952380952,21.4285714285714,2 tbsp. (21 g),,openfoodfacts,4
11110847621,butternut squash,Simple truth,23.1,0.55,4.6,0.1,1 serving (85 g),,openfoodfacts,2
11110870131,beef jerky smokehouse teriyaki,Kroger,285.714285714286,42.8571428571429,21.4285714285714,3.57142857142857,1 portion (28 g),,openfoodfacts,4
11110871862,crispy crust pizza thin,,302.0,6.98,48.84,9.3,0.5 PIZZA CRUST (43 g),,openfoodfacts,4
11110877024,bread sandwich,Kroger,255.31914893617,8.5106382978723,48.936170212766,2.1276595744681,,,openfoodfacts,2
11110971968,bacon turkey,Kroger,227.272727272727,18.1818181818182,4.54545454545455,15.9090909090909,1 portion (22 g),,openfoodfacts,2
11110978097,beef roast,Kroger,107.142857142857,19.6428571428571,0.0,3.57142857142857,1 serving (56 g),56 g,openfoodfacts,2
11140002458,hashbrown potatoes,Idaho Spuds,375.0,6.25,81.25,0.0,1 servings (16 g),4.2 oz,openfoodfacts,2
11141504111,and surf turf,Macro Foods,200.542005420054,17.0731707317073,13.0081300813008,7.85907859078591,1 portion (369 g),,openfoodfacts,3
11143162890,fox makahana nuts,Deep,500.0,10.0,56.6666666666667,26.6666666666667,1 cup (30 g),,openfoodfacts,3
11152028347,bits sesame snacks,hapi,333.33,6.67,66.67,1.67,1 portion (30 g),3 oz,openfoodfacts,3
11152066301,rice sushi,Nishiki,333.333333333333,6.66666666666667,73.3333333333333,0.0,0.25 cup (45 g),32 oz,openfoodfacts,2
11152836508,cake konjac white yam,J-Basket,0.0,0.0,2.35294117647059,0.0,3 9 (85 g),,openfoodfacts,4
11210006515,habanero hot tabasco,"McIlhenny Company, Tabasco",100.0,0.0,20.0,0.0,,,openfoodfacts,3
11210694002,sauce spicy sweet tabasco,Tabasco,280.0,14.0,65.0,0.7,256 ml,256 ml,openfoodfacts,4
11225022203,bread enriched sandwich white,,277.0,8.51,53.19,3.19,2 SLICES (47 g),,openfoodfacts,4
11225022210,bread enriched wheat,,269.0,11.54,50.0,3.85,1 SLICE (26 g),,openfoodfacts,3
11225129872,cured dry ham prosciutto,Culinary Tours,214.285714285714,25.0,0.0,12.5,1 oz (28g),3 oz,openfoodfacts,4
11225175343,braided bread brioche hand,,360.0,8.0,50.0,14.0,1 SLICE (50 g),,openfoodfacts,4
11284005056,crispy rice treats,JJ’S Bakery,391.304347826087,4.34782608695652,73.9130434782609,8.69565217391304,1 portion (23 g),,openfoodfacts,3
11368039014,fruit spread strawberry,Darbo,225.0,0.0,55.0,0.0,1 portion (20 g),,openfoodfacts,3
11433150866,and cheese naan spinach stuffed,,241.37931034483,6.8965517241379,39.655172413793,6.0344827586207,,,openfoodfacts,5
115728,banane,Marks And Spencer,161.0,21.0,0.8,8.2,,32 oz,openfoodfacts,1
11643090020,cinnamon mac nut raisin sweetbread,,393.0,8.93,66.07,12.5,2 ONZ (56 g),,openfoodfacts,5
11643090037,sweetbread taro,,357.0,8.93,64.29,8.93,2 ONZ (56 g),,openfoodfacts,2
11643090044,sweetbread,,357.0,8.93,64.29,8.93,2 ONZ (56 g),,openfoodfacts,1
11658945032,shrimp xo,SC,422.222222222222,4.44444444444444,75.5555555555556,11.1111111111111,1 portion (45 g),,openfoodfacts,2
11863109755,parmesan shredded,Sartori,400.0,20.8766666666667,29.7333333333333,20.75,5g,28 g,openfoodfacts,2
12000002496,diet pepsi,Pepsi,0.0,0.0,0.0,0.0,3.3 serving (100 ml),,openfoodfacts,2
12000062292,dew diet mountain,Mountain Dew,0.4,0.0,0.0,0.0,250 m (250 ml),,openfoodfacts,3
12000181764,brewed peach tea,Pure Leaf,26.0,0.0,7.0,0.0,1 bottle,16.9 fl oz,openfoodfacts,3
12000250637,baja cabo citrus,Mountain Dew,0.0,0.0,0.0,0.0,1 bottle (591 ml),20 fl oz,openfoodfacts,3
12000800443,pepsi,Pepsi,42.0,0.0,11.0,0.0,,,openfoodfacts,1
124980,cheese cream whipped,Trader Joe's,350.0,5.0,5.0,35.0,2 tbsp. (20 g),8 oz (227 g),openfoodfacts,3
12500003146,beef corned,,130.0,12.0,1.0,9.0,2 ONZ (56 g),1,openfoodfacts,2
13000014458,ketchup tomato,Heinz,117.647058823529,0.0,23.5294117647059,0.0,1.0 tbsp (17.0 g),19 oz,openfoodfacts,2
13087335903,bread parisian,,250.0,8.3333333333333,52.083333333333,1.0416666666667,1.7 ONZ (48 g),,openfoodfacts,2
13087399004,demi parisian wheat,Market Basket,142.496875,5.29886363636364,25.6584659090909,0.886363636363636,1 1/5 baguette (48 g),,openfoodfacts,3
13120000263,crispy mini tater tots,Ore-Ida,195.402298850575,2.29885057471264,21.8390804597701,11.4942528735632,19 piece (87 g),,openfoodfacts,4
13120000829,crispy tater tots,Ore-Ida,186.046511627907,2.32558139534884,22.093023255814,9.30232558139535,1 portion (86 g),32 oz,openfoodfacts,3
13120001338,crispy crowns,Ore-Ida,190.47619047619,2.0,18.0,10.0,11 pieces (84 g),30 oz,openfoodfacts,2
13120008337,browns hash shredded,Ore-Ida,70.5882352941177,2.35294117647059,15.2941176470588,0.0,3 serving (255 g),30 oz,openfoodfacts,3
13120012617,crispy extra tater tots,Ore-Ida,197.674418604651,3.0,21.0,8.0,12 pieces (86 g),,openfoodfacts,4
13120014178,crispy extra fast food fries,Ore-Ida,190.47619047619,2.0,22.0,7.0,27 pieces (84 g),26 oz,openfoodfacts,5
13164027226,bread done white,Dave's Bread,275.0,10.0,50.0,5.0,1 .a (40 g),,openfoodfacts,3
133128,di prosciutto speck,Sainsbury's,249.0,28.2,0.5,14.9,,,openfoodfacts,3
13421003000,bread pan sobao sweet,,321.42857142857,10.714285714286,60.714285714286,3.5714285714286,,,openfoodfacts,4
13562001606,annies cheese pizza poppers three,,222.0,8.64,32.1,6.17,6 pieces (81 g) (81 g),,openfoodfacts,5
13562001651,annies pepperoni pizza poppers uncured,Annie's,257.0,8.33,31.94,11.11,"1 box (144 g, about 11 pieces) (144 g)",,openfoodfacts,5
13562134151,mac super,Annie's,378.378378378378,20.2702702702703,60.8108108108108,6.08108108108108,74g,170 g,openfoodfacts,2
13562140299,cheddar crackers,Annies,433.333333333333,10.0,73.3333333333333,11.6666666666667,30g,30 g,openfoodfacts,2
13800047199,cheese four pizza,Lean Cuisine,229.411764705882,11.7647058823529,35.2941176470588,4.70588235294118,1 pizza (170 g),6 oz,openfoodfacts,3
13800101709,baked chicken,stouffer,250.0,22.0,19.0,9.0,1 package (251 g),8 oz,openfoodfacts,2
13800135209,mushroom pizza spinach,Lean Cuisine,225.433526011561,10.4046242774566,31.2138728323699,5.20231213872832,1 package (173 g),,openfoodfacts,3
13800151834,bread french pizzas,Stouffer's,251.497005988024,11.377245508982,26.9461077844311,10.7784431137725,1 pizza (167 g),,openfoodfacts,3
13800214508,bake cheddar potato,Stouffer's,114.33821875,4.40556953125,6.78389140625,7.61737265625,1 pack (283 g),10 oz,openfoodfacts,3
13800552396,chicken fried rice,Lean Cuisine,117.647058823529,6.66666666666667,16.8627450980392,2.74509803921569,1 package (255 g),9 oz,openfoodfacts,3
14100042792,jewish rye,Pepperidge Farm,250.0,9.38,46.88,3.13,1.1 ONZ (32 g),,openfoodfacts,2
14100043799,bread strawberry,Pepperidge Farm,294.11764705882,8.8235294117647,52.941176470588,5.8823529411765,1.2 ONZ (34 g),,openfoodfacts,2
14100043966,bread sundried tomato,,279.0,9.3,51.16,3.49,1.5 ONZ (43 g),,openfoodfacts,3
14100046783,bread seeded,,279.0,13.95,46.51,6.98,1.5 ONZ (43 g),,openfoodfacts,2
14100048862,bread rustic soft white,,281.0,9.38,53.12,4.69,1 SLICE (32 g),,openfoodfacts,4
14100049555,bread butter,Pepperidge Farm Farmhouse,266.666666666667,8.88888888888889,53.3333333333333,2.22222222222222,1 slice (45 g),,openfoodfacts,2
14100049890,bread farmhouse hawaiian sweet,Pepperidge Farm,288.888888888889,13.3333333333333,48.8888888888889,3.33333333333333,1 slice (45 g),,openfoodfacts,4
14100052951,baked cheddar crackers snack,Goldfish,466.666666666667,10.0,66.6666666666667,16.6666666666667,,10 oz (283g),openfoodfacts,4
14100071143,bread sandwich white,Pepperidge Farm,289.0,8.89,51.11,5.56,1.6 ONZ (45 g),,openfoodfacts,3
14100071204,bread jewish rye seeded,Pepperidge Farm,250.0,9.375,50.0,3.125,1 slice (32 g),,openfoodfacts,4
14100077091,bread jewish party rye,,265.0,8.16,51.02,4.08,1.8 ONZ (49 g),,openfoodfacts,4
14113910842,honey pistachios roasted,Wonderful,607.142857142857,6.0,7.0,13.0,49 pistachios (28 g),5.5 oz,openfoodfacts,3
14113911672,pistachios,Wonderful,590.0,21.4,27.7,46.0,,250g,openfoodfacts,1
14285000068,banana catsup,,18.0,0.0,4.0,0.0,,320g,openfoodfacts,2
14285003045,banana ketchup,,54.0,0.0,12.0,0.0,,4 kg,openfoodfacts,2
14494000262,de mie pain,Harrys,282.025320318681,10.7594936708861,41.1392405063291,6.83544315869295,79.0g,,openfoodfacts,3
14500007148,chicken teriyaki,Voila,97.3451327433628,4.95575221238938,17.3451327433628,1.23893805309735,1 bag (565 g),,openfoodfacts,2
14500008251,butter corn sauce,Birds Eye,128.0,2.4,16.8,5.6,1 cup (125 g),,openfoodfacts,3
14500009845,corn fire roasted,Birds Eye,168.674698795181,3.6144578313253,20.4819277108434,7.2289156626506,0.66 cup (83 g),240 g,openfoodfacts,3
14668601004,kiwi,,112.85,2.4975,27.491,1.258,80.0g,,openfoodfacts,1
147217,miniature new potatoes,M&S Eat Well,73.0,1.4,15.4,0.3,0.2 pack (100 g),500g,openfoodfacts,3
15000012526,kiwi strawberry,Gerber,29.661016949153,0.0,6.7796610169492,0.0,,,openfoodfacts,2
15300200661,cheese cheesy cheetos four macn,Cheetos,352.941176470588,13.2352941176471,69.1176470588235,3.67647058823529,170 g,,openfoodfacts,5
15300439801,cheese creamy four,Rice A Roni,192.857142857143,4.28571428571429,27.1428571428571,7.85714285714286,2.5 serving (140 g),,openfoodfacts,3
15445304200,de jambon noix,Aoste,276.0,43.0,3.5,10.0,,190,openfoodfacts,3
157353,dip hummus,Trader Joe's,200.0,6.66666666666667,13.3333333333333,15.0,,7 oz,openfoodfacts,2
15878698013,ranchero,,286.0,21.43,0.0,21.43,10 ONZ (28 g),,openfoodfacts,1
159258,batons carrot,Sainsbury's,38.0,0.7,6.0,0.5,1 pack (400 g),,openfoodfacts,2
16000122222,puffs reeses,General Mills,410.0,7.69,76.9,10.2564102564103,1 portion (39 g),326g,openfoodfacts,2
16000125605,brand chex mix snack,Chex Mix,433.33,6.67,73.33,13.33,0.5 cup (32 g),,openfoodfacts,4
16000169647,crunch french toast,General Mills,405.405405405405,5.40540540540541,86.4864864864865,4.05405405405405,1 cup (37 g),,openfoodfacts,3
16000170032,kids my,Cheerios,358.974358974359,12.8205128205128,74.3589743589744,6.41025641025641,1 cup (39 g),18oz (510g),openfoodfacts,2
16000197787,brownie imp mix reeses,General Mills,433.33,6.67,80.0,10.0,1 serving (30 g),,openfoodfacts,4
16000207578,cake chip party rainbow,Betty Crocker,380.952380952381,4.76190476190476,88.0952380952381,2.38095238095238,0.11 Package (42 g),375g,openfoodfacts,4
16000207745,cake mix moist super,Betty Crocker,377.777777777778,4.44444444444444,82.2222222222222,3.33333333333333,0.1 package (45 g),,openfoodfacts,4
16000209411,penne,Carbe Diem,196.428571428571,14.2857142857143,71.4285714285714,0.892857142857143,2 oz dry (56 g),56 g,openfoodfacts,1
16000212541,cake mix oreo white,Betty Crocker,386.363636363636,0.0,81.8181818181818,6.81818181818182,0.167 package (44 g),,openfoodfacts,4
16000214972,chex mix,General Mills,437.5,6.25,75.0,12.5,32g,,openfoodfacts,2
16000222724,cheerios fruit,General Mills,66.609470375,12.30577006875,56.8936503125,5.05593620625,36g,1 lb,openfoodfacts,2
16000226357,cheerios protein strawberry,Cheerios,405.405405405405,21.6216216216216,64.8648648648649,6.75675675675676,37g,15 oz,openfoodfacts,3
16000229969,cheerios cookies creme protein,General Mills,405.405405405405,21.6216216216216,64.8648648648649,6.75675675675676,37g,11.2 oz,openfoodfacts,4
16000232167,cavatappi,Carbe Diem,196.428571428571,14.2857142857143,71.4285714285714,0.892857142857143,2 oz dry (56 g),,openfoodfacts,1
16000462946,corn crispy snacks,Cheerios,516.0,5.6,55.0,31.0,1 portion (30 g),,openfoodfacts,3
16229908256,jasmine rice thai,Foco,355.555555555556,6.66666666666667,80.0,1.11111111111111,0.25 cup (45 g),,openfoodfacts,3
16571960254,fruit punch starburst,Sparkling Ice,0.994431185361973,0.0,0.0,0.0,1 bottle (502.8 g),,openfoodfacts,3
16571962029,beer root,Popwell,9.86243314679245,0.0,3.09962184613477,0.0,1 can (12 fl oz),,openfoodfacts,2
17072000050,berry bread honey wheat,Cascade Pride,255.813953488372,9.30232558139535,51.1627906976744,3.48837209302326,1 slice (43 g),,openfoodfacts,4
17077034357,probiotic snack,Lifeway,77.0,3.85,10.58,2.88,3.5 OZA (104 ml),,openfoodfacts,2
17077129329,kefir,Lifeway,62.5,3.3333333333333,5.0,3.3333333333333,100 ml,,openfoodfacts,1
17082000231,beef peppered steak,Jack Link's,250.0,39.2857142857143,3.57142857142857,7.14285714285714,1 package (28 g),1 oz,openfoodfacts,3
17082000446,beef steak,Jack Link's,217.391304347826,39.1304347826087,2.17391304347826,6.52173913043478,1 serving (23 g),23 g,openfoodfacts,2
17082014887,beef bites tender,Jack Links,277.777777777778,33.3333333333333,27.7777777777778,2.77777777777778,18g,0.625 oz,openfoodfacts,3
17082019042,teriyaki,JACK LINK'S MR BEAST,440.0,5.0,1.0,10.0,1 stick (25 g),,openfoodfacts,1
17082470843,beef cuts prime rib tender,Jack Link's,250.0,35.7142857142857,10.7142857142857,5.35714285714286,1 package (28 g),1 oz,openfoodfacts,5
17082876355,beef jerky teriyaki,Jack Link's,285.714285714286,39.2857142857143,21.4285714285714,5.35714285714286,1 serving (28 g),2.85 oz,openfoodfacts,3
17082877352,beef bites tender teriyaki,Jack Link's,250.0,35.7142857142857,14.2857142857143,5.35714285714286,1 portion (28 g),28 g,openfoodfacts,4
17082877475,beef jerky peppered,Jack Link's,285.714285714286,31.4285714285714,28.5714285714286,5.71428571428571,1 portion (35 g),1.25 oz,openfoodfacts,3
17082879011,hot pepperoni,Jack Link's,409.090909090909,18.1818181818182,0.0,36.3636363636364,1 Stick (22 g),,openfoodfacts,2
17082883889,beef hot jerky sweet,Jack Link's,285.714285714286,32.1428571428571,28.5714285714286,5.35714285714286,1 portion (28 g),3.25 oz,openfoodfacts,4
173714,tarama,,548.0,5.7,5.8,55.7,,,openfoodfacts,1
17400100391,basmati rice,Success,360.0,7.67,77.8,0.84,0.5 bag (50 g),,openfoodfacts,2
17400101770,rice white,Success,360.0,7.0,82.0,0.5,1 serving (100 g),59 g,openfoodfacts,2
17400140311,jasmine rice,Minute,176.0,1.49270833333333,17.0433333333333,18.8370833333333,1 cup (125 g),,openfoodfacts,2
17696000610,beef taquitos,Delimex Cocina,253.521126760563,8.45070422535211,30.2816901408451,11.2676056338028,5 taquitos (142 g),20 oz,openfoodfacts,2
17873017301,chicken pie pot,Blake's,149.305555555556,5.55555555555556,11.8055555555556,9.02777777777778,1 cup (288 g),227 g,openfoodfacts,3
17873705130,pie shepherds,Blake's,123.34801762115,6.1674008810573,14.096916299559,4.4052863436123,1 Package (227 g) (227 g),8 oz,openfoodfacts,2
18000142828,cookies yoshi,pilsbury,384.615384615385,3.84615384615385,61.5384615384615,15.3846153846154,2 cookies (26 g),,openfoodfacts,2
18200250002,budweiser,,145.0,1.3,10.6,0.0,12 fl. oz.,24oz,openfoodfacts,1
18537241490,bread sheepherder,San Luis Sourdough,279.0,11.63,53.49,2.33,1 SLICE (43 g),,openfoodfacts,2
18627114796,fruits nuts,Kashi,456.0,9.6,65.6,19.2,1 cup (125 g),340g,openfoodfacts,2
18627115694,berry crunch mixed,Kashi GO,344.827586206897,17.2413793103448,68.9655172413793,6.03448275862069,0.75 cup (58 g),17.7 oz,openfoodfacts,3
18646000551,chimichurri,Rising Sun Farms,392.857142857143,0.0,0.0,42.8571428571429,1 portion (28 g),,openfoodfacts,1
18894462118,bread enriched honey wheat,,286.0,10.71,53.57,1.79,1 SLICE (28 g),,openfoodfacts,4
18894462736,bread butter enriched white,,290.0,6.45,51.61,4.84,1 SLICE (31 g),,openfoodfacts,4
19320016837,cookie shortbread,Lorna Doone,482.758620689655,3.448275862069,68.965517241379,24.137931034483,1 pack (29 g) (29 g),1 x 1 oz,openfoodfacts,2
19722155752,chicken in water white,CRIDER,87.719298245614,24.6229609110495,0.0,6.15574022776239,1 serving (57 g),12.5 oz (354g),openfoodfacts,4
20000104539,crisp mexicorn steam,Green Giant,94.7368421052632,2.10526315789474,20.0,0.526315789473684,95g,,openfoodfacts,3
200110,and braised mash steak,Marks & Spencer,80.0,6.31111111111111,9.0,1.8,450g,450g,openfoodfacts,4
20200070016,butter peanut sandwich,Girl Scout Cookies,500.0,8.82352941176471,64.7058823529412,20.5882352941176,3 cookies (34 g),,openfoodfacts,3
20526012011,mix mountain,Cub,475.0,12.5,50.0,27.5,14 cup (40 g),,openfoodfacts,2
20526042193,o pak snax,Kowalski‘s,459.459459459459,10.8108108108108,56.7567567567568,24.3243243243243,0.25 cup (37 g),,openfoodfacts,3
20593000218,biscuits made southern,J&J Snack Foods Corp,274.193548387097,6.45,41.9354838709677,8.06451612903226,62.0g,62 g,openfoodfacts,3
20662006134,marinara,Newman's Own,56.4516129032258,2.94748125,7.4393125,2.54391875,0.5 cup (124 g),24 oz,openfoodfacts,1
20679000132,bread sweet,,321.42857142857,8.9285714285714,55.357142857143,7.1428571428571,,16 oz,openfoodfacts,2
20709012319,brite octopus sour,Trolli,357.142857142857,3.57142857142857,82.1428571428571,0.0,2 piece (28 g),,openfoodfacts,3
20735161265,cream ice road rocky,Turkey Hill,160.0,3.0,25.0,5.0,1 portion (83 g),1.36 L,openfoodfacts,4
21000026890,sauce tartare,Kraft,200.0,0.0,4.0,4.5,1 serving (30 g),8,openfoodfacts,2
21000040247,cheese cream,Philadelphia,357.142857142857,2.86812,2.85816125,25.89275,28 g,2 x 8 oz,openfoodfacts,2
21000612192,cheese cream spread,Philadelphia,258.064516129032,2.8772064,2.8672161,25.97478,2 tbsp (31 g),,openfoodfacts,3
21000646036,kraft,Kraft,154.197879831414,0.127887798108553,6.96400673314145,13.4147472502056,,,openfoodfacts,1
21000653218,cheese mac three,Kraft,514.285714285714,14.2857142857143,71.4285714285714,17.1428571428571,1/3 box (2.5 oz / 70 g),7.25 oz (206 g),openfoodfacts,3
21000658831,cheese mac,Kraft,134.615384615385,3.84615384615385,19.2307692307692,0.384615384615385,1 portion (260 g),7.25oz,openfoodfacts,2
21001100162,mujadra,Steve’s Mediterranean,191.91919191919,3.5353535353535,12.626262626263,14.646464646465,1 container (198 g),7 oz,openfoodfacts,1
21130048366,cheddar cheese medium,Lucerne,406.25,21.875,3.125,34.375,3 slices (32 g),,openfoodfacts,3
21130063826,caesar chicken sandwich wrap,readymealsll,242.1875,11.72,19.53,11.72,0.5 WRAP (128 g),,openfoodfacts,4
21130113125,artisan bread wheat,,263.0,10.53,52.63,1.75,2 ONZ (57 g),,openfoodfacts,3
21130119363,bread cinnamon,,321.0,7.14,53.57,5.36,1 SLICE (28 g),,openfoodfacts,2
21130119653,bread enriched vienna,,260.0,8.0,46.0,4.0,2 SLICES (50 g),,openfoodfacts,3
21130120383,bread sandwich wheat,,255.32,8.51,48.94,2.13,2 SLICES (47 g),,openfoodfacts,3
21130121441,bread mini naan,Signature Select,223.15189743042,8.18811508178711,39.6186122894287,5.13238277435303,1 naan (50 g),,openfoodfacts,3
21130153121,prosciutto,PRIMO TAGLIO,214.285714285714,28.57,0.0,10.71,2 SLICES (28 g),3 oz,openfoodfacts,1
21130181520,bread cinnamon raisins with,,286.0,7.14,60.71,3.57,1 SLICE (28 g),,openfoodfacts,4
21130181988,bread enriched texas toast,,244.0,6.67,46.67,3.33,1 SLICE (45 g),,openfoodfacts,4
21130183425,crushed wheat,"Signature Select,Better Living Brands LLC",255.81395348837,9.3023255813953,48.837209302326,2.3255813953488,43 g (1 slice),24 oz,openfoodfacts,2
21130183555,bread country enriched white,Signature Select,302.325581395349,9.30232558139535,53.4883720930233,6.97674418604651,1 slice (43 g),,openfoodfacts,4
21130183562,bread premium sandwich white,,255.32,8.51,51.06,2.13,2 SLICES (47 g),,openfoodfacts,4
21130183654,bread honey wheat,,233.0,11.63,46.51,2.33,1.5 ONZ (43 g),,openfoodfacts,3
21130184002,bread enriched sandwich wheat,,243.9,9.76,43.9,2.44,2 SLICES (41 g),,openfoodfacts,4
21130198030,bread butter enriched top with,Signature Select,250.0,7.1428571428571,48.214285714286,2.6785714285714,2 SLICES (56 g),,openfoodfacts,5
21130281121,oats quick,Signature Select,364.0,13.3,57.9,6.51,0.5 cup (40 g),,openfoodfacts,2
21130298396,bread jewish rye,Signature Select,208.06365,8.42648375,46.46534375,1.94861,1 slice (43 g),24 oz (680 g),openfoodfacts,3
21130326167,juice,Safeway Kitchens,48.3870967741936,0.0,12.0967741935484,0.0,0.5 cup (124 g),125 g,openfoodfacts,1
21130330287,brie cheese ripened soft,Primo Taglio,300.0,16.6666666666667,6.66666666666667,23.3333333333333,1 serving (30 g),7 oz,openfoodfacts,4
21130381517,cheese queso,Lucerne,392.857142857143,25.0,3.57142857142857,32.1428571428571,0.25 cup (28 g),,openfoodfacts,2
21130411054,bacon turkey uncured,Signature SELECT,155.172413793103,21.4285714285714,0.0,8.92857142857143,1 slice (28 g),,openfoodfacts,3
21130522019,coconut shredded sweetened,Giverjoyed,337.52625,3.02821875,8.6503125,30.4640625,1 serving (15 g),,openfoodfacts,3
21131000097,beef premium seasoned,,210.0,5.0,21.5,11.5,1 cup (200 g),,openfoodfacts,3
21131301095,chicken meat tender white,,212.0,6.01,21.55,11.31,1 PIE (283 g),,openfoodfacts,4
21131301347,pies pot turkey,Marie callender’s,205.0,6.01,20.14,10.95,1 PIE (283 g),4,openfoodfacts,3
21131501259,pie pot turkey,,240.0,5.5,23.0,14.0,1 cup (200 g),,openfoodfacts,3
21131501266,beef pie pot,,200.0,6.5,20.0,10.5,1 cup (200 g),,openfoodfacts,3
21131501273,pie pot,,215.0,6.5,19.5,12.5,1 cup (200 g),,openfoodfacts,2
21131501303,chicken creamy parmesan pie pot,,215.0,7.0,18.0,13.0,1 cup (200 g),,openfoodfacts,5
21131501310,chicken chowder corn pie pot,,230.0,7.5,19.0,14.0,1 cup (200 g),,openfoodfacts,5
21131905651,cheesy chicken rice,Marie Callender's,106.382978723404,6.38297872340426,11.4893617021277,3.82978723404255,1 cup (235 g),,openfoodfacts,3
21425010139,parabien,Para bien,205.88235294118,14.705882352941,41.176470588235,1.4705882352941,,,openfoodfacts,1
21425011594,de pan papa,,285.71428571429,10.714285714286,53.571428571429,3.5714285714286,,,openfoodfacts,3
21511453833,pasta,Garo Falo,347.99,10.9,71.6,1.25,0.67 cup (95 g),500 g,openfoodfacts,1
21613022432,steak,Omaha Steaks,289.473684210526,2.63157894736842,36.8421052631579,14.0350877192982,1 serving (114 g),,openfoodfacts,1
21724605630,chicken chorizo,Supremo Foods Inc.,357.142857142857,15.7142857142857,2.85714285714286,11.4285714285714,1 portion (70 g),,openfoodfacts,2
21788506959,butter cookie,Lotus Biscoff,566.666666666667,1.0,17.0,11.0,1 portion (30 g),,openfoodfacts,2
21788586043,biscoff cookies,Lotus,150.0,2.0,23.0,6.0,31 g,,openfoodfacts,2
21882002647,crackers,La Unica,466.666666666667,13.3333333333333,66.6666666666667,16.6666666666667,3 crackers (30 g),11 oz,openfoodfacts,1
21908142753,cookie crunch,Cascadian Farm,404.761904761905,7.14285714285714,88.0952380952381,3.57142857142857,1 cup (42 g),,openfoodfacts,2
21908501673,browns hash,Cascadian Farm,65.0,1.3,15.58,0.0,1 serving (77 g),,openfoodfacts,2
22000020680,chews fruit mini sours starburst,Starburst,392.857142857143,0.0,89.285714285714,3.5714285714286,,,openfoodfacts,5
22000330536,chews fruit sour starburst,Starbursts,413.793103448276,0.0,82.7586206896552,8.62068965517241,6 pieces (29 g),,openfoodfacts,4
22652162011,biscuits butter coconut,Parrot,500.0,6.66666666666667,70.0,20.0,6 pieces (30 g),7 oz,openfoodfacts,3
23278101071,bacon cheddar cheese crisps,Sonoma Creamery,535.714285714286,19.4997395833333,8.53473958333333,23.9010416666667,1 portion (28.349 g),254g,openfoodfacts,4
24000003649,ananas,Del Monte,71.0,0.3,17.0,0.0,100 g,140g,openfoodfacts,1
24000106654,du fruit jacquier jeune,Del Monte Quality,19.0,1.0,0.9,0.0,,,openfoodfacts,4
24094002283,mascarpone pesto rosso with,De Cecco,283.333333333333,3.5902025,8.183325,24.77501,,,openfoodfacts,4
24100120901,cheez it,Kelloggs,466.666666666667,6.66666666666667,66.6666666666667,20.0,30g,12.4 oz,openfoodfacts,2
24100123285,cheesy cheez extra it,Kellog,500.0,10.0,60.0,26.6666666666667,26 crackers (30 g),21 oz,openfoodfacts,4
24100127641,cheez it nacho,Cheez It,482.758620689655,6.89655172413793,68.9655172413793,20.6896551724138,18 crackers (29 g),,openfoodfacts,3
24100128396,dip french onion,Cheez-it,500.0,6.66666666666667,66.6666666666667,23.3333333333333,26 crackers (30 g),,openfoodfacts,3
24100203628,baked crackers snack,CHEEZ-IT cheddar jack,500.0,10.0,60.0,26.6666666666667,26 crackers (30 g),3 OZ (85g),openfoodfacts,3
24100940295,baked cheddar crackers snack white,Cheez-It,517.241379310345,10.3448275862069,62.0689655172414,24.1379310344828,1 pouch (29 g),,openfoodfacts,5
24126008009,bread enriched sandwich thin,,255.0,8.51,46.81,3.19,2 SLICES (47 g),,openfoodfacts,4
24126010255,bread enriched sandwich thin white,BUNNY,250.0,7.14285714285715,50.0,3.57142857142857,1 SLICE (26 g),,openfoodfacts,5
24126010279,bread enriched soft twist white,Lewis Bakeries  Inc.,244.0,8.89,46.67,3.33,2 SLICES (45 g),,openfoodfacts,5
24126010446,sandwhch wheat,,255.31914893617,10.63829787234,44.68085106383,3.1914893617021,2 SLICES (48 g),,openfoodfacts,2
24126011740,rye soft,Chicago Baking Co.,250.0,10.71,46.43,3.57,1 SLICE (28 g),,openfoodfacts,2
24126013850,baken bread enriched hot serve,,250.0,9.38,46.88,3.12,1 PIECE (32 g),,openfoodfacts,5
24126014703,bread bursts cinnamon with,Cinnabon  Inc.,316.0,10.53,52.63,7.89,1.3 ONZ (38 g),,openfoodfacts,4
24126016899,bread iced,Lewis Bakeries Inc.,300.0,6.67,60.0,3.33,1 SLICE (30 g),,openfoodfacts,2
24126017186,bread hawaiian,Lewis Bake Shop,250.0,6.982965,48.0943125,7.757175,1 serving (28 g),12 oz,openfoodfacts,2
24126017247,honey wheat,Lewis,171.0,9.76,41.46,1.22,2 SLICES (41 g),,openfoodfacts,2
24126017759,bread sandwich thin,,250.0,8.33333333333333,47.9166666666667,3.125,48 g,567 g,openfoodfacts,3
24126018268,better keto way,Better Way,125.0,6.0,1.0,1.0,1 slice (28 g),16 oz,openfoodfacts,3
24126018312,bread keto,Lewis Bake Shop,125.0,5.0,10.0,1.0,1 slice (28 g),16 oz,openfoodfacts,2
24126018480,keto,Lewis,107.14285714286,17.857142857143,32.142857142857,3.5714285714286,,,openfoodfacts,1
24126018695,avocado bread seeds,Lewis Bake Shop,285.714285714286,10.7142857142857,42.8571428571429,7.14285714285714,28g,28 g,openfoodfacts,3
24126018701,avocado seeds,Better Way,160.714285714286,17.8571428571429,32.1428571428571,7.14285714285714,28g,454 g,openfoodfacts,2
24126018862,bread protein,Lewis Bread,133.333333333333,24.4444444444444,24.4444444444444,3.33333333333333,45g,45 g,openfoodfacts,2
24182000849,pumpkin seeds,Eden,606.060606060606,30.3030303030303,15.1515151515152,45.4545454545455,1 portion (33 g),,openfoodfacts,2
24182011005,sauerkraut,Eden Foods  Inc.,22.2222222222222,0.0,4.44444444444444,0.0,3 tbsp. (45 g),30 g,openfoodfacts,1
24300031076,honey oats,Sunbelt Bakery,444.444444444445,7.40740740740741,70.3703703703704,16.6666666666667,1 BAR (27 g),"9.5 oz (270 g), 10x 0.95 oz (27 g) bars",openfoodfacts,2
24300041068,brownie cosmic,Little Debbie,435.483870967742,3.2258064516129,66.1290322580645,17.741935483871,1 brownie (62 g),62 g,openfoodfacts,2
24300865954,cake snack zebra,"Little Debbie,  Mckee Foods Corporation",359.10546875,1.10578125,80.725,3.69140625,1 cake (87 g),87 g,openfoodfacts,3
24432167582,better mini twists,American Gourmet,500.0,7.1428571428571,64.285714285714,28.571428571429,,8 oz,openfoodfacts,3
24474002643,fruit punch,,58.333333333333,0.0,14.166666666667,0.0,,,openfoodfacts,2
25484007406,authentic kimchi korean,Pulmuone,53.5714285714286,1.07994798482143,2.99981759642857,0.162917607142857,1 serving (28 g),,openfoodfacts,3
25800023769,cheese marinara three ziti,Smart Ones,117.647058823529,4.70588235294118,16.8627450980392,3.13725490196078,1 package (255 g),9 oz,openfoodfacts,4
25911300056,bread potato soft,Vermont Bread Company,243.916796875,7.82677849264706,41.3808478860294,4.06565946691176,,24 oz,openfoodfacts,3
27000001011,diced petite,Hunt's,24.7933884297521,0.83,4.96,0.0,1/2 cup (121 g) (121 g),14.5 oz,openfoodfacts,2
27000378823,diced,Hunt's,24.7933884297521,0.83,4.96,0.0,1/2 cup (121 g) (121 g),,openfoodfacts,1
27000379097,crushed,Hunt's,37.1900826446281,1.65289256198347,7.43801652892562,0.0,0.5 cup (121 g),28 oz,openfoodfacts,1
27000388075,paste tomato,Hunt's,90.9090909090909,3.03030303030303,21.2121212121212,0.0,1 portion (33 g),6 oz,openfoodfacts,2
27000389638,puree tomato,Hunts,48.3870967741936,3.23,12.9,0.0,1/4 cup (62 g) (62 g),,openfoodfacts,2
27000523858,butter movie theater,Orville Redenbacher's,470.588235294118,5.88235294117647,52.9411764705882,29.4117647058824,2 tbsp unpopped (34 g),,openfoodfacts,3
27086180044,and cheese chicken mini tacos,DON MIGUEL,280.0,10.126582278481,29.1139240506329,11.3924050632911,4 mini tacos (79 g),,openfoodfacts,5
27331001285,street taco,La Banderita,283.333333333333,8.88888888888889,40.0,8.33333333333333,1 tortilla (18 g),12.7 oz,openfoodfacts,2
27331020606,corn tostadas,Olé,444.444444444444,7.40740740740741,62.962962962963,18.5185185185185,1 portion (27 g),,openfoodfacts,2
27331320577,fit protein wraps,Ole Mexican Foods,220.0,14.0,24.0,5.0,1 tortilla (50 g),,openfoodfacts,3
27400800764,country crock whipped,"Honey, cinnamon butter",70.0,0.0,9.52380952380952,66.6666666666667,1 tbsp (10.5 g),10.5 g,openfoodfacts,3
27541346039,peak promise protein shake,Peak Promise,48.3091787439614,8.45410628019324,0.966183574879227,1.08695652173913,1 bottle (414 ml),,openfoodfacts,4
27541346053,protein shake strawberry,Peak Promise,48.3091787439614,8.45410628019324,0.72463768115942,1.08695652173913,1 bottle (414 ml),414 mL,openfoodfacts,3
27541355093,hydration premium,QT Electrolyte Beverage,20.0,0.0,4.76923076923077,0.0,1 bottle (650 ml),,openfoodfacts,2
27595175005,pork skins,Dixon’s,500.0,64.2857142857143,0.0,28.5714285714286,0.05 z (14 g),,openfoodfacts,2
27862020120,firm tofu,Wo Chong,82.3529411764706,8.23529411764706,2.35294117647059,4.11764705882353,0.333 cup (85 g),16 oz,openfoodfacts,2
28000001384,baby instant mashed potatoes red,Idahoan,78.5714285714286,1.42857142857143,15.0,1.78571428571429,1 serving (140 g),,openfoodfacts,5
28000106102,strawberry,Nestlé,60.0,0.0,14.0,0.0,,,openfoodfacts,1
28029440577,crusted potato whitefish,Trident Seafoods,222.222222222222,12.3456790123457,20.3703703703704,9.87654320987654,1 portion (162 g),,openfoodfacts,3
28293000088,honey hot pork rinds,BRIMS,500.0,50.0,14.2857142857143,28.5714285714286,1 portion (14 g),,openfoodfacts,4
28400010702,chips potato,Lay's,567.375886524823,7.09,56.74,35.46,14.1 g,,openfoodfacts,2
28400047012,baked crisps potato,Lay's,392.857142857143,7.14285714285715,64.2857142857143,10.7142857142857,,,openfoodfacts,3
28400071031,creamy dip spinach,Tostitos,133.333333333333,3.125,6.25,10.9375,2 tbsp (32 g),425g,openfoodfacts,3
28400199636,cream onion sour,Lay's,571.428571428571,7.14285714285714,53.5714285714286,35.7142857142857,17 chips (28 g),7.75 oz,openfoodfacts,3
28400441070,cheddar cream sour,RUFFLES,571.428571428572,7.14285714285714,53.5714285714286,35.7142857142857,11 chips (28 g),,openfoodfacts,3
28400517829,bite rounds size tostitos,Tostitos,535.714285714286,7.14285714285714,64.2857142857143,25.0,22 chips (28 g),,openfoodfacts,4
28400517966,bite rounds size,Tostitos,535.714285714286,7.14285714285714,64.2857142857143,25.0,22 chips (28 g),,openfoodfacts,3
28400528467,tostitos,Tostitos,535.714285714286,7.14285714285714,64.2857142857143,28.5714285714286,15 chips (28 g),,openfoodfacts,1
28400564632,chips pita,Stacy's,500.0,10.7142857142857,67.8571428571429,17.8571428571429,8 chips (28 g),,openfoodfacts,2
28400589864,crunchy,Cheetos,571.428571428572,7.14285714285714,53.5714285714286,35.7142857142857,21 pieces (28 g),8.5 oz,openfoodfacts,1
28400705691,fries,CHESTER'S,535.714285714286,7.14285714285714,64.2857142857143,28.5714285714286,28g,5.25 oz,openfoodfacts,1
28400744508,chips,Miss Vickie's,535.0,7.14,60.71,28.57,15 chips (28 g),,openfoodfacts,1
28400769075,and cheddar cream sour,ruffles,160.0,2.0,15.0,10.0,28g,3 g,openfoodfacts,4
28400789967,cheesy dip smooth,Tostitos,161.290322580645,3.2258064516129,12.9032258064516,11.2903225806452,2 thsp (31 g),,openfoodfacts,3
28400789998,baked fried not,Lays,464.285714285714,7.14285714285714,71.4285714285714,14.2857142857143,28g,6.5 g,openfoodfacts,3
28400790901,beef cheese doritos jerky nacho,Jack Link’s,285.714285714286,39.2857142857143,17.8571428571429,5.35714285714286,10 z (28 g),,openfoodfacts,5
28400799973,cheddar cheetos puffs spicy white,Simply Cheetos Puffs,535.714285714286,7.14285714285714,57.1428571428571,32.1428571428571,32 pieces (28 g),,openfoodfacts,5
28448009003,hamentashen,Greens Homestyle,516.129032258065,6.45161290322581,61.2903225806452,25.8064516129032,1 cookie (31 g),,openfoodfacts,1
28833170608,bread naked oats sprouted,,279.0,18.6,46.51,3.49,1 SLICE (43 g),,openfoodfacts,4
29000073296,honey peanuts roast,PLANTERS,571.428571428572,20.99424865,18.02843,47.17402425,1 serving (28.349 g),28 g,openfoodfacts,3
29000075399,cashews honey roasted,Planters,547.619047619047,14.52464375,29.033,44.80084375,1 bag (42 g),1.5oz,openfoodfacts,3
29243000028,fideo,La Moderna,340.0,9.61,68.6,1.5,0.5 cup (55 g),,openfoodfacts,1
29700001452,cheese four mashed potatoes,Idahoan,78.5714285714286,2.14285714285714,13.5714285714286,1.78571428571429,1 serving (140 g),28 g,openfoodfacts,4
29714280096,battered mahi tempura,Orca Bay,189.473684210526,12.6315789473684,15.7894736842105,7.36842105263158,95 g,,openfoodfacts,3
29839700493,friendwich minis,Friendly's,279.41176470588,4.4117647058824,45.588235294118,8.8235294117647,2 sandwiches (68 g),,openfoodfacts,2
30000410004,oats,Quaker,364.0,13.3,57.9,6.51,1 portion (1.5 cup),10 pounds,openfoodfacts,1
30000580493,crunch mystery,Cap’n Crunch,394.736842105263,5.26315789473684,86.8421052631579,5.26315789473684,1 cup (38 g),,openfoodfacts,2
30000580820,cakes protein rice,quaker,464.285714285714,21.4285714285714,53.5714285714286,16.0714285714286,16 crisps,2.6 oz,openfoodfacts,3
30034017347,crushed in puree tomatoes,giant eagle,32.7868852459016,1.64,6.56,0.0,1/4 cup (61 g),,openfoodfacts,4
30034071875,cherries dark pitted sweet,giant eagle,71.4285714285714,0.714285714285714,15.7142857142857,0.0,1 cup (140 g),,openfoodfacts,4
30034934811,quinoa white,nature's basket,377.777777777778,13.333333333333,64.444444444444,5.5555555555556,,16 oz,openfoodfacts,2
30034951108,butter peanut powdered,nature's basket,416.666666666667,21.37725,18.52690625,47.20809375,12g,453 g,openfoodfacts,3
30084222081,bread raisin,,269.0,9.38,68.75,0.0,1.1 ONZ (32 g),,openfoodfacts,2
30086000144,crumpets sharrocks,Sharrock's Crumpets,212.0,7.69,46.15,0.0,1 CRUMPET (52 g),,openfoodfacts,2
30100211488,cheddar cheese crackers sandwich,Keebler,509.803921568627,7.84,58.82,25.49,1 Package (51 g),1.8oz,openfoodfacts,4
301305,potatoes roast,Sainsbury's,194.0,2.8,29.6,6.6,,,openfoodfacts,2
30223041566,caesar chopped kit,Taylor Farms,190.0,4.0,8.0,16.0,1 cup (100 g),,openfoodfacts,3
30223041719,bbq ranch,Taylor Farms,130.0,3.0,11.0,9.0,,,openfoodfacts,2
30223061151,crunch mediterranean,Taylor Farms,140.0,2.0,12.0,10.0,1 portion (100 g),560 g,openfoodfacts,2
30223061199,caesar chopped kit mini,Taylor Farms,200.0,4.0,7.2,17.6,1 container (125 g),4.42 oz,openfoodfacts,4
30223063094,crispy edamame rice,Taylor Farms,130.0,4.0,16.0,6.0,1 cup (100 g),547 g,openfoodfacts,3
30271034077,pizza sauce,Contadina,64.5161290322581,2.59677419354839,10.4032258064516,3.90322580645161,62g,62 g,openfoodfacts,2
30771094632,bacon chicken uncured,al fresco,291.666666666667,33.33,8.33,12.5,12g,12 g,openfoodfacts,3
30955476643,crusts pizza white,,260.0,3.33,50.0,4.7,1 ONZ (30 g),,openfoodfacts,3
31142523850,parmesan,BelGioioso,392.857142857143,32.1428571428571,3.57142857142857,25.0,1 portion (28 g),28 g,openfoodfacts,1
31146023318,and creamy spicy toomba,nongshim,445.255474452555,7.2992700729927,64.963503649635,17.5182481751825,1 bag (137 g),,openfoodfacts,4
31200261076,cran raspberry x,Ocean Spray,41.67,0.0,11.67,0.0,8 OZ (240 ml),64 Fl Oz (2QT.) 1.89 L,openfoodfacts,3
31493021319,bread pumpkin sandwich,,270.0,8.11,51.35,5.41,1.3 ONZ (37 g),,openfoodfacts,3
31506703164,sopressata,Dietz & Watson,357.142857142857,88.1849768073511,0.0,75.5921621192614,28.3495g,28 g,openfoodfacts,1
31535595617,shortbread strawberry,Knott's Berry Farm,421.052631578947,3.50877192982456,56.140350877193,19.2982456140351,1 package (57 g),,openfoodfacts,2
31677199728,bread mini pita white,Paramount Baking Co. Inc.,268.0,10.71,57.14,0.0,1 ONZ (28 g),,openfoodfacts,4
31683012516,pita white,Middle East Bakery,275.0,17.8571428571429,53.5714285714286,0.0,0.5 Loaf (28 g),,openfoodfacts,2
31683020313,pita,Middle east bakery,270.833333333333,16.6666666666667,52.0833333333333,0.0,1 pita (48 g),17 oz,openfoodfacts,1
31711000225,rye seeded,"Heidelberg Bread Company, Heidelberg Bread",220.0,7.32,43.9,0.0,1 SLICE (41 g),,openfoodfacts,2
31903049650,bran bread oat,,278.0,8.33,50.0,4.17,1 SLICE (36 g),,openfoodfacts,3
31903049667,bread rye seeded,,278.0,8.33,50.0,2.78,1 SLICE (36 g),,openfoodfacts,3
31903060938,dice potatoes,Basha’s Pantry,135.714285714286,1.42857142857143,15.7142857142857,7.14285714285714,1 portion (140 g),,openfoodfacts,2
32020929825,baked chicken rustic,Eat Clean Bro,156.756756756757,12.7027027027027,13.2432432432432,5.94594594594595,1 portion (370 g),,openfoodfacts,3
32100088633,cornbread,,421.0,5.26,47.37,22.81,2 ONZ (57 g),2 oz,openfoodfacts,1
322294,baby spinach,Trader Joe's,23.5294117647059,2.35294117647059,3.52941176470588,0.0,4 cups (85 g),,openfoodfacts,2
32251881770,butter peanut,CHESTNUT HILL,562.0,21.88,25.0,46.88,,16 oz,openfoodfacts,2
32394194508,kontos naan tandoori,,290.32258064516,9.6774193548387,48.387096774194,6.4516129032258,,,openfoodfacts,3
32812070117,queso white,Pancho's,241.379310344828,14.04,7.02,21.05,1 ONZ (28.5 g),,openfoodfacts,2
33332024277,oikos protein shake,,47.0,8.45,2.25,0.99,,,openfoodfacts,3
33337000153,extra firm tofu,Phoenix bean,35.2739907229404,4.58561879398226,1.41095962891762,1.58732958253232,1 serving (283.495 g),,openfoodfacts,3
33383510033,potatoes red,Potatoes Goodness Unearthed,74.3243243243243,1.81818181818182,22.7272727272727,0.0,1 potato (110 g),,openfoodfacts,2
33383530109,potatoes russet,Potatoes Goodness Unearthed,80.5,1.8,16.7,0.34,1 potato (148 g),2270 g,openfoodfacts,2
33383533001,potato,Eagle Eye Produce,74.3243243243243,2.02702702702703,17.5675675675676,0.0,1 portion (148 g),,openfoodfacts,1
33383570051,potatoes sweet,Simply Perfect,76.9230769230769,1.51,18.3,0.15,1 portion (114 g),3 lbs,openfoodfacts,2
33383666044,baby carrots,Grimmway Farms,35.2941176470588,0.63,7.59,0.25,8 pieces (85 g),32 oz,openfoodfacts,2
33383670027,radis,For You,130.0,1.17647058823529,3.52941176470588,0.0,7 radis (85 g),,openfoodfacts,1
33383671017,cucumbers,Red Hat Co-operative Ltd,15.6,0.64,2.54,0.11,,,openfoodfacts,1
33454000050,bread rye,,225.0,7.5,45.0,0.0,,,openfoodfacts,2
33613029250,chubby,Chubby,70.0,0.0,18.0,0.0,,,openfoodfacts,1
33617000484,crispbread,Wasa,434.644229910714,5.71516294642857,60.7041529017857,17.727,1 slice (15 g),6.1 oz (175 g),openfoodfacts,1
337007,mushroom risotto,Trader Joe's,114.537444933921,2.20264317180617,17.6211453744493,3.9647577092511,0.5 package (227 g),16 oz,openfoodfacts,2
33844006501,marinade mojo,"Badia,  Badia Spices Inc.",177.866666666667,0.0,44.4666666666667,0.0,15g,15 ml,openfoodfacts,2
34000031665,reeses,Reese's,516.12903225806,9.6774193548387,58.064516129032,29.032258064516,2 pieces (31 g),,openfoodfacts,1
34000070619,cookies creme n,Hershey's,500.0,7.69230769230769,65.3846153846154,26.9230769230769,26g,484g,openfoodfacts,3
34000458134,oreo,Reese’s,512.820512820513,10.2564102564103,61.5384615384615,28.2051282051282,39g,1.4 oz,openfoodfacts,1
34000459759,cookies creme n snoopy,Hershey’s,534.883720930233,4.65116279069767,67.4418604651163,25.5813953488372,1 bar (43 g),,openfoodfacts,4
34000490066,crispy crunchy reeses,Reese's,482.758620689655,10.3448275862069,58.6206896551724,27.5862068965517,0.333 bar (29 g),3.1oz,openfoodfacts,3
34000944576,brownie kisses rainbow,Hershey's,500.0,6.25,59.375,28.125,7 pieces (32 g),,openfoodfacts,3
34000945023,mini reeses,Reeses,500.0,7.69230769230769,61.5384615384615,26.9230769230769,3 pieces (26 g),,openfoodfacts,2
34000946334,kitkat size snack,KitKat,490.909090909091,3.63636363636364,67.2727272727273,25.4545454545455,1 package (55 g),,openfoodfacts,3
34361225260,aux danonino fruits,Danone,90.0,6.3,10.6,2.5,50,3×(6×50g),openfoodfacts,3
34361325250,activia fraise,Danone,85.7542375,2.831646875,11.642039375,2.984469375,125.0g,4 x 125 g,openfoodfacts,2
34361482892,citron hipro,Danone,53.0,9.3,3.7,0.1,160.0g,,openfoodfacts,2
34361482953,hipro,Danone,53.0,9.5,3.6,0.1,160.0g,,openfoodfacts,1
34361592867,activiez,Danone,116.0,5.90000009536743,15.1000003814697,3.09999990463257,170.0g,,openfoodfacts,1
34361690334,coco hipro saveur,Hipro,238.0,9.4,3.7,0.4,160.0g,,openfoodfacts,3
34361782213,aromatise yaourt,Danone,66.95652,3.3913,11.13043,0.6087,115.0g,115 g,openfoodfacts,2
34361974175,a boire skyr,Danone,60.0,6.0,8.6,0.2,270.0g,,openfoodfacts,3
34695122617,chicken rotisserie,Soules Kitchen,154.761904761905,22.6190476190476,3.57142857142857,4.76190476190476,1 serving (84 g),,openfoodfacts,2
34695122686,chicken southwest,John Soul Foods,130.952380952381,22.6190476190476,3.57142857142857,2.38095238095238,1 portion (84 g),,openfoodfacts,2
34695122860,chicken fajita,Soules Kitchen,130.952380952381,22.6190476190476,3.57142857142857,2.38095238095238,1 portion (84 g),8 oz,openfoodfacts,2
34731946818,base bio oat,,400.0,6.5,82.5,4.8,,,openfoodfacts,3
34800096413,de sardines spart,King Oscar,270.588235294118,15.2941176470588,2.35294117647059,22.3529411764706,1 can drained (85 g),,openfoodfacts,3
34856008187,fruit mixed snacks,Welch's,308.370044052863,1.0,17.0,0.0,22.7 g,0.8 oz (22.7 g),openfoodfacts,3
34952371116,mix southwestern,Fleet Farm,531.25,15.625,40.625,37.5,0.25 cup (32 g),,openfoodfacts,2
35127296609,bread medium pita white,,233.33333333333,6.6666666666667,46.666666666667,0.0,,290 g,openfoodfacts,4
35127296623,bread jumbo pita white,,236.36363636364,5.4545454545455,47.272727272727,0.0,,560 g,openfoodfacts,4
351416,bacon caesar chicken wrap,M&S,281.057268722467,11.3215859030837,23.4801762114537,15.2863436123348,1 portion (227 g),,openfoodfacts,4
35342910045,dried sun tomatoes,Bella Sun Luci,233.333333333333,10.0,50.0,0.0,2 tbsp (30 g),,openfoodfacts,3
35457776086,crust mama marys pizza,"Mama,Spartan Foods Of America  Inc.",220.0,2.0,44.0,4.0,0.5 CRUST (50 g),,openfoodfacts,4
35751114300,cake cheese coffee,Bon Appetit,316.591788678851,6.2882963210333,50.58047464774,9.10932017938523,1 portion (113 g),57 g,openfoodfacts,3
35751118285,crumb donuts,Appetit,330.0,4.0,58.0,10.0,,,openfoodfacts,2
35826049230,corn starch,Food Lion,362.0,0.43,89.2,0.25,10g,16 oz,openfoodfacts,2
35826098863,corn crisp n sweet,Food Lion,56.0,1.6,7.2,1.2,0.5 cup (125 g),,openfoodfacts,4
35826112767,fry marinade stir,Food lion,111.11111111111,5.5555555555556,22.222222222222,0.0,18g,14.5 oz,openfoodfacts,3
36035700028,bakery bread,Tortilla King  Inc.,235.0,11.76,44.12,4.41,1.2 ONZ (34 g),,openfoodfacts,2
36200431733,marinara sauce,Ragú,81.3008130081301,1.6260162601626,8.13008130081301,4.8780487804878,1 serving (123 g),123 g,openfoodfacts,2
36632008879,smoothie,,53.140096618357,2.8985507246377,10.628019323671,0.24154589371981,1 BOTTLE (207 ml),,openfoodfacts,1
36632008909,dairy drink,,72.0,2.42,14.49,0.72,1 BOTTLE (207 ml),,openfoodfacts,2
36632009746,dairy snack,Danone,120.0,6.0,14.0,4.0,1 CONTAINER (50 g),,openfoodfacts,2
36632010179,berry mixed smoothies,Danimals,65.0,2.15,11.83,0.54,1 BOTTLE (93 ml),,openfoodfacts,3
36632010711,birthday cake drinks smoothie strawberry,Danimals,53.7634408602151,2.1505376344086,11.8279569892473,0.0,1 BOTTLE (93 ml),,openfoodfacts,5
36632011442,oikos pro,Oikos,93.3333333333333,13.3333333333333,5.33333333333333,2.0,1 container (150 g),,openfoodfacts,2
36632014108,dairy danone danonino snack strawberry,"Danone,The Dannon Company  Inc.",107.0,4.76,14.29,3.57,1 CONTAINER (42 g),,openfoodfacts,5
36632018762,dairy dannon drink strawberry,"Dannon,  The Dannon Company  Inc.",72.0,2.42,14.49,0.72,1 BOTTLE (207 ml),,openfoodfacts,4
36632024275,protein shake,Oikos,50.7042253521127,8.45070422535211,2.53521126760563,1.12676056338028,1 botle (355 ml),12 oz,openfoodfacts,2
36632024961,brownie sundae,DANNON LIGHT + FIT,170.0,30.0,8.0,3.5,1 portion (355 ml),,openfoodfacts,2
36632025159,dairy danactive drink probiotic strawberry,Dannon,75.268817204301,3.2258064516129,13.978494623656,1.0752688172043,1 BOTTLE (93 ml),8-3.1 FL oz,openfoodfacts,5
36632026040,activia base peach,"Dannon,  The Dennon Company  Inc, Activia",70.7964601769911,3.53982300884956,11.5044247787611,1.32743362831858,1 container (113 g),,openfoodfacts,3
36632026354,activia base cherry,"Dannon, Activia",80.0,3.54,13.27,1.33,1 cup (113 g),,openfoodfacts,3
36632028570,activia banana base strawberry,"Dannon,Activia",80.0,3.54,14.16,1.33,1 CONTAINER (113 g),"4 oz., 113 g",openfoodfacts,4
36632029782,activia probiotic smoothie strawberry,,62.80193236715,3.3816425120773,9.1787439613527,1.6908212560386,1 BOTTLE (207 ml),,openfoodfacts,4
36632029911,activia base strawberry,"Activia,Danone",79.646,3.5398,13.2743,1.3274,,,openfoodfacts,3
36632032935,oikos strawberry,Dannon,79.646017699115,7.9646017699115,13.2743362831858,0.0,113 g,113 g,openfoodfacts,2
36632034656,activia peach,Danone,64.516129032258,3.2258064516129,10.752688172043,1.6129032258065,,,openfoodfacts,2
36632035981,activia banana drink probiotic strawberry,"Activia, Dannon, The Dannon Company  Inc.",77.0,3.3816425120773,12.07729468599,1.6908212560386,1 BOTTLE (207 ml),7 oz,openfoodfacts,5
36632036407,danonino,"Dannon,  The Dannon Company  Inc., Danimals",65.0,2.15,11.83,0.54,1 BOTTLE (93 ml),,openfoodfacts,1
36632036438,raspberry smoothie,"Dannon,  The Dannon Company  Inc., Danimals",53.763440860215,2.1505376344086,11.827956989247,0.0,1 BOTTLE (93 ml),,openfoodfacts,2
36632036469,kiwi smoothies strawberrystrawberry,"Danone, Danimals",53.763440860215,2.1505376344086,11.827956989247,0.0,,,openfoodfacts,3
36632040541,bottom fruit on strawberry the,too good & co.,66.6666666666667,8.66666666666667,4.66666666666667,1.66666666666667,1 container (150 g),,openfoodfacts,5
36632040701,banana strawberry,Too Good & Co.,90.9090909090909,5.05050505050505,11.1111111111111,3.03030303030303,99g,,openfoodfacts,2
36632041050,coffee cream creamer sweet,too good & co.,200.0,0.0,20.0,10.0,15mL,2 oz,openfoodfacts,4
36632042569,oikos peach pro,Oikos,86.6666666666667,13.3333333333333,4.0,2.0,1 container (150 g),,openfoodfacts,3
36632042583,berry mixed oikos pro,Oikos,86.6666666666667,13.3333333333333,4.0,2.0,1 portion (150 g),5.3oz,openfoodfacts,4
36632042668,oikos pro strawberry,Oikos,86.6666666666667,13.3333333333333,4.0,2.0,150g,150 g,openfoodfacts,3
36632055927,dannon strawberry,Danone,120.0,6.0,14.0,4.0,1 CONTAINER (50 g),,openfoodfacts,2
36632081292,soy,Silk,45.8333333333333,3.33333333333333,3.75,1.875,240mL,96 oz,openfoodfacts,1
36632081520,and spicy sweet,International Delight,233.333333333333,0.0,40.0,10.0,15mL,32 oz,openfoodfacts,3
36699727003,berries boysen,Northwest Wild Foods,62.5,0.892857142857143,14.2857142857143,0.0,1 cup (112 g),,openfoodfacts,2
36800006034,brown hash potatoes,crav'n,82.3529411764706,1.17579873165268,21.1643771697482,0.0,3 oz,,openfoodfacts,3
36800009967,dates pitted,food club,300.0,2.5,77.5,0.0,6 dates (40 g),8 oz,openfoodfacts,2
36800023864,bacon hardwood smoked,Food Club,444.444444444444,11.1111111111111,0.0,44.4444444444444,18 g,,openfoodfacts,3
36800040106,enriched macaroni product ziti,Good Club,357.0,12.5,73.21,1.79,0.667 cup (56 g),16 oz,openfoodfacts,4
36800051560,cheese muenster,food club,347.826086956522,21.8,0.56,27.4,1 slice (21 g),,openfoodfacts,2
36800178724,croutons ranch,,429.0,14.29,71.43,14.29,2 Tbsp (7 g),,openfoodfacts,2
36800458314,artisan bread white,,286.0,7.14,57.14,1.79,1 SLICE (28 g),,openfoodfacts,3
36800458352,bread robust white,,279.0,9.3,55.81,2.33,1 SLICE (43 g),,openfoodfacts,3
36800460522,bread round top wheat,,268.0,7.32,48.78,3.66,2 SLICES (41 g),,openfoodfacts,4
36800800557,preserves,Food Club,250.0,0.0,65.0,0.0,1 portion (20 g),20 g,openfoodfacts,1
37000740926,cinnamon fiber spice thins,Meta,454.545454545455,0.0,77.2727272727273,18.1818181818182,1 packet (22 g),264 g,openfoodfacts,4
373401,mascarpone tomato,Sainsbury's taste the difference,119.0,1.9,7.4,8.8,0.5 jar (160 g),,openfoodfacts,2
37600104999,butter peanut spread,SKIPPY,558.823529411765,7.0,14.0,12.0,2 Tbsp (34 g),462 gramos,openfoodfacts,3
37600130783,spam,Hormel,317.0,12.5,2.3,28.6,,340g,openfoodfacts,1
37600188081,pepperoni turkey,Hormel,160.0,30.0,0.0,16.6666666666667,17 slices (30 g),6 oz,openfoodfacts,2
37600355001,au in jus pork roast,Hormal,121.428571428571,18.5714285714286,0.714285714285714,5.0,2 oz meat and sauce (140 g),,openfoodfacts,5
37600591829,minis pepperoni,Hormel,500.0,17.8571428571429,0.0,46.4285714285714,1 sercing (28 g),28 g,openfoodfacts,2
38000222931,pop tarts,Kellogg's,385.416666666667,3.12,72.9,9.38,2 pastries (96 g),27 oz,openfoodfacts,2
38000270017,corn crispy crunch pops sweet,Kellogg's,375.0,5.0,90.0,0.0,1 serving (40 g),,openfoodfacts,5
38000311673,mini pancakes protein,Eggo,250.0,14.5833333333333,35.4166666666667,6.25,48g,8.4 oz,openfoodfacts,3
38000490668,crisps pastry strawberry,Kellogg's Vital K,400.0,4.0,80.0,8.0,1 portion (25 g),,openfoodfacts,3
38259124048,croutons premium,,428.57,14.29,71.43,14.29,2 Tbsp (7 g),,openfoodfacts,2
38618000297,pan tostado,,333.33333333333,11.111111111111,66.666666666667,2.7777777777778,,270 g,openfoodfacts,2
38629000910,assorted cookies,laoderna,175.0,1.25,26.25,7.5,,16 oz,openfoodfacts,2
38778001165,honey hot,Nature Nate's Honey Co.,333.333333333333,0.691666666666667,55.8533333333333,0.07,21g,16 oz,openfoodfacts,2
38900012267,ananas au en jus tranches,Dole,58.0,0.0,13.0,0.1,100 g,227g,openfoodfacts,5
38900029708,diced peaches,Dole,53.0973451327434,0.442477876106195,12.3893805309735,0.0,1 container (113 g),452g,openfoodfacts,2
38900030117,creme peaches,Dole,81.3008130081301,0.0,16.260162601626,1.6260162601626,1 serving (123 g),123 g,openfoodfacts,2
38900042370,mandarins,Dole,60.0,0.6,13.0,0.0,1 portion (113 g),,openfoodfacts,1
390453,sauce tomato,Trader Joe's,47.745425,1.42145,7.558645,0.444275,0.25 cup (63 g),15 oz,openfoodfacts,2
39047019874,bread butter pure short,Walkers,535.714285714286,7.14285714285714,60.7142857142857,28.5714285714286,2 pieces (28 g),250 g,openfoodfacts,4
39217013763,bread texas toast,,286.0,10.2,53.06,3.06,1 SLICE (49 g),,openfoodfacts,3
39217112039,pita pocket,,245.61403508772,8.7719298245614,43.859649122807,0.87719298245614,,,openfoodfacts,2
39400017004,chick peas,BUSH'S BEST,92.3076923076923,4.61538461538461,14.6153846153846,1.53846153846154,1 serving (130 g),130 g,openfoodfacts,2
39675777771,chips corn,Have'a,500.0,0.714375,9.32010416666667,0.2375,12 chips (28 g),28 g,openfoodfacts,2
39677345961,batard bread french white,Kroger,215.6863,7.8431,47.0588,0.9804,1/5 of loaf (51g),,openfoodfacts,4
39677613176,bread harvest sandwich,Wholesome Harvest Baking  Llc,257.0,8.57,45.71,5.71,1 SLICES (35 g),,openfoodfacts,3
39677873952,bread country white,Wholesome Harvest,256.0,6.98,44.19,4.65,1 SLICE (43 g),,openfoodfacts,3
39779004025,berry mixed parfait,Kitchen Cravings,104.545454545455,4.09090909090909,20.9090909090909,1.13636363636364,220 g,,openfoodfacts,3
39779014277,cheese puffs,,571.42857142857,7.1428571428571,50.0,39.285714285714,,7.0 oz,openfoodfacts,2
39779040047,bread rye swiss,,250.0,10.714285714286,50.0,3.5714285714286,,16 oz,openfoodfacts,3
39779041563,bismark custard,The Kwikery (Kwik Trip),361.702127659574,4.9645390070922,42.5531914893617,19.8581560283688,1 donut (141 g),,openfoodfacts,2
39978001290,a tvp,Bob's Red Mill,446.0,35.8,22.9,21.4,1 serving (23 g),,openfoodfacts,2
40000004356,twix,Twix,478.737389423077,6.34063745192308,60.4719826923077,22.8534665865385,1 pack (50.7 g),1.79oz,openfoodfacts,1
40000579816,butter mms peanut,m&m's,535.714285714286,10.7142857142857,57.1428571428571,28.5714285714286,16.0 pieces (28.0 g),255.2g,openfoodfacts,3
40000610755,basket twix,Twix,500.0,3.33333333333333,70.0,23.3333333333333,1 portion (30 g),,openfoodfacts,2
400169,brownies,Cocottes,426.0,6.8,41.0,26.0,,,openfoodfacts,1
40232143823,bread cinnamon joy pure,Entertainment Production House Inc.,333.0,7.02,50.88,12.28,1 SLICE (57 g),,openfoodfacts,4
40232288999,drink mix powder protein,PEScience,380.952380952381,76.1904761904762,6.34920634920635,3.17460317460317,1 scoop (31.5 g),30 oz,openfoodfacts,4
40232667381,banana parfait strawberry,,129.0,4.61,25.35,1.84,1 PACKAGE (217 g),,openfoodfacts,3
40232922169,corn sweet,,70.0,2.0,12.0,1.0,,12 oz,openfoodfacts,2
40345000013,peasant,Bread Alone Bakery,257.14285714286,8.5714285714286,51.428571428571,0.0,35.0g,20 oz,openfoodfacts,1
40697740506,muffins,Cafe Valley Bakery,366.7916015625,3.683689453125,70.83958203125,7.29636328125,1 serving (99 g),99 g,openfoodfacts,1
40822011747,hummus nut pine roasted,Sabra,266.666666666667,6.66666666666667,16.6666666666667,20.0,1 serving (30 g),28 g,openfoodfacts,4
40822043212,roasted seaweed snacks,,70.0,3.0,0.0,5.5,,,openfoodfacts,3
40822344883,avocado toast,Sabra,250.0,5.26315789473684,23.6842105263158,17.1052631578947,1 pack (76 g),,openfoodfacts,2
41000119767,iced mix sweetened tea,"Lipton,  Unilever",421.0,0.0,100.0,0.0,1.333 Tbsp (19 g),,openfoodfacts,4
41118009851,cheese five pizza,Ellio's,217.391304347826,8.69565217391304,33.0434782608696,5.21739130434783,2 slices (115 g),,openfoodfacts,3
41129077054,pasta sauce vodka,Classico,129.032258064516,1.6,7.2,2.8,1 serving (125 g),125 g,openfoodfacts,3
41130026577,brown n serve wheat,,269.0,11.54,46.15,3.85,1 ROLL (26 g),,openfoodfacts,4
41130483431,berry bread wheat,,264.71,8.82,52.94,2.94,1 SLICE (34 g),,openfoodfacts,3
41143049419,currants zante,SUN·MAID,300.0,2.5,77.5,0.0,1/4 cup (40 g),,openfoodfacts,2
41144654858,braided brich french,,340.0,14.0,50.0,12.0,50 g (50 g),,openfoodfacts,3
41144752080,bread market rye seeded shaws,,183.195414428711,6.10062438964844,45.4427654418945,0.965872009277344,,,openfoodfacts,5
41149402454,baton french,Tribeca Oven,285.714285714286,10.7142857142857,58.9285714285714,0.892857142857143,0.333 loaf (56 g),,openfoodfacts,2
41163975835,bread mountain oat,,250.0,7.5,47.5,2.5,1 SLICE (40 g),,openfoodfacts,3
41172810073,bread farm jewish rye,Associated Food Stores  Inc.,256.0,11.11,44.44,3.33,1 SLICE (45 g),,openfoodfacts,4
41172810820,shrimp,40 Knots Seafood,75.0,15.7142857142857,0.0,0.714285714285714,1 portion (140 g),,openfoodfacts,1
41190081691,honey mustard,Shoprite,200.0,0.0,20.0,0.0,1tsp 5g,12 oz,openfoodfacts,2
41190081745,and mustard spicy sweet,Bowl & Basket,200.0,0.0,20.0,0.0,1 tsp (5 g),12 oz,openfoodfacts,4
41190411351,peas petite,Shoprite,82.3529411764706,4.70588235294118,14.1176470588235,0.0,0.667 cup (85 g),16 oz,openfoodfacts,2
41190468911,cheese jack monterey,Shoprite,352.746128611238,24.6922290027867,0.0,28.2196902888991,1 serving (28.349 g),,openfoodfacts,3
41190576876,texas toast,Bowl & Basket,267.46275,7.509115,49.6903166666667,4.25829166666666,38g,1 g,openfoodfacts,2
41192102233,berries red,Special K,358.974358974359,0.0,87.1794871794872,0.0,1 cup (39 g),,openfoodfacts,2
41192102431,bran raisin,Kellogg's,322.033898305085,7.74625,65.36796875,1.51640625,59g,22.1 oz,openfoodfacts,2
41192103230,cocoa frosted mini wheats,Kellogg's,355.932203389831,8.47457627118644,83.0508474576271,2.54237288135593,22 Biscuits (59 g),20 oz,openfoodfacts,4
41192109157,creme strawberry,Special K Plus,404.761904761905,42.8571428571429,30.952380952381,19.047619047619,1.25 cup (42 g),8.1 oz,openfoodfacts,2
41192112478,baked cinnamon crunch,Kellogg's Special K,365.853658536585,7.31707317073171,85.3658536585366,2.4390243902439,1 cup (41 g),,openfoodfacts,3
41220109517,bite brownies two,H-E-B,421.052631578947,2.63157894736842,55.2631578947368,23.6842105263158,2 brownies (38 g),12 oz,openfoodfacts,3
41220177400,chia seed,H-E-B Organics,400.0,16.6666666666667,41.6666666666667,29.1666666666667,1 tbsp (12 g),16 oz,openfoodfacts,2
41220246847,pork rinds,HEB,571.428571428571,57.1428571428571,7.14285714285714,32.1428571428571,1 serving (14 g),5 oz.,openfoodfacts,2
41220294251,cheese snacks,H-E-B,380.95238095238,23.809523809524,4.7619047619048,28.571428571429,1 bar (21 g),,openfoodfacts,2
41220483563,peanuts raw,HEB Texas Roots,571.428571428571,25.0,17.8571428571429,50.0,14 cup shelled (28 g),,openfoodfacts,2
41220520763,cream sour,H-E-B,200.0,3.3333333333333,6.6666666666667,20.0,,,openfoodfacts,2
41220572649,pepperoni pizza uncured,MIGHTY CRUST by H-E-B,246.478873239437,0.92,15.9833333333333,0.315,0.5 pizza (269 g),4 oz,openfoodfacts,3
41220796137,hummus pepper red roasted,H-E-B Deli,210.526315789474,4.09401901041667,9.34531770833333,10.86883203125,1 portion (57 g),8 oz,openfoodfacts,4
41220797592,fries steak,Hill Country Fare,107.142857142857,2.38095238095238,19.047619047619,2.38095238095238,7 pieces (84 g),,openfoodfacts,2
41220831432,bbq chicken mesquite rotisserie,MEAL SIMPLE by H-E-B,200.0,22.3529411764706,1.17647058823529,12.9411764705882,,32 oz,openfoodfacts,4
41220848683,bread enriched extra thin white,H-E-B,269.23076923077,7.6923076923077,50.0,3.8461538461538,,24 oz,openfoodfacts,5
41220904105,rounds thin,H-E-B Bake Shop,232.55813953488,11.627906976744,51.162790697674,2.3255813953488,,,openfoodfacts,2
41220934881,heb,H-E-B,83.700440528634,1.5418502202643,11.894273127753,3.3039647577093,,,openfoodfacts,1
41220942602,cheddar extra new sharp york,H-E-B,392.857142857143,21.4285714285714,1.78571428571429,32.1428571428571,1 one ounce serving (28 g),28 g,openfoodfacts,5
41220954131,atun cubos en,H E B,89.0,20.0,0.0,1.0,100 g,,openfoodfacts,3
41224183100,anchovy paste,Roland,128.97549,18.596466,0.0,6.0688467,15g,15 g,openfoodfacts,2
41224701502,tahini,Roland,587.0,17.6,9.85,49.7,2 tbsp (28 g),16 oz (1 lb) 454 g,openfoodfacts,1
41224712409,coconut cream of,Roland,333.333333333333,0.0,66.6666666666667,7.69230769230769,1 tbsp (39 g),15 fl oz (425 g),openfoodfacts,3
41231000117,butter,Kate's,714.285714285714,0.0,0.0,78.5714285714286,1 serving (14 g),16 oz,openfoodfacts,1
41250506850,bread oat,Meijer,263.157894736842,7.01754385964912,45.6140350877193,3.50877192982456,2 ONZ (57 g),18 oz/510 g,openfoodfacts,2
41250948827,butter cream sweet,meijer,714.285714285714,2.87676,2.86677125,25.97075,1 tablespoon (14 g),14 g,openfoodfacts,3
41268188628,steaks tuna,Hannaford,107.142857142857,24.1071428571429,0.0,0.446428571428571,1 portion (112 g),,openfoodfacts,2
41268193479,mini peppers sweet,Hannaford,52.9411764705882,0.8,4.55,0.27,85g,85 g,openfoodfacts,3
41268197453,cheddar cheese fancy sharp shredded,"Hannaford,  Hannaford Bros. Co.",392.857142857143,21.4285714285714,7.14285714285714,32.1428571428571,0.25 cup (28 g),28 g,openfoodfacts,5
41268200467,crackers thin wheat,Hannaford,451.61290322581,6.4516129032258,70.967741935484,16.129032258065,,,openfoodfacts,3
41268207961,butter crunchy peanut,,133.0,8.67,15.33,4.67,150 g (150 g),,openfoodfacts,3
41268215539,protein whey,Hannaford,346.9387755102,61.224489795918,16.326530612245,5.1020408163265,49g,2 lb,openfoodfacts,2
41268251995,butter cookie peanut,Hannaford,518.518518518518,7.40740740740741,59.2592592592593,29.6296296296296,2 cookies (27 g),,openfoodfacts,3
41268690398,chip cinnamon muffin,Hannaford Bakery,396.551724137931,5.17241379310345,50.0,18.9655172413793,1 half muffin (58 g),,openfoodfacts,3
41271029499,coffee creamer,Dunkin',234.32923257176,0.0,35.149384885764,8.7873462214411,1 serving (15 ml),,openfoodfacts,2
41303018583,raisins,"Essential Everyday,  Supervalu  Inc.",321.0,3.0,73.2,0.9,28.000000000000004g,28 g,openfoodfacts,1
41303093238,dry peanuts roasted,Essential Everyday,642.85714285714,28.571428571429,14.285714285714,53.571428571429,1 serving (28 g),,openfoodfacts,3
41321005688,ranch,Wish Bone,400.0,0.0,0.0,43.3333333333333,1 portion (30 ml),,openfoodfacts,1
41322224514,scampi shrimp,SeaPak,300.0,7.14285714285714,2.14285714285714,28.5714285714286,140.0g,10 oz,openfoodfacts,2
41331015547,cherries maraschino,Goya,100.0,0.0,40.0,0.0,,6 oz,openfoodfacts,2
41331026352,enriched rice,Canilla,355.555555555556,6.67,80.0,0.0,45g,,openfoodfacts,2
41331038621,ketchup,Goya,3.5273,0.0,0.8818,0.0,,20 oz,openfoodfacts,1
41331039505,crackers soda,Goya,428.571428571429,7.14285714285715,71.4285714285714,10.7142857142857,,24 oz,openfoodfacts,2
41331039666,conchas pasta,Goya,200.0,6.0,41.0,1.0,,16 oz,openfoodfacts,2
41331059381,oat smoothie,,71.0,2.08,9.17,2.92,1 cup (240 ml),,openfoodfacts,2
41331096461,chicken empanada,Goya,239.130434782609,9.78260869565217,32.6086956521739,6.52173913043478,1 empanada (92 g),,openfoodfacts,2
41331125536,and carrots peas,Goya,30.72,1.92,5.76,0.0,125g,125 g,openfoodfacts,3
41335001768,caesar creamy,KEN'S,586.206896551724,1.93750859753839,0.543502540325293,54.3159734723321,1 serving (29 g),,openfoodfacts,2
41364882314,banana bites punch sour,Sour Punch,366.666666666667,3.33333333333333,83.3333333333333,3.33333333333333,10 pcs. (30 g),,openfoodfacts,4
41380199564,bread crumbs,Springfield,321.428571428571,10.7142857142857,75.0,0.0,28 g,,openfoodfacts,2
41387406467,bread c crumbs seasoned,4c,357.0,14.3,64.3,5.36,1 serving (28 g),,openfoodfacts,4
41390001451,sauce soy,Kikkoman,80.0,13.33,6.67,0.0,15g,1.2 L,openfoodfacts,2
41390021039,ponzu yuzu,Kikkoman,100.0,0.0,20.0,0.0,1 unit (15 ml),,openfoodfacts,2
41390030703,instant miso soup tofu,Kikkoman,350.0,30.0,30.0,10.0,1 serving (10 g),10 g,openfoodfacts,4
41390050060,bread crumbs panko,Kikkoman,366.66666666667,13.333333333333,80.0,0.0,1 serving (30 g),,openfoodfacts,3
41390050220,butter mix tempura,KIKKOMAN,366.66666666667,3.3333333333333,83.333333333333,0.0,0.25 cup (30 g),283.5 g,openfoodfacts,3
41415043305,ceasar croutons,Publix,428.571428571429,14.2857142857143,57.1428571428571,14.2857142857143,7 g,5 oz (141 g),openfoodfacts,2
41415069862,pepitas,Publix,600.0,30.0,16.666666666667,46.666666666667,,,openfoodfacts,1
41415147911,bread enriched whitesandwich,Publix,255.31914893617,8.5106383,51.063829787234,3.19148936,2 slices (47 g),20 oz,openfoodfacts,3
41415152915,brownie cookies cream,Publix Bakery,333.333333333333,1.75438596491228,56.140350877193,12.280701754386,1 brownie (57 g),,openfoodfacts,3
41415218338,and cheddar chips cream sour,Publix,500.0,7.14285714285714,60.7142857142857,28.5714285714286,13 chips (28 g),,openfoodfacts,5
41415387904,bread buttercrust,publix,230.7692,7.6923,46.1538,3.8462,,20 oz,openfoodfacts,2
41415389908,bran bread honey oat,,269.23076923077,11.538461538462,50.0,3.8461538461538,1 SLICE (26 g),,openfoodfacts,4
41415631625,butter potatoes sweet with,Publix,129.251700680272,1.36054421768707,19.7278911564626,5.4421768707483,0.5 cup (147 g),,openfoodfacts,4
41420089299,burst fruit juicy snacks,Black Forest,318.181818181818,4.54545454545455,72.7272727272727,0.0,1 pouch (22 g),,openfoodfacts,4
41433025383,caesar chicken wrap,Market Sandwich,270.491803278689,14.3556762343831,23.7894063312634,12.3048653437569,1 serving (243.806 g),,openfoodfacts,3
41449403205,cornbread honey mix muffin,Krusteaz,366.666666666667,6.66666666666667,83.3333333333333,0.0,0.071 package (30 g),35 g,openfoodfacts,4
41483024343,kemps,Kemps,452.77777777778,22.222222222222,75.0,6.9444444444444,1 bottle (236 ml),,openfoodfacts,1
41483045577,cream ice mini sandwiches,Kemps,279.411764705882,2.94117647058824,45.5882352941176,8.82352941176471,2 Sandwiches (68 g),,openfoodfacts,4
41497003501,bread wheat white,,258.0,9.68,48.39,4.84,1 SLICE (31 g),,openfoodfacts,3
41497026159,cashews roasted,Weis,566.666666666667,16.6666666666667,30.0,46.6666666666667,0.25 cup (30 g),,openfoodfacts,2
41497035618,fries potato sweet,weis,152.854858432885,2.35161320665977,17.6370990499483,7.05483961997931,1 portion (85.048 g),,openfoodfacts,3
41497081233,cheese pepperjack,Weis,357.142857142857,25.0,1.78571428571429,28.5714285714286,3 slices (28 g),28 g,openfoodfacts,2
41497299058,sauce sour sweet,Weis,142.857142857143,0.0,35.7142857142857,0.0,1 tbsp (14 g),,openfoodfacts,3
41498336905,brioche pumpkin,,280.0,6.0,46.0,8.0,1.76 ONZ (50 g),,openfoodfacts,2
41512128301,chicken oven roasted,First street,203.53982300885,24.7787610619469,0.0,12.3893805309735,1 serving (113 g),48 oz,openfoodfacts,3
41565141241,dips medium pace,Pace,26.8035320833333,1.09212643611111,4.00477255555556,0.283708804166667,1 portion (30 g),,openfoodfacts,3
41565285136,cheese nacho sauce,Pace,83.333333333333,1.6666666666667,8.3333333333333,5.0,,,openfoodfacts,3
41573225100,baked bread in store,Bakery Fresh Goodness,250.0,10.71,51.79,0.89,0.12 OF A LOAF (56 g),,openfoodfacts,4
41736080027,dried pesto sun tomato,Filippo Berio,483.333333333333,6.67,20.0,41.67,1/4 cup (60 g),,openfoodfacts,4
41757011574,cheese process product,The Laughing Cow,179.640718562874,2.0,1.0,2.0,1 portion (16.7 g),133 g,openfoodfacts,3
41757025717,cheese semisoft,Baby Mini Original,300.0,20.0,0.0,25.0,20g,4.2oz (120g),openfoodfacts,2
41757026066,cheese fat mini reduced semisoft,Babybel,250.0,5.0,0.0,3.0,1 piece (20 g),,openfoodfacts,5
41770097500,cinnamon squares toffee,Brown & Haley,531.25,3.125,56.25,34.375,32 g,,openfoodfacts,3
41780351531,hards,UTZ,336.82725,9.66351125,67.749,1.5,25g,16 oz,openfoodfacts,1
41953005117,aroma crema e,Lavazzs,100.0,6.66666666666667,13.3333333333333,0.0,2 tbsp (15 g),,openfoodfacts,3
41981050004,bread corn,,326.0,4.2,53.62,10.14,1 LOAF (69 g),,openfoodfacts,2
42272001019,cheese pizza,Amy's,252.032520325203,7.21909780649038,38.6936463341346,5.76284630408654,1 serving (123 g),369g,openfoodfacts,2
42272003525,burrito dairy non,Amy's,173.076923076923,5.12820512820513,27.5641025641026,5.12820512820513,1 package (156 g),,openfoodfacts,3
42272003532,burrito cheddar cheese,Amy's,185.897435897436,5.76923076923077,26.9230769230769,5.76923076923077,1 package (156 g),,openfoodfacts,3
42400905011,crispy rice,Malt-O-Meal,390.243902439024,6.40436,74.46,0.83719,1.5 cup (41 g),33 g,openfoodfacts,2
42421500646,bread roasted turkey,Boar's Head,107.142857142857,13.0,1.0,1.0,,7 oz,openfoodfacts,3
42608630081,cherry juice pure tart,Lakewood,52.0,0.8,12.0,0.0,,,openfoodfacts,4
42743330105,cookies roscaricas,El Mexicano,400.0,6.66666666666667,73.3333333333333,10.0,8 pieces (30 g),,openfoodfacts,2
42800107008,party pizza supreme,Totino's,232.258064516129,5.80645161290323,25.1612903225806,12.258064516129,0.5 pizza (155 g),,openfoodfacts,3
42800107664,bites mini snack,Totino's,245.0,6.86,33.33,9.8,20 ROLLS (102 g),,openfoodfacts,3
42800108005,party pizza,Totino's,234.89932885906,6.04026845637584,25.503355704698,12.0805369127517,1 serving (149 g),,openfoodfacts,2
42800114006,party pepperoni pizza,Totino's,248.275862068966,6.89655172413793,26.8965517241379,12.4137931034483,0.5 pizza (145 g),,openfoodfacts,3
42800116000,combination party pizza,Totino's,243.421052631579,6.57894736842105,25.0,12.5,0.5 pizza (152 g),,openfoodfacts,3
43000002742,creamy extra,Cool Whip,333.33333333333,0.0,22.222222222222,22.222222222222,,,openfoodfacts,2
43000043011,coffee,Gevalia kaffe,396.6,14.4,40.2,15.4,,340 g ,openfoodfacts,1
43000059531,drink mix sweet tea,Crystal Light,2.64172316431941,0.0,0.528344632863882,0.0,1 Serving (1 Cup) (8 fl oz),1 g,openfoodfacts,4
43000208120,cheesecake,JELLO,25.0,0.0,5.0,0.0,7g,1 oz,openfoodfacts,1
43000228029,kraft minute tapioca,"Kraft Foods, Kraft",254.65,0.0125,63.785,0.025,6g,8 oz,openfoodfacts,3
430203,chicken just,Trader Joe's,107.142857142857,21.4285714285714,0.0,2.38095238095238,1 portion (84 g),16 oz,openfoodfacts,2
43119011697,cookies cream n,Byrne Dairy,228.260869565217,3.26086956521739,28.2608695652174,10.8695652173913,0.667 cup (92 g),,openfoodfacts,3
43301305818,famous fries seasoned,Checkers Rally's,166.666666666667,2.0,21.0,5.0,17 pcs (84 g),12 oz,openfoodfacts,3
43301612022,fries potato seasoned sweet,Checkers Rally's,166.666666666667,1.19047619047619,26.1904761904762,5.95238095238095,25 pieces (84 g),,openfoodfacts,4
43647002761,butter peanut smooth,Wilkin & Sons,601.0,27.0,13.0,47.0,1 portion (100 g),,openfoodfacts,3
43695000115,hot pepperoni pizza pockets,HOT POCKETS,171.075,7.11395714285714,17.8331428571429,7.50145982142858,1 container (127 g),,openfoodfacts,4
43695166910,pepperoni pizza,Hotpockets,252.289073813993,8.2566587644357,37.4777806738821,6.8851376895148,1 serving (127 g),36 unit,openfoodfacts,2
43757000077,drink horchata instant rice,Natura's,410.0,3.85,84.62,5.13,8 OZA (39 g),14 oz,openfoodfacts,4
43832125275,bread sprouted wheat,Angelic Bakehouse,214.285714285714,14.2857142857143,42.8571428571429,1.78571428571429,28 g,28 g,openfoodfacts,3
44000020187,bites butter nutter,Nabisco,500.0,8.375356875,61.9818375,11.2433125,1 packet (28 g),1 oz,openfoodfacts,3
44000032142,mini oreos,Nabisco,472.0,5.6,67.0,19.0,9 cookie (29 g),,openfoodfacts,2
44000034832,crackers fresh stacks,Ritz,466.666666666667,7.47444444444444,55.1281444444444,19.761,5 crackers (15 g),11.6 oz (328 g),openfoodfacts,3
44000036584,butter cookies nutter,Nabisco,480.0,8.0,68.0,20.0,2 cookies (25 g),3.5oz,openfoodfacts,3
44000040604,biscuits breakfast,belVita,460.0,6.0,72.0,16.0,4 biscuits (50 g),1.76oz,openfoodfacts,2
44000044718,rice snacks,Good Thins,419.354838709677,6.45161290322581,83.8709677419355,4.83870967741935,18 pieces (31g),3.5oz,openfoodfacts,2
44000045463,corn rice snacks,Good Thins,400.0,2.0,25.0,1.5,40 pieces (30 g),100g,openfoodfacts,3
44000046316,butter cookies peanut sandwich,Nutter Butter,464.285714285714,8.548106,63.09636,9.53795,2 cookies (28 g),16 oz (453 g),openfoodfacts,4
44000051334,crackers triscuit,triscuit,428.571428571429,10.71,71.43,14.29,6 crackers (28 g) (28 g),,openfoodfacts,2
44000075835,cheese cracker ritz sandwiches,RITZ,526.315789473684,9.15306849429482,40.8147698332134,32.6774878451699,1 pack (38 g),,openfoodfacts,4
44000080037,biscuit breakfast cinnamon oat,BelVita,401.0,6.01,64.13,16.03,1 pack (biscuit),1.76 oz,openfoodfacts,4
44000080105,mini oreo,OREO,148.0,1.0,0.0,5.0,28g,,openfoodfacts,2
44000082857,cakesters oreo,Nabisco,466.666666666667,6.66666666666667,70.0,20.0,10 cookies (30 g),,openfoodfacts,2
44020206103,pizzasaus,Peppes Pizzq,62.0,2.0,11.0,0.6,1 boks (180 g),,openfoodfacts,1
44082001029,cocoa peanut powder protein,Once Again,375.0,56.25,25.0,6.25,2 tbsp (16 g),,openfoodfacts,4
44082045412,creamy tahini,Once Again,700.0,20.0,13.3333333333333,63.3333333333333,1 serving (30 g),16 oz,openfoodfacts,2
44115308354,creamy dip n rich spinach,Cedar's,178.571428571429,3.57142857142857,10.7142857142857,14.2857142857143,2 tbsp (28 g),,openfoodfacts,5
44261490446,mini muffins,Abe's,416.666666666667,4.16666666666667,62.5,18.75,24g,24 g,openfoodfacts,2
44261732676,abes cake carrot,Hungryroot,361.702127659574,4.25531914893617,48.936170212766,14.8936170212766,0.5 loaf (47 g),,openfoodfacts,3
44276023059,confetti parfait,,91.0,1.82,18.18,0.91,1/2 cup (110 g),,openfoodfacts,2
44276028054,parfait strawberry,,91.0,1.01,18.18,1.01,1 CONTAINER (99 g),,openfoodfacts,2
44276029136,corn dip street sweet,Fresh Cravings,266.666666666667,6.66666666666667,10.0,23.3333333333333,2 tbs (30 g),,openfoodfacts,4
44400154406,fish,Gorton's,200.0,9.2307692307692,23.076923076923,7.6923076923077,1 fillet (65 g),18.3 oz,openfoodfacts,1
44500003185,bacon ciabatta sandwich turkey,Hill Shire Farm,249.878422109973,5.9879676780352,38.7203250904141,6.9731186554466,152g,304 g,openfoodfacts,4
44500966503,ham honey,Hillshire Farm,125.0,16.0714285714286,7.14285714285715,4.46428571428572,2 ONZ (56 g),16 oz,openfoodfacts,2
44500976496,ham smoked,Hillshire Farm,107.142857142857,17.86,1.79,1.79,2 ONZ (56 g),,openfoodfacts,2
445153,creamy mix peppercorn sauce,Sainsbury's,590.0,13.5,53.2,8.6,,,openfoodfacts,4
44700019900,bacon cut thick,Oscar Mayer,500.0,37.5,0.0,37.5,1 skillet cooked slice (16 g),16 oz.,openfoodfacts,3
44987841188,soft supreme tofu,99 Ranch,70.5483961997931,5.87903301664942,2.35161320665977,3.52741980998965,4.5 servings (85.048 g),,openfoodfacts,3
45204678938,peppouri,Micks,266.666666666667,0.0,66.6666666666667,0.0,1 tsp (6 g),8 oz,openfoodfacts,1
45243420024,cream soda sprecher thc,Sprecher,63.3802816901408,0.0,15.7746478873239,0.0,1 portion (355 ml),,openfoodfacts,4
452991,cheddar cheese crispies,MARKS & SPENCER,359.5,10.636,41.25,15.95,1/3 can (29 g),220 g,openfoodfacts,3
45340010005,sandwich soft super,Ölz,258.0,7.90000009536743,47.0,3.70000004768372,750.0g,,openfoodfacts,3
45674528474,bread enriched potato,,250.0,7.14,50.0,3.57,1 SLICE (28 g),,openfoodfacts,3
45674530712,bread enriched market star white,"Star,  Supervalu  Inc.",279.0,6.98,53.49,3.49,1 SLICE (43 g),,openfoodfacts,5
46000287324,dinner imp kit soft taco,Old El Paso,253.52112676056,5.6338028169014,42.253521126761,7.0422535211268,"2 tortillas, 2 1/2 tsp seasoning, 1 Tbsp sauce (71 g) (71 g)",354g,openfoodfacts,5
46100020487,baby ceese creamy swiss,Sargento,388.888888888889,22.2222222222222,0.0,33.3333333333333,1 slice (18 g),6 oz,openfoodfacts,4
46100354056,cheese crackers,Sargento Balanced Breaks,231.430725842714,14.6595229576528,2.53471673846244,17.7062544714908,1 tray (42 g),,openfoodfacts,2
46567033129,bread honey sandwich wheat,,279.0,11.63,53.49,2.33,1 SLICE (43 g),,openfoodfacts,4
470377,bake cheese pasta three,Sainsbury's,142.4,6.13333333333333,14.4,6.4,0.5 pack (375 g),,openfoodfacts,4
47117082673,chicken white,Butterfield,125.0,17.857142857143,1.7857142857143,5.3571428571429,1 servings (56 g),,openfoodfacts,2
472593,breakfast pizza,QT Kitchens,181.818181818182,7.07070707070707,22.7272727272727,7.07070707070707,1 portion (198 g),,openfoodfacts,2
47677485372,cream ice minis,Snickers,379.62962962963,6.94444444444444,38.4259259259259,24.0740740740741,1 carton (216 g),,openfoodfacts,3
47834064099,sauce soy sweet,Baycliff Company  Inc.,249.399609375,3.174890625,60.1910703125,0.65478515625,1 portion (15 ml),,openfoodfacts,3
47861000039,cheese imos pizza,Imo’s,258.62068965517,11.206896551724,23.275862068966,13.793103448276,0.25 pizza (126 g),,openfoodfacts,3
48000000668,fancy oysters smoked,Chicken of the Sea,141.509433962264,6.44544,2.87956,14.12486,1 serving (85 g),56 g,openfoodfacts,3
48000000682,crabmeat white,Chicken Of The Sea,61.9469026548673,14.1592920353982,1.76991150442478,0.442477876106195,1 can drained (113 g),56 g,openfoodfacts,2
48000250650,camp tuna van,Van camp Tuna,193.548387096774,27.4193548387097,0.0,8.06451612903226,4 serving size (62 g),,openfoodfacts,3
48121108021,crannies nooks toast,Thomas',237.363745958077,7.19848184892308,47.3014740581154,1.07226419469231,1 serving (57 g),57 g,openfoodfacts,3
48121184070,toast,Thomas',210.526315789474,7.01754385964912,40.3508771929825,1.75438596491228,1 portion (57 g),6 muffins,openfoodfacts,1
48121189044,pita pockets white,Thomas,298.0,10.53,54.39,2.63,1 LOAF (57 g),,openfoodfacts,3
48210510001,chia samen,Seeberger,460.0,21.3333333333333,8.0,32.0,15 g,,openfoodfacts,2
48564600038,raspadas tostadas,GUERRERO,440.0,8.0,72.0,14.0,25g,8.8 oz,openfoodfacts,2
48707444505,cheddar dip stadium,Old Fashioned Cheese,150.0,3.33333333333333,10.0,10.0,2 tbsp (30 g),15 oz,openfoodfacts,3
49000026207,fanta strawberry,Fanta,45.685279187817,0.0,12.690355329949,0.0,,20 fl oz,openfoodfacts,2
49000027624,purified water,Dasani,0.0,0.0,0.0,0.0,1 bottle (499.792 g),500 ml,openfoodfacts,2
49000028911,coke diet drink soft,Coke,0.0,0.0,0.0,0.0,1 can (354.9 mL),144 fl oz,openfoodfacts,4
49000028928,soda sprite,Sprite,39.43661971831,0.0,10.704225352113,0.0,12fl oz,144 fl oz,openfoodfacts,2
49000030754,soda strawberry,Fanta,45.070422535211,0.0,12.676056338028,0.0,,,openfoodfacts,2
49000037111,soda zero,Sprite,0.0,0.0,0.0,0.0,355ml,,openfoodfacts,2
49000067224,coke diet mini,Diet Coke,0.0,0.0,0.0,0.0,,,openfoodfacts,3
494519,antipasti cheddar smokey tomato,Sainsbury's Taste The Difference,212.0,8.0,5.2,17.1,1 pack (160 g),,openfoodfacts,4
49705544433,butterbread,,250.0,10.71,46.43,3.57,1 ONZ (28 g),,openfoodfacts,1
49705547557,bread pita wheat,Market Basket,333.33333333333,13.333333333333,66.666666666667,1.6666666666667,,,openfoodfacts,3
49705572511,cake cinnamon crumb,Market Basket,442.477876106195,5.30973451327434,56.6371681415929,21.2389380530973,1 portion (113 g),,openfoodfacts,3
50000724512,butterbeer,Nestlé Coffee mate,176.470588235294,0.0,29.4117647058824,5.88235294117647,1 Tbsp (17 g),,openfoodfacts,1
50400085022,bread enriched sandwich,,255.32,8.51,51.06,2.13,2 SLICES (47 g),,openfoodfacts,3
50400105201,bread rainbo sandwich white,Bimbo Bakeries Usa  Inc.,269.0,7.69,50.0,2.88,2 SLICES (52 g),,openfoodfacts,4
50400107366,bread texas toast white,,232.56,6.98,48.84,2.33,1 SLICE (43 g),,openfoodfacts,4
50400235021,bread premium sandwich wheat,,255.0,8.51,48.94,3.19,2 SLICES (47 g),,openfoodfacts,4
50428001042,jerky teriyaki,Well Market,250.0,35.7142857142857,28.5714285714286,1.78571428571429,1 portion (28 g),,openfoodfacts,2
50428001127,beef jerky marinated,Well Market,321.428571428571,32.1428571428571,32.1428571428571,7.14285714285714,1 portion (28 g),,openfoodfacts,3
50428072882,chickpeas roasted sriracha sweet,Well Market,428.571428571429,17.8571428571429,64.2857142857143,10.7142857142857,1 serving (28 g),5 oz,openfoodfacts,4
50428073834,fruit mix nut probiotic,Well,466.666666666667,6.66666666666667,60.0,23.3333333333333,30g,30 g,openfoodfacts,4
50428087244,peanuts roasted,Well Market,571.428571428571,21.4285714285714,14.2857142857143,50.0,0.25 cup (28 g),16 oz,openfoodfacts,2
505611,brioche toasts,Trader Jacques,326.854,9.53689375,65.37776,1.5520275,1 portion (17 g),,openfoodfacts,2
507301,burrata,Taste The Difference,259.0,10.6,1.5,23.3,1 portion (100 g),,openfoodfacts,1
50754003086,chorizo,Silva Sausage Co. Inc.,246.917935060583,17.6369953614702,1.76369953614702,17.6369953614702,1 portion (56.699 g),,openfoodfacts,1
51000024213,beef broth swanson,Swanson,20.0,0.85,0.43,0.0,1 cup (1 cup),,openfoodfacts,3
51000128041,baked cheesy potato soup,Campbell's Chunky,74.0161779608008,3.13909257034926,8.6534594493336,2.8712804695483,0.475 can (240 ml),533 g,openfoodfacts,4
51000208262,cheddar texas toast,Pepperidge farm,283.967708333333,8.11263541666667,38.0232291666667,13.3754166666667,1.6 ONZ (45 g),,openfoodfacts,3
51000210777,cheese texas toast,,333.33,11.11,33.33,17.78,Amount per serving (45 g),,openfoodfacts,3
51000284310,cremini pomodoro,prego,58.333333333333,1.6666666666667,10.0,1.25,,,openfoodfacts,2
51000289469,creamy parmesan pesto,Prego,141.86328125,4.95787760416666,6.34177083333333,10.9938802083333,60mL,411 g,openfoodfacts,3
51000292612,cheddar cheese soup white,Campbell’s,80.0,2.0,10.0,3.5,1 portion (120 ml),,openfoodfacts,4
51031001023,bread pita pocket,,245.61403508772,7.0175438596491,50.877192982456,0.87719298245614,,,openfoodfacts,3
51179112308,chana powder roasted,Swad,400.0,16.0,56.0,12.0,1 portion (25 g),,openfoodfacts,3
51179306608,rusk toast,,440.0,12.0,72.0,12.0,,,openfoodfacts,2
51179340008,amchur powder,Swad,100.0,0.0,20.0,0.0,1 tbsp (5 g),,openfoodfacts,2
51179984509,paneer samosa tikka,Swad,306.666666666667,9.33333333333333,29.3333333333333,17.3333333333333,1 piece (75 g),,openfoodfacts,3
51179996700,bread naan tandoori,Swad,317.647058823529,8.23529411764706,55.2941176470588,7.05882352941176,1 piece (85 g),,openfoodfacts,3
51500012291,jam strawberry,Smucker's,250.0,0.0,65.0,0.0,20 g,18 oz,openfoodfacts,2
51500040614,peach preserves,Smucker's,58.8235294117647,0.0,29.4117647058824,0.0,17 g,361 g,openfoodfacts,2
51500240953,butter crunchy extra peanut,Jif,575.757575757576,19.9503,19.803975,47.0569125,1 serving (33 g),48 oz,openfoodfacts,4
51500254998,butter creamy fat peanut reduced,Jif,527.777777777778,19.4444444444444,41.6666666666667,33.3333333333333,2 tbsp (36 g),40 oz,openfoodfacts,5
51500255780,butter honey peanut spread,Jif,593.75,20.5882352941176,29.4117647058824,44.1176470588235,1 serving (34 g),,openfoodfacts,4
51511030222,amish fresh kefir made,Fresh Made Inc.,62.0,3.33,5.0,3.33,1 cup (240 ml),,openfoodfacts,4
51511033148,happy kefir kids,,62.0,3.33,5.0,3.33,1 cup (240 ml),,openfoodfacts,3
51511070068,cheese farmer,Fresh Made Inc.,160.0,10.4,4.0,11.2,100,16 oz,openfoodfacts,2
51511072345,fat fresh kefir made non,Fresh Made Inc.,38.0,3.75,5.0,0.0,1 cup (240 ml),,openfoodfacts,5
51511742194,fresh kefir made peach,Fresh Made Inc.,50.0,3.75,7.5,2.08,1 cup (240 ml),,openfoodfacts,4
51721001098,bread dark rye,Klosterman,244.0,9.76,43.9,2.44,1 SLICE (41 g),,openfoodfacts,3
51933356405,bread crumbs seasoned,Marcum,382.0,14.71,70.59,4.41,0.25 cup (34 g),,openfoodfacts,3
51933702301,baked bread fresh,,320.0,8.0,60.0,4.0,1 SLICE (25 g),,openfoodfacts,3
52000052701,fruit passion,Propel,0.846023688663283,0.0,0.0,0.0,1 bottle (591 ml),,openfoodfacts,2
52000054897,water,Gatorade,0.0,0.0,0.0,0.0,360 mL,33.8 g,openfoodfacts,1
52000061963,booster hydration,Gatorade,300.0,0.0,80.0,0.0,10g,,openfoodfacts,2
52000065404,zero,Gatorade,0.0,0.0,0.0,0.0,355 mL,12 fl oz,openfoodfacts,1
52100371450,mayonesa mayonnaise,McCORMICK,714.285714285714,0.0,0.0,78.57,1g,,openfoodfacts,2
52159013363,probiotic smoothie strawberry,Stonyfield ORGANIC,62.1468926553672,3.38983050847458,9.6045197740113,1.12994350282486,1 portion (177 ml),6 fl oz,openfoodfacts,3
52200011362,prebiotics smoothie with,Beech-Nut,70.0,1.0,16.0,1.0,1.0g,,openfoodfacts,3
52417000166,bread onion rye,,267.0,10.0,53.33,0.0,1 SLICE (30 g),,openfoodfacts,3
52417000265,bread cracked new wheat york,,267.0,10.0,53.33,0.0,1 SLICE (30 g),,openfoodfacts,5
52548693329,fried pork rinds,Seven Select,571.42857142857,50.0,7.1428571428571,35.714285714286,5 pieces (14 g),,openfoodfacts,3
53000004332,cheddar habanero,Borden,411.764705882353,23.5294117647059,5.88235294117647,29.4117647058824,1 slice (17 g),6 oz,openfoodfacts,2
531559,corn roasted,Trader Joe's,242.424242424242,8.1,67.2,3.7,0.67 cup (93 g),454g,openfoodfacts,2
533713,cheddar corn puffs white,Trader Joe's,500.0,7.14285714285714,71.4285714285714,17.8571428571429,53 pops (28 g),7 oz,openfoodfacts,4
53600000284,u,La Yogurt,112.0,4.12,21.76,0.88,1 CONTAINER (170 g),,openfoodfacts,1
53600164344,dahi desi,Desi Natural,70.588,4.11764705882353,5.882,2.941,1 serving (170 g),,openfoodfacts,2
54028367911,drink probiotic,Yakult,93.75,1.5625,21.875,0.0,80ml,80 ml,openfoodfacts,2
542258,crust pizza,Trader Joe's,289.689915364583,7.44785221354166,45.9986178385416,7.30086263020832,0.25 crust (53 g),15 oz,openfoodfacts,2
54400000405,country dijon mustard,Grey Poupon,100.0,0.0,0.0,0.0,5 g (1 tsp),8 oz,openfoodfacts,3
545471,pizza,Kent Keik,289.156626506024,13.855421686747,26.5060240963855,13.855421686747,1 portion (166 g),,openfoodfacts,1
546119,coconut water,Tesoro Natural,21.0,0.0,5.8,0.0,,,openfoodfacts,2
54627210083,baked brie brioche,Stonemill Kitchens,353.0,16.47,16.47,24.71,1 SLICE (85 g),,openfoodfacts,3
54800423392,jasmine ready rice,Ben's Original,175.0,1.76,19.5,0.2275,1 pouch (240 g),,openfoodfacts,3
54800423477,brown quinoa rice,Ben's Original,125.0,2.91666666666667,24.5833333333333,1.875,1 pouch (240 g),,openfoodfacts,3
54800424559,basmati ready rice,Ben's Original,157.142857142857,3.57142857142857,31.4285714285714,2.14285714285714,1 cup (140 g),17.3 oz,openfoodfacts,3
55000008839,cafe noisette,Nescafe,250.0,0.1,2.0,0.0,,100g,openfoodfacts,2
55000204033,perrier source,Bebida,0.0,0.0,0.0,0.0,1 portion (330 ml),,openfoodfacts,2
55000212434,and cookies cream,Drumstick,216.0,2.4,29.6,9.6,1 cone (125 ml),4 x 125 ml,openfoodfacts,3
55577105344,croque nature,Quaker,463.0,9.5,67.0,16.0,1 portion (100 g),470 gr,openfoodfacts,2
55577107799,crispy minis,QUAKER,368.421052631579,10.53,78.95,5.26,9g,127 g,openfoodfacts,2
55577108031,cheddar crispy minis,Quaker,466.666666666667,6.66666666666667,66.6666666666667,16.6666666666667,8 rice crisps (15 g),,openfoodfacts,3
55598001847,avoine,,420.0,6.0,60.0,16.0,,,openfoodfacts,1
55653632108,crackers vinta,"Dare,Vinta",100.0,2.0,12.0,4.5,19 g,250 g,openfoodfacts,2
55712100142,weetabix,Weetabix,339.622641509434,9.43396226415094,79.2452830188679,1.88679245283019,53g,400 g,openfoodfacts,1
55742356816,sauce soya,Compliments,33.33,2.67,6.67,0.0,,,openfoodfacts,2
55742374605,de pate tomates,Compliments • Sobey’s / Safeway,66.6666666666667,3.33333333333333,16.6666666666667,0.0,1 serving (30 ml),156 ml,openfoodfacts,3
55742505146,dijon mustard prepared,Compliments,0.0,4.0,0.0,0.0,,,openfoodfacts,3
55742507904,chicken hot sauce,Compliments,41.6667,1.6667,6.6667,0.8333,,,openfoodfacts,3
55742510867,baby food puree,compliment,54.6875,0.78125,13.28125,0.390625,,123ml,openfoodfacts,3
55742517453,diced tomatoes,Compliments,20.0,1.6,4.0,0.0,125ml,,openfoodfacts,2
55742547993,cacao,compliments,300.0,20.0,60.0,10.0,5.0g,,openfoodfacts,1
55742548396,cream mushroom of,Compliments,64.0,1.6,8.0,2.8,125 mL,284 mL,openfoodfacts,3
55742548402,condensed soup tomato,Compliments,97.155,1.65430416666667,19.2875833333333,1.16885416666667,125 mL,284 mL,openfoodfacts,3
55742552737,et fines herbes soupe tomate,Compliments,48.0,1.2,9.2,1.0,,,openfoodfacts,5
55742557497,cheddar fort,compliments,400.0,23.333333333333,3.3333333333333,33.333333333333,,,openfoodfacts,2
55742565010,bacon browns hash smoked,Best Buy Valeur Plus,163.333333333333,6.33333333333333,15.0,9.0,300 g,1.2 kg,openfoodfacts,4
55742571851,coconut sweetened,Compliments,533.333333333333,2.66666666666667,46.6666666666667,40.0,1 portion (15 g),,openfoodfacts,2
55742580143,naan,Compliments,310.0,8.0,49.0,10.0,2 pains naan (100 g),,openfoodfacts,1
55773000757,breakfast homefries,McCain,117.647058823529,1.17647058823529,21.1764705882353,3.52941176470588,1 portion (85 g),,openfoodfacts,2
55773031782,pancakes potato,McCain,175.675675675676,1.35135135135135,21.6216216216216,10.8108108108108,4 pieces (74 g),,openfoodfacts,2
55789001366,mandarines,M'Lord,70.422535211268,0.35211267605634,17.253521126761,0.0,,,openfoodfacts,1
55991040801,bread eddie sprouted steady wheat,"Silver Hills, Silver Hills Sprouted Bakery",237.0,15.79,42.11,1.32,1 SLICE (38 g),,openfoodfacts,5
55991049811,hemptation,"NG  Silverhills bakery, Silver Hills Sprouted Bakery",263.0,15.79,42.11,3.95,1 SLICE (38 g),,openfoodfacts,1
560900,de dijon moutarde,Bouton d'Or,152.0,7.2,2.4,12.0,,,openfoodfacts,3
56409130299,onion soup,Cuisine,66.6666666666667,4.56140350877193,5.96491228070175,3.15789473684211,1 soup (285 g),1.7 kg,openfoodfacts,2
56489569510,donuts mini trio,Confiserie Firenze,420.0,5.1,45.0,24.0,31 g,"276 g, 9 Stück",openfoodfacts,3
565233,butter croissant,Trader Joe's,391.891891891892,7.11886363636363,41.6454545454545,10.7886363636364,1 portion (74 g),,openfoodfacts,2
56595070409,sauerkraut wine,Bick's,16.6666666666667,0.666666666666667,3.33333333333333,0.0,1 portion (30 g),,openfoodfacts,2
56600004269,cocoa,HERSHEY'S,387.0,22.4,11.6,20.6,5 g,226 g,openfoodfacts,1
56600205406,miniatures reeses,Reese’s,500.0,9.09090909090909,59.0909090909091,27.2727272727273,5 pieces (44 g),,openfoodfacts,2
56600305168,kisses,Hersheys,487.80487804878,9.7560975609756,58.536585365854,29.268292682927,,,openfoodfacts,1
56800098303,activia nature sucre,"Danone, Activia",71.0,5.1,9.0,1.5,1 serving (150 g),650 g,openfoodfacts,3
56800202458,oikos,Oikos,57.1428571428571,9.71428571428571,3.42857142857143,0.0,175 g,,openfoodfacts,1
56800511802,espresso protein,Oikos Pro,56.6666666666667,8.0,4.33333333333333,0.666666666666667,1 bottle (300 ml),,openfoodfacts,2
56800843705,danone,Danone,52.1688694852941,2.61032536764706,8.46782628676471,0.807901194852941,1 bottle (93 ml),6 x 93 ml,openfoodfacts,1
56920136428,banana yop,Yoplait,65.0,3.0,10.5,1.0,200.0g,,openfoodfacts,2
57000001049,fire pizza roasted sauce,Classico,25.0,1.0,5.0,0.0,1 portion (60 ml),,openfoodfacts,4
57000012458,cheese four pasta sauce,Classico,56.0,1.6,7.2,2.4,0.5 cup (125 g),,openfoodfacts,4
570688,cashews honey sesame,Trader Joe's,533.333333333333,16.07510555,22.91878040625,46.1644971875,1 portion (30 g),16 oz,openfoodfacts,3
571821,pastry puff,Trader Joe's,395.3488,3.0,18.0,10.0,0.167 sheet (43 g),,openfoodfacts,2
572439,baked bites cheese oven,Trader Joe's,571.428571428572,49.3844580055734,1.76373064305619,44.0932660764048,0.5 package (28.349 g),"2.11 oz (60 G), 2 servings",openfoodfacts,4
57316213402,bread coop,Co-op Centsibles,250.0,10.0,48.3333333333333,2.5,1 portion (60 g),,openfoodfacts,2
57316215710,ham honey smoked,Co-Op Gold,150.0,16.0,4.0,8.0,1 portion (100 g),,openfoodfacts,3
57391000027,bakestone brothers pita,Bakestone Brothers,240.74074074074,9.2592592592593,50.0,1.8518518518519,,,openfoodfacts,3
57836020825,tomatoes,Sunset,19.3,0.86,2.49,0.26,,,openfoodfacts,1
57864000035,soft tofu,SUNRISE,52.9411764705882,5.88235294117647,1.17647058823529,2.94117647058824,1 serving (85 g),,openfoodfacts,2
57864000080,tofu,SUNRISE,152.941176470588,16.47,3.53,9.41,1 serving (85 g),350 g,openfoodfacts,1
58336173066,casa di mama pepperoni,Dr. Oetker,237.974683544304,9.87341772151899,31.8987341772152,7.59493670886076,395 g,395g,openfoodfacts,4
58336618406,honey hot pepperoni suprema,Dr Oetker,231.21387283237,9.2485549132948,27.7456647398844,9.2485549132948,0.333 pizza (173 g),,openfoodfacts,4
58336836107,pizza ristorante,Dr. Oetker Ristorante,265.625,10.3125,30.0,12.1875,1 portion (320 g),320g,openfoodfacts,2
58449620013,puffs rice,Nature's path,375.0,6.25,81.25,0.0,1 cup (16 g),170 gr,openfoodfacts,2
58449708018,bread manna,Manna,268.0,14.29,51.79,0.0,2 ONZ (56 g),,openfoodfacts,2
58496422394,snickers,Snickers,523.0,5.6,58.0,29.0,50 g,52 g,openfoodfacts,1
58779597054,cream ice raspberry,Magnum,347.0,3.5,36.0,20.0,1 bar (90 ml),3 x 90 ml,openfoodfacts,3
58898001661,squeakrs,,400.0,23.333333333333,0.0,33.333333333333,,,openfoodfacts,1
59072051168,cheesecake japanese,Irrésistable,312.0,5.6,36.0,15.2,0.25 cheesecake (125 g),,openfoodfacts,2
59072054657,bread pain pita white,Adonis,241.666666666667,8.33333333333333,50.0,1.66666666666667,1 pita (120 g),,openfoodfacts,4
59119353347,mix party,Humpty Dumpty,500.0,6.0,64.0,24.0,,,openfoodfacts,2
59441182752,havarti,Arla,380.952380952381,19.0476,0.0,33.3333,,24 x 21 g,openfoodfacts,1
59684847012,cheese curds,Paradise Island,400.0,23.3333333333333,0.0,33.3333333333333,3 cm cube (30 g),,openfoodfacts,2
59749572477,costco foret jambon noire,Olymel,100.0,18.3333333333333,0.0,3.33333333333333,4 slices (60 g),3 x 300 g,openfoodfacts,4
59749970396,neon sour worms,Selection,350.0,5.0,85.0,0.0,,,openfoodfacts,3
59749974363,smoothie super vert,Irrésistibles,32.0,0.0,8.4,0.0,,,openfoodfacts,3
59749979573,cheddar,,400.0,23.333333333333,3.3333333333333,33.333333333333,,,openfoodfacts,1
59749990691,date squares,Irresistible,371.681415929204,5.30973451327434,57.5221238938053,13.2743362831858,1 square (113 g),,openfoodfacts,2
59749996280,heat mustard sweet with,Selection,200.0,4.0,20.0,0.0,1 portion (5 ml),,openfoodfacts,4
59749999571,scottish shortbread,Irrésistibles,513.513513513514,5.40540540540541,59.4594594594595,27.027027027027,2 cookies (37 g),,openfoodfacts,2
59800754323,kat kit,,512.82051282051,5.1282051282051,64.102564102564,28.205128205128,,,openfoodfacts,2
59966036622,butter peanuts toffee,Trophy,520.0,12.0,60.0,26.0,,,openfoodfacts,3
60000432126,coupe haricot vert,Del Monte,0.0,1.0,3.0,0.0,1 portion (125 ml),,openfoodfacts,3
60383036034,dip pepper red roasted,President's Choice,266.6667,3.3333,10.0,23.3333,2 tbsp (30 g),,openfoodfacts,4
60383036072,tzatziki,PC,166.666666666667,2.87357727272727,2.50365227272727,9.57735227272728,1 serving (30 g),,openfoodfacts,1
60383041168,coffee medium roast,President's Choice,0.0,0.0,0.0,0.0,,,openfoodfacts,3
60383055820,cajou crues de noix,Pc Orfanics,566.66666666667,16.666666666667,30.0,43.333333333333,0.25 cup (30 g),,openfoodfacts,4
60383066017,assortment mini muffins,Presidents Choice,428.571428571429,1.42857142857143,14.047619047619,4.52380952380952,420.0g,,openfoodfacts,3
60383082000,mixiany,President's Choice,19.3,0.86,2.49,0.26,1 f mexico (1 f mexico),567 g,openfoodfacts,1
60383088804,dates,Presidents Choice,300.0,2.5,75.0,0.0,0.25 cup (40 g),,openfoodfacts,1
60383093952,cheese feta shredded,,333.33333333333,23.333333333333,3.3333333333333,23.333333333333,,,openfoodfacts,3
60383137458,cheese havarti,,400.0,23.33,6.67,30.0,,,openfoodfacts,2
60383151157,crackerscheese,no name,379.310344827586,10.344827586207,44.827586206897,17.241379310345,,8 x 87 g,openfoodfacts,1
60383640712,beurre cremeux darachide,no name,600.0,20.0,26.666666666667,46.666666666667,,500.0 g,openfoodfacts,3
60383664350,chickpeas,no name,88.0,5.6,14.4,2.0,1 portion (125 ml),540ml 19 fl oz,openfoodfacts,1
60383778439,honey pure,Organics Biologique,300.0,0.56,81.7,0.0,20 g,375 g,openfoodfacts,2
60383860479,creamy just peanuts smooth,Blue Menu,666.666666666667,22.8,14.8,49.1,1 portion (15 g),750 g,openfoodfacts,4
60383897543,crackers rosemary,President's Choice,500.0,9.09,68.18,20.45,,185g,openfoodfacts,2
60410001806,munchies,Doritos,489.36170212766,6.3829787234043,65.957446808511,23.404255319149,1 package (47 g),,openfoodfacts,1
60410042212,cheese chips onion,Lay’s,506.0,6.3,55.0,28.0,1 package (100 g),,openfoodfacts,3
60410046692,champetre creme et poivron,Miss Vickie's,520.0,6.0,58.0,30.0,,200g,openfoodfacts,4
60410073773,cream herb onion sour,Miss Vickie's,520.0,6.0,58.0,30.0,27 chips (50 g),,openfoodfacts,4
60410074176,doritos,Doritos,500.0,6.94444444444444,61.1111111111111,26.3888888888889,1 serving (72 g),,openfoodfacts,1
60410080078,butter chips honey potato,Lay’s,540.0,6.0,56.0,34.0,44 chips (50 g),,openfoodfacts,4
60410080405,mix munchies snack,Frito Lay,480.0,8.0,64.0,24.0,1.5 cups (50 g),,openfoodfacts,3
60410085325,cheese onion,Lay's,540.0,6.0,56.0,34.0,43 chips (50 g),,openfoodfacts,2
60410085455,bacon cheesy cheetos puffs,Cheetos,560.0,6.0,54.0,36.0,27 pieces (50 g),,openfoodfacts,4
60410901243,rounds,Tostitos,500.0,6.0,64.0,26.0,39 chips (50 g),295 g,openfoodfacts,1
60556002279,fresh spinach,Queen Victoria,23.5294117647059,2.62,2.25,0.5,2.5 cups (85 g),227 g,openfoodfacts,2
60631919423,bits jim rainbow,Twinkle,400.0,0.0,93.3333333333333,3.33333333333333,1 tbsp (15 g),,openfoodfacts,3
60737052116,may west,Vachon,490.196078431373,3.92156862745098,58.8235294117647,27.4509803921569,51 g,305 g,openfoodfacts,2
61120101800,cheese mex tex,Armstrong,333.333333333333,26.666666666667,3.3333333333333,26.666666666667,,,openfoodfacts,3
61232200989,berries biscuits imp mixed oat,Nairn's,426.666666666667,7.66666666666667,63.3333333333333,15.3333333333333,30 g,200 g,openfoodfacts,5
61232201047,biscuits oat,narn's,184.57048125,10.92837625,50.6155625,18.222225,1 biscuit (10 g),200 g,openfoodfacts,2
61483007412,cranberries,Farmer's Market / Délices du Marché,325.0,0.0,82.5,0.0,1 portion (40 g),,openfoodfacts,1
61483015714,pacific shrimp white,Seaquest,80.0,16.0,0.8,1.2,14 shrimp (125 g),,openfoodfacts,3
61483019835,butter farmers market tarts,farmers market,411.764705882353,3.52941176470588,54.1176470588235,21.1764705882353,1 tart (85 g),,openfoodfacts,4
61483039017,jambon,Royal,100.0,13.0,3.0,4.5,1 portion (100 g),,openfoodfacts,1
61483054836,au beure croissant,Farmer's Market,422.222222222222,6.6667,51.1111,22.2222,,,openfoodfacts,3
61559001832,mundare pepperoni,Stawnichys,173.333333333333,30.6666666666667,4.0,16.0,75 g,,openfoodfacts,2
61819150805,honey sauce,TBQ,166.66666666667,3.3333333333333,40.0,1.0,2 c. � soupe (30 ml),,openfoodfacts,2
62020000705,bueno kinder white,Kinder,564.102564102564,7.69230769230769,53.8461538461538,35.8974358974359,39 g,39 g,openfoodfacts,3
62020000729,bueno dark,Kinder,402.0,5.0,69.0,11.0,1 portion (30 g),,openfoodfacts,2
62020015792,happy kinder moments,Kinder,575.0,7.5,52.5,35.0,7 assorted pieces (40 g),,openfoodfacts,3
62273553492,hot piri sauce,Maçarico,20.0,0.0,20.0,0.0,5 g,,openfoodfacts,3
62356504205,ajvar fort,Cedar Phoenicia,100.0,2.0,20.0,3.33333333333333,1 c. � soupe (15 ml),500 ml,openfoodfacts,2
624886,fire peppers red roasted,Trader Joe's,17.8571428571429,0.797615,4.549045,0.1994375,1 serving (28 g),,openfoodfacts,4
62639375867,roasted seaweed,Western family,600.0,20.0,20.0,40.0,1 pack (5 g),,openfoodfacts,2
63100065485,charcuterie ham smoked,SCHNEIDERS,280.0,17.333334,18.666668,16.0,1 serving (75 g),,openfoodfacts,3
63100387501,turkey,Maple Leaf PRIME,130.0,18.0,0.0,7.0,0.5 tasse (100 g),454g,openfoodfacts,1
63100814137,chicken,PRIME,140.0,18.0,0.0,7.0,0.5 cup (100 g),,openfoodfacts,1
63209248314,cappuccino coffee iced syrup,Tim Hortons,333.333333333333,1.33333333333333,83.3333333333333,0.0,1 portion (30 ml),,openfoodfacts,4
63209248338,coffee iced mocha syrup,Tim Hortons,333.333333333333,3.33333333333333,83.3333333333333,0.0,1 portion (30 ml),,openfoodfacts,4
63460009525,apricot nectar,Yoga,32.0,0.0,7.6,0.0,1 tasse (250 ml),,openfoodfacts,2
63549109993,swiss,Saputo,34.5825,3.2595,4.9588125,0.1888125,32 g,640 g,openfoodfacts,1
63667091460,coco de noix non sucre,natur,14.34034416826,0.4,0.8,1.0,1 portion (250 ml),946ml,openfoodfacts,5
63667502010,boisson de enrichie soya,Natura,50.0,3.0,5.5,2.0,200 ml,3x200ml,openfoodfacts,4
64100028975,vector,Kellogg's,387.272727272727,10.1818181818182,81.8181818181818,4.36363636363636,55g,400 g,openfoodfacts,1
64100142213,mini wheats,Kelloggs,345.454545454545,9.09090909090909,83.6363636363636,1.81818181818182,23 biscuits (55 g),650 g,openfoodfacts,2
64100143135,krispies rice,Kellogg's,392.857142857143,7.14285714285714,89.2857142857143,0.0,1 cup (28 g),560 grammes,openfoodfacts,2
64100159327,crispee rice,Ricr Crispy,409.090909090909,4.54545454545455,77.2727272727273,9.09090909090909,1 bar (22 g),,openfoodfacts,2
64144040902,a antiadhesif cuisson enduit,,800.0,0.0,0.0,100.0,,5 oz,openfoodfacts,4
64144043408,boyardee chef kit pepperoni pizza,,243.0,8.7,36.52,6.96,1/4 package (115 g) (115 g),,openfoodfacts,5
64144043422,kit pizza,Chef boyardee,221.238938053097,7.07964601769912,40.7079646017699,3.09734513274336,0.12 package (113 g),,openfoodfacts,2
64144043439,boyardee cheese chef kit pizza,,226.0,6.96,40.87,3.91,1/4 package (115 g) (115 g),,openfoodfacts,5
64170020398,crusts pizza sauce,,246.0,8.77,40.35,5.26,2 ONZ (57 g),,openfoodfacts,3
64170091633,crust mia pizza thin,Mia,211.0,7.02,35.09,4.39,2 ONZ (57 g),,openfoodfacts,4
64200115865,fettuccine,Catelli,100.0,3.66666666666667,20.3333333333333,0.5,1 serving (300 g),,openfoodfacts,1
64360004658,fraise skyr,Light & free,71.0,8.6,8.4,0.2,145g,145g,openfoodfacts,2
64515910025,cretons,paysan,254.545454545455,18.1818181818182,3.63636363636364,18.1818181818182,3 c. à soupe (55 g),,openfoodfacts,1
64767343053,brand premium,Gray Ridge,152.380952380952,12.2641509433962,1.88679245283019,9.43396226415094,53 g,18,openfoodfacts,2
64819610812,fruits ketchup,Dora,100.0,0.66666666666667,20.0,0.0,1 tbsp (1 tbsp),,openfoodfacts,2
651851,cooked crisps hand,"Marks & Spencer, Season",492.5,6.0,56.5,26.0,1 portion (40 g),,openfoodfacts,3
65305757790,boeuf bonheur et pork ptit,Lafleur,333.333333333333,10.666666666667,5.3333333333333,26.666666666667,,,openfoodfacts,5
65349004614,condensed sweetened whitener,Mr Goudas,333.33333333333,0.0,60.0,10.0,1 tbsp (1 tbsp),,openfoodfacts,3
65633222731,cherrios,Cheerios,378.378378378378,8.10810810810811,81.0810810810811,5.40540540540541,1 Cup (37 g),,openfoodfacts,1
66086011163,des en tomate,pastene,16.0,0.8,3.2,0.08,1 portion (125 ml),796 ml,openfoodfacts,3
66200013707,paprika smoked,Club house,0.0,20.0,0.0,0.0,,,openfoodfacts,2
66343179254,au chips ketchut,Old Dutch,500.0,6.06060606060606,60.6060606060606,25.7575757575758,1 package (66 g),,openfoodfacts,3
66701009179,aux epinards quiche,St Hub,211.42857142857,6.2857142857143,18.857142857143,12.0,0.333 quiche (175 g),,openfoodfacts,3
66721006967,crackers rice,Good Thins,433.333333333333,10.0,85.0,5.0,20g,100 g,openfoodfacts,2
66721016973,crispers ranch,Christie,466.666666666667,6.66666666666667,66.6666666666667,20.0,15 cracker (30 g),,openfoodfacts,2
66721018878,riz snackwiches,RITZ,526.315789473684,5.26315789473684,57.8947368421053,28.9473684210526,38 g,,openfoodfacts,2
66721028419,ritz,Ritz,500.0,5.0,60.0,25.0,20 g,1pcs,openfoodfacts,1
66721028990,minces oreo thins,Oreo,482.758620689655,3.44827586206897,72.4137931034483,20.6896551724138,4 cookies (29 g),,openfoodfacts,3
66721029799,chewy cookies,Chips Ahoy!,451.612903225806,3.2258064516129,67.741935483871,19.3548387096774,2 biscuits (31 g),,openfoodfacts,2
66800102009,joyya,Neilson,100.0,7.2,4.4,2.0,1 serving (250 ml),1 l,openfoodfacts,1
67201303019,fondu parmesan,La paysanne,262.5,3.75,30.0,13.75,2 unit�s (80 g),,openfoodfacts,2
67232010375,cacciatore,Venetian Meats,400.0,33.3333333333333,0.0,26.6666666666667,0.2 packages (30 g),,openfoodfacts,1
67312002672,strawberry wafers,,518.51851851852,3.7037037037037,62.962962962963,29.62962962963,,,openfoodfacts,2
67400021400,cheese firm ripened,Allegro,233.333333333333,33.333333333333,3.3333333333333,8.3333333333333,,,openfoodfacts,3
67603102555,bread pita white,Pita Gourmet,272.727272727273,11.3636363636364,52.2727272727273,1.13636363636364,0.5 pita (44 g),,openfoodfacts,3
67800002795,chiche pois,Unico,128.0,7.2,23.2,2.4,0.5 tasse (125 ml),,openfoodfacts,2
67800006212,pizza pour sauce,Unico,50.0,1.6667,10.0,0.1667,,,openfoodfacts,3
68100084245,smooth,Kraft,593.75,20.0,20.0,53.3333333333333,1 per 1 tbsp (15 g),1kg,openfoodfacts,1
68100890556,arachides croquant des juste,Only Peanuts,600.0,26.6666666666667,20.0,46.6666666666667,1 serving (15 g),750 g,openfoodfacts,4
68100905281,hot sauce,Taco Bell,0.0,0.0,0.0,0.0,1 portion (5 ml),,openfoodfacts,2
68100906226,cheese nacho,Taco Bell,266.666666666667,10.0,13.3333333333333,20.0,2 tbsp (30 g),,openfoodfacts,2
68200325095,cremeux skyr,siggi's,86.9565217391304,10.4347826086957,4.34782608695652,3.47826086956522,0.5 cup (115 g),,openfoodfacts,2
68200325118,skyr,Siggis,52.1739130434783,10.4347826086957,3.47826086956522,0.0,115 g,115 g,openfoodfacts,1
68200477145,mex tex,Cracker Barrel,357.142857142857,23.3333333333333,3.33333333333333,26.6666666666667,1 % (30 g),,openfoodfacts,2
68200958279,beurre,,700.0,0.0,0.0,80.0,,,openfoodfacts,1
68400018902,butter herb pasta,Knorr,352.941176470588,11.7647058823529,76.4705882352941,1.47058823529412,0.25 Packet (34 g),136 g,openfoodfacts,3
686594,joes trader,Trader Joe's,235.29411764706,11.764705882353,52.941176470588,1.4705882352941,,24 ounces,openfoodfacts,2
68721004004,raisin,Sun-Maid,281.25,7.8125,53.125,3.90625,2 portion (64 g),450g,openfoodfacts,1
68820130178,feta,compliments,300.0,20.0,3.33333333333333,23.3333333333333,30g,400g,openfoodfacts,1
68892565014,butter pistachio,Nuts to you Nut Butter Inc.,573.333333333333,20.0,26.6666666666667,46.6666666666667,1 tbsp (15 g),,openfoodfacts,2
69143414006,brie de remon saint,Alexis de Portneuf,357.142857142857,16.6666666666667,3.33333333333333,30.0,3 cm cube (30 g),,openfoodfacts,4
69299242058,breaded fish,Janes,240.0,16.0,20.8,14.0,1 filet (125 g),,openfoodfacts,2
696227,brioche pumpkin twist,Trader Joe's,271.142235243056,8.22756507161458,43.3955068142361,6.36532671440972,1 slice (53 g),16.8 oz,openfoodfacts,3
69700000673,crescents croissants,Pillsbury,298.245614035088,7.14285714285714,50.0,8.92857142857143,1 roll (28 g),,openfoodfacts,2
697545,artichokes marinated,Trader Joe's,33.3333333333333,2.22222222222222,6.66666666666667,0.0,45 g,45 g,openfoodfacts,2
70022007004,bake bread rise white,,240.0,6.0,48.0,2.0,0.111 LOAF (50 g),,openfoodfacts,4
70038593812,bc peach,,94.0,3.53,17.65,0.59,6 ONZ (170 g),,openfoodfacts,2
70038593836,banana bc strawberry,,94.0,3.53,17.65,0.88,6 ONZ (170 g),,openfoodfacts,3
70038664529,beer bratwurst,Best Choice,274.725274725275,14.2857142857143,2.1978021978022,23.0769230769231,1 link (91 g),16 oz,openfoodfacts,2
70074668543,ensure,,421.052631578947,14.0350877192982,57.8947368421053,14.0350877192982,57g,NET WT. 14.1 OZ (400 g),openfoodfacts,1
70074681740,protein smart,Glucerna,45.454545454545,9.0909090909091,2.1212121212121,0.45454545454545,,,openfoodfacts,2
70074692562,max protein,Ensure,48.4848484848485,9.09090909090909,2.12121212121212,0.606060606060606,330 m (330 ml),,openfoodfacts,2
70200011663,croutons seasoned texas toast,,500.0,14.29,57.14,14.29,2 Tbsp (7 g),18 oz,openfoodfacts,4
70200581098,baked croutons,Marzetti,500.0,14.29,57.14,28.57,2 Tbsp (7 g),,openfoodfacts,2
70200790056,sauce,Chick-fil-A,516.129032258065,0.0,22.5806451612903,45.1612903225806,2 tbsp (31 g),1 Pint,openfoodfacts,1
70200847026,onion sauce sweet teriyaki,Subway,210.526315789474,0.0,47.3684210526316,0.0,38g,16 oz,openfoodfacts,4
70200870468,honey mustard sauce,Chick-fil-A,171.428571428571,0.38380359375,31.2486140625,0.56871078125,35g,16 oz,openfoodfacts,3
70222029721,pumpkin puree,,33.333333333333,0.83333333333333,8.3333333333333,0.0,,,openfoodfacts,2
70227600017,matzos passover,"Streit's, Streits",400.0,10.0,83.3333333333333,0.0,1 matzo (30 g),16 oz,openfoodfacts,2
70227601809,croutons soup streits,Streit's,487.0,6.67,50.0,30.0,30 g (30 g),,openfoodfacts,3
70253002601,sandwich white,Our family,315.33796875,9.124971875,51.2597265625,6.704796875,26g,1.5 g,openfoodfacts,2
70253009006,cooked medium shrimp,Our Family,58.7903301664942,14.1096792399586,0.0,0.0,9 shrimp (85.048 g),,openfoodfacts,3
70272620701,bite mini size toast,Joan of arc,388.888888888889,11.1111111111111,72.2222222222222,5.55555555555556,8 mini toasts (18 g) (18 GRM),2.8 oz,openfoodfacts,4
70277000058,cheese fat feta reduced,ATHENOS,178.571428571429,17.8571428571429,3.57142857142857,10.7142857142857,0.25 cup (28 g),,openfoodfacts,4
70277000065,cheese feta,Athenos,250.0,14.2857142857143,3.57142857142857,21.4285714285714,1 serving (28 g),6 oz,openfoodfacts,2
70281001287,brown hot koops mustarf,Koop's,100.0,6.0,0.0,0.0,1 portion (5 ml),,openfoodfacts,4
70287052054,brioche,,303.0,9.09,50.51,8.08,1 ROLL (99 g),,openfoodfacts,1
70422376182,cream dip french onion sour,Cass-Clay,200.0,3.3333333333333,10.0,16.666666666667,,,openfoodfacts,5
70459851188,cheese five texas toast,New York Bakery,379.310344827586,0.354191380613271,64.0311028262434,3.22536275121474,1 slice (58 g),,openfoodfacts,4
70462008876,kids patch sour strawberry,Sour Patch,375.0,0.0,90.625,0.0,32g,3.6 oz,openfoodfacts,4
70470003016,raspberry red,Yoplait original,82.3529411764706,2.9411764705882,15.882352941176,0.88235294117647,1 container (170 g),6 Oz,openfoodfacts,2
70470003030,cherry orchard,Yoplait original,82.3529411764706,2.94117647058824,15.8823529411765,0.882352941176471,1 container (170 g),,openfoodfacts,2
70470006536,cherry,Yoplait Light,47.0588235294118,2.94117647058824,8.82352941176471,0.0,1 container (170 g),,openfoodfacts,1
70470006543,bananas n strawberries,Yoplait light,47.0588235294118,2.94117647058824,8.82352941176471,0.0,1 container (170 g),6 oz,openfoodfacts,3
70470006550,harvest peach,Yoplait light,47.0588235294118,2.94,9.41,0.0,1 container (170 g),6 oz (170g),openfoodfacts,2
70470006611,boston cream pie,Yoplait light,47.058823529412,2.9411764705882,8.8235294117647,0.0,1 Container (170 g),6 OZ (170 g),openfoodfacts,3
70470104119,kids patch sour,Yoplait,89.0,3.57,17.86,0.89,1 TUBE (56 g),,openfoodfacts,3
70470154145,smoothie strawberry,,72.0,2.42,11.11,1.45,1 BOTTLE (207 ml),,openfoodfacts,2
70470164854,protein strawberry,ratio,113.333333333333,16.6666666666667,6.0,2.33333333333333,150.0g,150 g,openfoodfacts,2
70470164878,protein snack,ratio,113.333333333333,25.0,9.0,3.5,1 container (150 g),1 container 5.3 OZ (150g).,openfoodfacts,2
70470164960,protein ratio,:ratio,100.0,16.6666666666667,6.0,2.33333333333333,1 container (150 g),150 g,openfoodfacts,2
70470164977,coconut dairy protein snack,:ratio,119.718309859155,16.6666666666667,6.0,2.33333333333333,1 container (150 g),,openfoodfacts,4
70470200361,oui,Top last,113.997295673077,2.45081730769231,11.6367307692308,6.11004206730769,g,5 oz,openfoodfacts,1
70470218151,berry mixed protein,Yoplait,63.2911392405063,9.49367088607595,3.16455696202532,0.949367088607595,1 container (158 g),,openfoodfacts,3
70470219899,cheesecake strawberry,Yoplait,63.2911392405063,9.49367088607595,3.16455696202532,0.949367088607595,1 container (158 g),5.6 oz,openfoodfacts,2
70470223285,protein,:ratio,170.0,25.0,9.0,3.5,150g,5.3 oz,openfoodfacts,1
70470230719,fiber pro,Ratio,120.0,13.3333333333333,14.0,2.33333333333333,1 container (150 g),150 g,openfoodfacts,2
70470234168,coconut trio,Ratio,100.0,10.0,2.0,6.0,150g,5.3 oz,openfoodfacts,2
70470364711,ins mix,,120.0,4.67,19.33,3.0,1 Container (150 g),,openfoodfacts,2
70470470955,cake cheese pumpkin,,88.0,7.96,13.27,0.0,1 CONTAINER (113 g),,openfoodfacts,3
70470482378,cherries cream n,,106.0,7.08,15.04,1.77,1 CONTAINER (113 g),,openfoodfacts,3
70470491387,cinnamon crisps,,191.0,8.4,25.95,6.11,4.6 ONZ (131 g),,openfoodfacts,2
70506000057,panko,Colonna,366.666666666667,10.0,76.6666666666667,0.0,0.333 cup (30 g),7 oz,openfoodfacts,1
70552311367,cherry cream ice moose tracks,WinCo Foods,255.813953488372,3.48837209302326,29.0697674418605,13.953488372093,1 portion (86 g),,openfoodfacts,5
70640025787,bueno,Kinder,271.408157894737,6.89561578947368,21.5409842105263,17.1827368421053,1 cone (62 g),,openfoodfacts,1
70662095034,firewok,Nissin,451.61290322581,9.6774193548387,64.516129032258,17.741935483871,,,openfoodfacts,1
70662508022,carbonara chicken spicy,Nissin Geki,445.454545454545,10.9090909090909,64.5454545454545,16.3636363636364,1 package (110 g),,openfoodfacts,3
70670000013,capers,Reese,0.0,0.0,0.0,0.0,1 tsp (5 g),,openfoodfacts,1
70670001317,cheddar cheese crouton premium reese,"Reese,  World Finer Foods  Inc.",429.0,14.29,71.43,14.29,2 Tbsp (7 g),,openfoodfacts,5
70678002149,croutons fat free seasoned,,357.0,0.0,71.43,0.0,2 Tbsp (7 g),,openfoodfacts,4
70773095107,carnitas pork,Eddy Foods,188.235294117647,17.6470588235294,3.52941176470588,11.7647058823529,1 portion (85 g),,openfoodfacts,2
70784009896,circus peanuts,Tops,366.666666666667,3.33333333333333,90.0,0.0,3 pieces (30 g),,openfoodfacts,2
70784032108,crust hand pizza stretched tops,"Tops,  Tops Markets  Llc",280.0,10.0,52.0,4.0,0.2 CRUST (50 g),,openfoodfacts,5
70796600289,peppers roasted,Cento,16.6666666666667,0.0,3.33,0.0,1 ONZ (30 g),,openfoodfacts,2
70801103453,banana shake sport strawberry,Sport shake,101.538461538462,3.38461538461538,16.3076923076923,3.07692307692308,325 mL,325 mL,openfoodfacts,4
70821304045,aunt bread hatties wheat,The Long Company,269.0,11.54,50.0,3.85,0.9 ONZ (26 g),,openfoodfacts,4
70821894003,bread enriched texas toast white,,275.0,7.5,50.0,2.5,1 SLICE (40 g),,openfoodfacts,5
70870000356,bairds bread honey mrs wheat,Mrs Baird's,269.23,7.69,50.0,3.85,1 SLICE (26 g),,openfoodfacts,5
70919026934,ham hardwood smoked,,129.4118,18.8235,3.5294,4.7059,,,openfoodfacts,3
709231,chip choc pancakes,M&s,336.0,6.8,38.7,16.9,1 portion (100 g),,openfoodfacts,3
70934996168,cream ice mochi my,my mochi,200.0,2.85714285714286,37.1428571428571,5.71428571428571,1 PIECE (43 g),,openfoodfacts,4
70970476846,easter treats,Mike and Ike,366.666666666667,0.0,90.0,0.0,30g,16 unit,openfoodfacts,2
70970549854,dr pepper,Peeps,309.52380952381,2.38095238095238,78.5714285714286,0.0,5 peeps (42 g),,openfoodfacts,2
70970570988,d sunny,Peeps,323.529411764706,2.94117647058824,79.4117647058823,0.0,4 chicks (34 g),,openfoodfacts,2
70985500000,bread pita pocket sophias,,294.11764705882,8.8235294117647,52.941176470588,0.0,,,openfoodfacts,4
71007002113,cheese steak taquitos,EL MONTEREY,270.588235294118,8.23529411764706,31.7647058823529,11.7647058823529,1 portion (85 g),,openfoodfacts,3
71010126677,sandwich,Old Tyne,180.0,10.0,48.0,2.0,1 roll (50 g),,openfoodfacts,1
71010414392,awesome white,,256.41025641026,15.384615384615,43.589743589744,3.8461538461538,,,openfoodfacts,2
71012060146,keto mix pancake wheat,King Arthur Baking Company,235.294117647059,37.142857142857,42.857142857143,12.857142857143,,,openfoodfacts,4
71012060177,crust keto mix pizza wheat,King Arthur Baking Company,444.444444444444,44.4444444444444,44.4444444444444,22.2222222222222,18 g,10.25 oz,openfoodfacts,5
71022315533,cherries sweetened,Mariani,325.0,2.5,82.5,0.0,1/4 cup (40 g),5 oz,openfoodfacts,2
71025004434,bread honey n premium wheat,Lewis Bakeries Inc.,269.0,7.69,50.0,3.85,1 SLICE (26 g),,openfoodfacts,5
71043009350,cream sweet,AE Dairy,127.0,8.0,13.33,4.67,5.3 ONZ (150 g),,openfoodfacts,2
71100212464,bites crouton,Hidden Valley,429.0,14.29,71.43,14.29,7 g (7 g),,openfoodfacts,2
71117025040,mashed potatoes,Reser's Main St Bistro,137.096774193548,2.41935483870968,16.1290322580645,7.25806451612903,0.5 cup (124 g),,openfoodfacts,2
71146109216,chips pizza potato,Calbee,509.090909090909,5.45454545454545,61.8181818181818,27.2727272727273,1 sac (55 g),,openfoodfacts,3
71202006008,shakers smoothie,Dole,80.0,2.65,15.04,1.77,4 ONZ (113 g),,openfoodfacts,2
71270302538,cornichons,Eiffel Tower,3.5714285714286,0.0,0.0,0.0,6 pickles (28 g),,openfoodfacts,1
71279302461,chopped farmhouse kit ranch,Fresh Express,164.705882352941,3.0,8.0,11.0,1 cup (100 g),100 g,openfoodfacts,4
71302043316,white,Sunbeam,252.340633928572,9.90586875,43.8504075892857,2.86921674107144,2 slice (45 g),,openfoodfacts,1
71314000482,bread butter top wheat,Aunt Millie's  Aunt Millie's Bakeries,258.06,9.68,45.16,3.23,1g,22 oz,openfoodfacts,4
71314003513,mini subs white,Perfection Bakeries,258.0,7.58,51.52,3.03,1 BUN (66 g),,openfoodfacts,3
71314042772,stadium white,"Aunt Millie's,  Aunt Millie's Bakeries",264.271514705882,7.46513889705882,49.5530264705882,4.0,1 bun (50 g),,openfoodfacts,2
71314043427,mediterranean pitas pocket wheat,Perfection Bakeries,246.0,8.77,50.88,0.88,1 PITA (57 g),,openfoodfacts,4
71314043434,mediterranean pitas pocket white,Perfection Bakeries,263.0,8.77,54.39,0.0,1 PITA (57 g),,openfoodfacts,4
71314046206,bread butter honey white,"Aunt Millie's,  Aunt Millie's Bakeries",290.32,6.45,54.84,3.23,1 SLICE (31 g),22 oz,openfoodfacts,4
71314048866,french subs,Perfection Bakeries,244.0,8.54,47.56,1.22,1 ROLL (82 g),,openfoodfacts,2
71314049573,bakehouse bread potato,Aunt Millie’s,268.292682926829,9.75609756097561,51.219512195122,2.4390243902439,1 sllce (41 g),,openfoodfacts,3
71314056243,bread premium,"Aunt Millie's,  Aunt Millie's Bakeries",211.0,10.53,50.0,2.63,1 SLICE (38 g),,openfoodfacts,2
71314058315,bread honey premium white,"Aunt Millie's,  Aunt Millie's Bakeries",275.0,10.0,52.5,3.75,1 SLICE (40 g),,openfoodfacts,4
71319000302,bread harvest sweet wheat,Schwebel Baking Co.,247.95263671875,6.89624518500434,49.4327870686849,1.21986102634006,2 slice (57 g),,openfoodfacts,4
71319000500,bread country potato,Schwebel Baking Co.,242.42,9.09,48.48,3.03,1 SLICE (33 g),,openfoodfacts,3
71319001392,braed raisin,"Sun-Maid,  Schwebel Baking Company",343.75,9.38,62.5,3.13,1.1 ONZ (32 g),,openfoodfacts,2
71319002436,bread seed super,Schwebel's,288.888888888889,11.1111111111111,46.6666666666667,7.77777777777778,1 Slice (45 g),27 oz/765 g,openfoodfacts,3
71330024738,bread rye soft,,267.0,10.0,46.67,3.33,1 SLICE (30 g),,openfoodfacts,3
71330024950,bread rye seeded soft,,267.0,10.0,46.67,3.33,1 SLICE (30 g),,openfoodfacts,4
71330026534,croutons unseasoned,,417.0,12.5,75.0,4.17,2/3 cup (24 g),,openfoodfacts,2
71330600277,bread french toast,,270.0,8.11,51.35,2.7,1 SLICE (37 g),,openfoodfacts,3
71421001242,cheddar oven roasted turkey wrap,Circle K,213.973799126638,14.410480349345,25.3275109170306,6.11353711790393,"1 wrap, amount per serving (229 g)",,openfoodfacts,5
71430000359,asian chopped kit sesame,Dole,130.0,2.0,12.0,9.0,1 portion (100 g),,openfoodfacts,4
71430000915,avocado chopped kit ranch,Dole,130.0,3.0,7.0,11.0,1 cup (100 g),,openfoodfacts,4
71464016241,breakfast smoothie,Bolthouse Farms,66.738269414385,2.44706987852745,12.4578102906852,0.66738269414385,1 bottle (15.2 fl oz),,openfoodfacts,2
71464018399,breakfast parfait smoothie strawberry,,36.2879910982572,0.633061554737582,7.63722296299079,0.256052308693911,8 OZA (240 ml),,openfoodfacts,4
71524104123,rice spanish,"La Preferida,  La Preferida Inc",372.881355932203,8.47457627118644,76.271186440678,5.08474576271186,1 portion (59 g),,openfoodfacts,2
71570004309,cream ice mix,Jelly Belly,364.0,0.0,91.0,0.0,,70.0 g,openfoodfacts,3
71673001120,bread ranch white,Orograin Bakeries Products  Inc.,255.0,8.51,48.94,3.19,2 SLICES (47 g),,openfoodfacts,3
71673010955,bread stroehmann white,Stroehmann,268.0,7.32,51.22,2.44,2 SLICES (41 g),,openfoodfacts,3
71673020701,bread unseeded,,267.0,10.0,46.67,3.33,1 SLICE (30 g),,openfoodfacts,2
71730007164,broad,No Yolks,357.142857142857,8.9929375,65.83390625,1.48846875,1 Dry serving (56 g),12 oz,openfoodfacts,1
71866005041,new open rye seeded york,,250.0,9.38,50.0,1.56,1 SLICE (32 g),,openfoodfacts,5
71921474140,bbq chicken pizza,California Pizza Kitchen,242.603550295858,6.50887573964497,30.1775147928994,8.87573964497041,169g,,openfoodfacts,3
71921925802,crust pepperoni pizza stuffed,DiGiorno,253.968253968254,15.0,27.99972,15.99948,0.2 pizza (126 g),,openfoodfacts,4
71958521442,keto wraps,Oroweat,219.512195121951,7.31707317073171,51.219512195122,7.31707317073171,41g,,openfoodfacts,2
72030001210,crumb donuts topped,Entenmann's,490.909090909091,3.63636363636364,61.8181818181818,25.4545454545455,1 donut (55 g),,openfoodfacts,3
72030025018,donuts frosted mini,Entemman's,467.391304347826,4.34782608695652,54.3478260869565,28.2608695652174,6 donuts (92 g),,openfoodfacts,3
72030025735,mini pies snack,Entenmann’s,344.265531821873,5.11500250111455,62.1478552279265,9.76913312580275,57 g,12 oz,openfoodfacts,3
72036000071,bread premium white,Harris-Teeter Inc.,279.0,6.98,51.16,3.49,1 SLICE (43 g),,openfoodfacts,3
72036190468,honey,Harris Teeter,285.714285714286,0.0,80.95,0.0,21 g (1 Tbsp),12 oz,openfoodfacts,1
72036550262,cheddar cheese sharp,Harris Teeter,392.857142857143,25.0,0.0,32.142857142857,,,openfoodfacts,3
72036709929,caesar croutons harris teeter,Harris Teeter,429.0,14.29,71.43,14.29,2 Tbsp (7 g),,openfoodfacts,4
72036954503,harvest wheat,,245.614,7.0175,42.1053,5.2632,,,openfoodfacts,2
72036954602,artisan bread honey wheat,Band Of Bakers,246.0,8.77,52.63,0.88,2 ONZ (57 g),,openfoodfacts,4
720519,croissant croutons rosemary,Trader Joe's,428.571428571429,14.2857142857143,42.8571428571429,21.4285714285714,3 pieces (7 g),,openfoodfacts,3
72060005448,drink strawberry,Hiland,37.5,0.0,9.58333333333333,0.0,240 ml,,openfoodfacts,2
72080274299,fried pork skins,Golden flake,571.428571428571,57.1428571428571,0.0,35.7142857142857,8,4 oz,openfoodfacts,3
72080274312,bbq heat sweet,Golden Flake,564.383391193287,56.4383391193287,7.05479238991608,35.2739619495804,.5 oz,4 oz,openfoodfacts,3
72180733672,pizza supreme,RED BARON,257.668711656442,9.8159509202454,30.6748466257669,11.0429447852761,1 pizza (163 g),,openfoodfacts,2
72180783141,pizza tonys,,219.85816,12.05674,23.40426,9.21986,141g,,openfoodfacts,2
72220004601,bread butter white,,250.0,10.0,47.5,2.5,1 SLICE (40 g),,openfoodfacts,3
72220008449,bread franz hawaiian,"Franz, United States Bakery",275.0,10.0,45.0,5.0,40g,"1 Loaf, 17 slices",openfoodfacts,3
72220008456,bakery bread main st,Franz,270.0,10.81,48.65,2.7,1 SLICE (37 g),,openfoodfacts,4
72220008487,honey nut oat,Franz,275.0,10.0,50.0,5.0,1 SLICE (40 g),,openfoodfacts,3
72220008814,bread cracked wheat,,250.0,9.38,46.88,3.12,1 SLICE (32 g),,openfoodfacts,3
72220011692,bread ube,Love’s,317.073170731707,9.75609756097561,56.0975609756098,6.09756097560976,41.0g,20 oz,openfoodfacts,2
72220020007,keto white,Franz,40.0,5.0,12.0,1.5,1 slice (30 g),18 oz,openfoodfacts,2
72220101942,bread brown sweet,,285.71428571429,11.428571428571,48.571428571429,4.2857142857143,,20 oz,openfoodfacts,3
72220102017,round sandwich,Seattle Sourdough,266.666666666667,10.0,50.0,1.66666666666667,30g,48 oz,openfoodfacts,2
72220350050,hawaiian,Franz bread,260.869565217391,8.69565217391304,47.8260869565217,4.34782608695652,23g,12 oz,openfoodfacts,1
72220900736,bread honey nut oat,,275.0,10.0,50.0,5.0,1 SLICE (40 g),,openfoodfacts,4
72220900996,bread premium sandwich thin,Eddy's,269.0,7.69,50.0,3.85,1 SLICE (26 g),,openfoodfacts,4
72250006781,bread soft white,Nature's Own Life Keto,125.0,21.4285714285714,35.7142857142857,1.78571428571429,1 e (28 g),454g,openfoodfacts,3
72250010153,bread enriched thin,Family Style,276.6,8.51,53.19,2.13,1.7 ONZ (47 g),,openfoodfacts,3
72250011389,bread enriched wonder,Wonder,243.032428571429,7.61815714285714,49.7072571428571,1.78013214285714,2 slice (49 g),24 oz,openfoodfacts,3
72250013451,butterbread enriched,Flowers Foods  Inc.,231.0,11.54,46.15,1.92,0.9 ONZ (26 g),,openfoodfacts,2
72250013871,bread protein wheat,Nature's Own,230.769230769231,33.8461538461538,27.6923076923077,3.07692307692308,2 slices (65 g),455 g,openfoodfacts,3
72250025249,crafted perfect,Nature's own,263.157894736842,8.7719298245614,50.8771929824561,3.50877192982456,1 portion (57 g),,openfoodfacts,2
72250093873,bread wheatprotein,,281.0,25.0,28.12,6.25,1.1 ONZ (32 g),,openfoodfacts,2
72251001563,couscous mix parmesan,Near East,410.714285714286,14.2857142857143,69.6428571428571,7.14285714285714,0.333 cup dry (56 g),5.9 oz,openfoodfacts,3
72486002205,corn mix muffin,JIFFY,461.538461538462,8.97435897435897,73.0769230769231,15.3846153846154,1 serving (78 g),8.5 oz,openfoodfacts,3
72486010729,corn honey mix muffin,Jiffy,474.358974358974,4.48717948717949,37.8205128205128,7.69230769230769,1 serving (156 g),8.5 oz (240g),openfoodfacts,4
726207,beef birria,Trader Joe's,123.348017621145,14.09692,1.32159,0.00660793,1 portion (227 g),16 oz,openfoodfacts,2
72655115569,fried rice,Purple carrot,120.312973127365,7.76338908290863,56.0281469097137,4.91325360965729,304g,10.75 oz,openfoodfacts,2
72655220096,chicken creamy mushroom,Healthy Choice,91.6030534351145,5.72519083969466,12.2137404580153,1.90839694656489,262g,,openfoodfacts,3
72655454415,chicken sour sweet,Healthy Choice,137.809187279152,4.24028268551237,22.2614840989399,3.18021201413428,1 Meal (283 g) (283 g),10 oz,openfoodfacts,3
72659614617,bread oven,Paramount Bakeries  Inc.,250.0,10.71,53.57,0.0,1 ONZ (28 g),,openfoodfacts,2
72700000031,for kosher matzos passover,Manischewitz,363.636363636364,9.09090909090909,84.8484848484848,1.51515151515152,1 MATZO (33 g),16 oz,openfoodfacts,4
72700000642,mix pancake potato,Manischewitz,375.0,1.38090625,24.2371875,12.47359375,1 serving (24 g),,openfoodfacts,3
72714008665,fries mccain,McCain,176.370990499483,2.35161320665977,23.5161320665977,9.40645282663907,1 portion (85.048 g),,openfoodfacts,2
72759008392,bread cracked premium wheat,Rocky Mountain Bread Company,242.0,9.09,45.45,1.52,1 SLICE (33 g),,openfoodfacts,4
72830001748,cheddar medium,Tillamook,428.571428571429,23.8095238095238,4.76190476190476,33.3333333333333,1 piece (21 g),,openfoodfacts,2
72869231659,dried shiitake,Wei-Chuan,222.222222222222,20.0,31.1111111111111,0.0,1 serving (45 g),,openfoodfacts,2
728935,ms,Marks & Spencer,179.0,9.6,4.9,13.5,1 portion (100 g),,openfoodfacts,1
72945350700,cinnamon raisin,Sara-Lee,273.684210526316,9.47368421052632,54.7368421052632,1.57894736842105,1 Bagel (95 g),95.0g,openfoodfacts,2
72945612419,artesano bakery bread,Sara Lee,263.157894736842,8.913,50.2533125,6.334625,1 slice (38 g),567 g,openfoodfacts,3
72945766068,artesano bread hawaiian,Sara Lee,287.3002375,8.490995,48.53567875,5.40550125,38g,1 lb,openfoodfacts,3
73040062505,bread french sweet,,266.67,8.89,48.89,2.22,2 SLICES (45 g),,openfoodfacts,3
73124003202,bread panini,Toufayan,274.509803921569,9.80392156862745,49.0196078431373,5.88235294117647,0.5 bread (51 g),36 oz,openfoodfacts,2
73124005060,onion pita sweet,Toufayan,214.285714285714,8.92857142857143,44.6428571428571,0.0,1 loaf (56 g),12 oz,openfoodfacts,3
73124005183,bread pita pitettes,,286.0,10.71,53.57,1.79,1 LOAF (28 g),,openfoodfacts,3
73124005282,onion pitettes sweet,,286.0,10.71,53.57,0.0,1 LOAF (28 g),,openfoodfacts,3
73124005626,bread mini pita pitettes,,280.0,10.0,54.0,2.0,5 PIECES (50 g),,openfoodfacts,4
73124008146,croissants mini,Toufayan,458.333333333333,8.33333333333333,52.0833333333333,22.9166666666667,3 croissants (48 g),,openfoodfacts,2
73124008924,pockets smart,Toufayan,186.0,11.63,37.21,3.49,1 POCKET (43 g),,openfoodfacts,2
73124013164,keto pita toufayan,Toufayan,280.0,14.0,36.0,9.0,1 pita (50 g),,openfoodfacts,3
73130000882,bread oatnut,,289.47,10.53,50.0,5.26,1 SLICE (38 g),,openfoodfacts,2
73130003920,bread russian rye,,263.0,7.89,47.37,3.95,1 SLICE (38 g),,openfoodfacts,3
73130054410,bread hawaiian sweet,,289.47,7.89,52.63,5.26,1 SLICE (38 g),,openfoodfacts,3
73130352004,bread round top,Roman Meal,250.0,10.71,44.64,3.57,2 SLICES (56 g),,openfoodfacts,3
73132031006,saaa sweet wheat,Eureka Baking Company,271.0,14.58,43.75,6.25,1 SLICE (48 g),,openfoodfacts,3
73132031150,bread smooth soft white,Eureka!,271.0,8.33,52.08,2.08,1 SLICE (48 g),765g g,openfoodfacts,4
73140024311,bread restaurant rye,,267.0,10.0,46.67,3.33,1 SLICE (30 g),,openfoodfacts,3
73202509114,beef birria taquitos,Jose Ole,258.823529411765,7.05882352941176,31.7647058823529,10.5882352941176,3 taquitos (85 g),18 oz,openfoodfacts,3
73218346505,coconut hawaiin shortbread ube with,Diamond Bakery,533.333333333333,6.66666666666667,53.3333333333333,33.3333333333333,10 cookies (30 g),16 oz,openfoodfacts,5
73234003031,rice,KOKUHO,355.555555555556,6.66666666666667,80.0,0.0,0.25 cup (45 g),15 lbs,openfoodfacts,1
73321051167,cookies cream ice n,Dippin' Dots,208.333333333333,2.77777777777778,20.8333333333333,12.5,1 container (72 g),,openfoodfacts,4
73366207123,hawaiian winners,Redondo's,333.333333333333,11.11,2.22,28.89,1 LINK (45 g),,openfoodfacts,2
73402112459,bread enriched premium,Country Kitchen,275.0,10.0,55.0,2.5,1 SLICE (40 g),,openfoodfacts,3
73402117003,bread premium rye,"Country Kitchen,  Lepage Bakeries  Inc.",259.0,11.11,48.15,3.7,1 SLICE (27 g),,openfoodfacts,3
73410003046,bread brick oven premium white,Arnold,272.73,6.06,51.52,3.03,1 SLICE (33 g),,openfoodfacts,5
73410005002,enriched premium white,Arnold,258.064516129032,6.45161290322581,48.3870967741936,3.2258064516129,1 slice (31 g),2 lbs,openfoodfacts,3
73410013519,bread country,"Brownberry,  Arnold Sales Company  Llc",233.0,11.63,41.86,2.33,1 SLICE (43 g),,openfoodfacts,2
73410013540,bran oat,Arnold,255.81,9.3,48.84,4.65,1 SLICE (43 g),,openfoodfacts,2
73410017357,bread country honey nut,,302.0,9.3,51.16,6.98,1 SLICE (43 g),,openfoodfacts,4
73410135556,sandwich thins,,233.0,11.63,51.16,2.33,1 ROLL (43 g),,openfoodfacts,2
73410138656,bread potato premium smooth texture,,257.0,8.57,51.43,2.86,1 SLICE (35 g),,openfoodfacts,5
73410955543,bread rustic white,,271.0,8.33,52.08,2.08,1 SLICE (48 g),,openfoodfacts,3
73410955796,count honey sandwich thins wheat,Brownberry,263.16,10.53,49.12,1.75,1 ROLL (57 g),,openfoodfacts,5
73410955963,bread country soft white,Oroweat,269.2308,7.6923,50.0,2.8846,2 SLICES (52 g),,openfoodfacts,4
73410956144,bread potato premium,,257.0,8.57,51.43,2.86,1 SLICE (35 g),,openfoodfacts,3
73410956496,bread honey nut,,289.0,10.53,50.0,6.58,1 SLICE (38 g),,openfoodfacts,3
73410956557,bread honey oat,,275.0,7.5,55.0,3.75,1 SLICE (40 g),,openfoodfacts,3
73410957578,bread keto superior,BrownEy,142.857142857143,17.8571428571429,35.7142857142857,5.35714285714286,1 serving (28 g),1 lb 4 oz,openfoodfacts,3
73416040281,jasmine rice white,Lundberg Family Farms,355.555555555556,6.66666666666667,80.0,0.0,1 portion (45 g),32 oz,openfoodfacts,3
73435000013,bread round sweet,"King's Hawaiian,  King's Hawaiian Bakery West  Inc.",298.25,8.77,52.63,7.02,2 ONZ (57 g),16 oz,openfoodfacts,3
73474010042,dessert parfait rainbow yoders,Yoder's,91.0,1.82,19.09,0.91,0.5 cup (110 g),,openfoodfacts,4
73490131981,corn,Jeff Nathan Creations,466.666666666667,3.33333333333333,80.0,13.3333333333333,0.25 cup (30 g),15 oz,openfoodfacts,1
73497601555,cheddar chicharrones,MAC'S,285.714285714286,50.0,7.14285714285714,35.7142857142857,1 portion (14 g),4 oz,openfoodfacts,2
73541104803,ham parma,Beretta,203.590625,28.8999375,0.23835,9.7127625,2.0 slices (30.0 g),,openfoodfacts,2
73711316104,ann mary,S. Rosen's,267.85714285714,8.9285714285714,48.214285714286,4.4642857142857,1bun,,openfoodfacts,2
73711415517,bread rosens rye s,"S. Rosen's,  Alpha Baking Co. Inc.",250.0,7.14,46.43,3.57,1 SLICE (28 g),,openfoodfacts,4
73711415548,bread caraway rye seeds with,"S. Rosen's,  Alpha Baking Co. Inc.",263.0,7.89,47.37,3.95,1 SLICE (38 g),,openfoodfacts,5
73731087015,chicharrones pork rinds,Mission,607.142857142857,57.14,0.0,32.14,1 serving (14.175 g),,openfoodfacts,3
73800010692,twist,Faygo,36.6318945452291,0.0,9.58064934259838,0.0,1 12 oz glass (12 fl oz),,openfoodfacts,1
73899400138,broth miso ramen spicy,Yamasa,300.0,10.0,16.6666666666667,23.3333333333333,1 portion (30 ml),,openfoodfacts,4
74030102157,cheese ricotta,Galbani,96.7741935483871,9.67741935483871,6.45161290322581,2.41935483870968,0.25 cup (62 g),,openfoodfacts,2
740647,pbc,Trader Joe's,516.0,11.67,53.33,28.33,1 serving (60 g),,openfoodfacts,1
74117000413,bread enriched pita,,241.37931034483,10.344827586207,44.827586206897,3.448275862069,,,openfoodfacts,3
74117000963,bread mini pita,Joseph's,178.571,17.8571428571429,17.8571428571429,5.357,1 pita (28 g),8 oz,openfoodfacts,3
74117882033,mini pita snacks,Joseph's,216.21621622,16.21621622,29.72972973,6.75675676,5 pitas (37 g),,openfoodfacts,3
74175000660,wheat,,258.06,9.68,48.39,3.23,1.1 ONZ (31 g),,openfoodfacts,1
74175264727,croutons herb savory,,429.0,14.29,71.43,14.29,2 Tbsp (7 g),,openfoodfacts,3
74203104629,pita wheat,,263.15789473684,12.280701754386,54.385964912281,1.7543859649123,,,openfoodfacts,2
74323022742,bread toasted white,Bimbo,378.0,8.89,71.11,7.78,3 SLICES (45 g),,openfoodfacts,3
74323080735,bimbo bread panettone sweet,"Bimbo,  Bimbo Bakeries Usa  Inc.",339.0,8.93,55.36,8.93,0.111 LOAF (56 g),,openfoodfacts,4
74323092318,bimbo bread soft white,Bimbo,260.0,8.0,50.0,2.0,2 SLICES (50 g),,openfoodfacts,4
74323094596,rebanadas sweet toast,,500.0,5.4545454545455,68.181818181818,22.727272727273,2 PIECES (55 g),,openfoodfacts,3
74323095234,sponch,"Marinela, Bimbo",355.55555555556,3.3333333333333,72.222222222222,6.6666666666667,2 pieces (30 g),"3.17oz (90g), 6 cookies",openfoodfacts,1
743846,focaccia onion red tomato,Trader Joe’s,228.00544921875,5.53336195591518,37.5611616210937,5.24995298549108,1/3 focaccia (120g),360g,openfoodfacts,4
74410266943,aka miso red,Shirakiku,187.5,12.5,16.6666666666667,6.25,3.667 tbsp (24 g),,openfoodfacts,3
74410787295,bread strawberry sweet,Shirakiku,337.5,7.5,46.25,13.75,1 piece (80 g),,openfoodfacts,3
74410940218,natto,Shirakiku,175.438596491228,15.7894736842105,12.280701754386,8.7719298245614,1 pack (57 g),,openfoodfacts,1
74471011087,coffee espresso instant,Cafe Bustelo,396.6,0.12658228,40.2,15.4,237g,,openfoodfacts,3
74562005094,chorizo pork,Cacique,271.428571428571,9.0,2.9979702,16.017524,1 serving (70.874 g),9 oz,openfoodfacts,2
74680008526,mayonnaise,,666.66666666667,0.0,6.6666666666667,73.333333333333,1 Tbsp (15 g),,openfoodfacts,1
74680087019,mccaffreys mountain rocky,MCFD,538.466666666667,0.534817708333334,10.38640625,55.003125,5g,12 oz,openfoodfacts,3
74682000368,knudsen rw,Cranberry orange cinnamon juice,46.4943276920216,0.422675706291105,11.4122440698598,0.0,1 portion (8 fl oz),,openfoodfacts,2
74683005928,poppyseed,Skinnygirl,33.3333333333333,0.0,10.0,0.0,2 tbls (30 g),,openfoodfacts,1
74714085653,crouton,Mrs. Cubbison's,428.57,14.29,57.14,28.57,2 Tbsp (7 g),5 oz,openfoodfacts,1
74714085912,ciabatta croutons,Mrs. Cubbison's,429.0,14.29,71.43,14.29,2 Tbsp (7 g),,openfoodfacts,2
74714088241,cheese crisps,Sugar Foods Corporation,500.0,40.0,0.0,40.0,1.5 Tbsp (5 g),,openfoodfacts,2
747417,pancakes,Trader Joe's,350.0,5.86616666666667,39.51325,24.70675,2 griddle cakes (100 g),,openfoodfacts,1
74822300006,peanut powder pure,Crazy Richard's,610.0,22.8,14.8,49.1,2 tbsp (12 g),,openfoodfacts,3
74904104737,banaan,Chiquita,92.1212121212121,1.09090909090909,20.0,0.303030303030303,165 g,5 stuks,openfoodfacts,1
74956180574,beef franks,Hebrew National,306.122448979592,12.2,4.08,26.5,1 frank (49 g),,openfoodfacts,2
749619,bbq chicken teriyaki,Trader Joe's,160.0,20.6666666666667,7.33333333333333,6.0,1 cup frozen (150 g),21 oz,openfoodfacts,3
749718,bread focaccia,Trader Joe's,232.142857142857,8.92857142857143,41.0714285714286,4.46428571428571,0.12 loaf (56 g),,openfoodfacts,2
74982180609,chips hot potato red,Backer's,535.714285714286,7.1428571428571,53.571428571429,32.142857142857,,,openfoodfacts,4
75013080318,cherry nectar sour,Saradis,257.142857142857,0.0,60.0,0.0,6 tablespoons (35 g),,openfoodfacts,3
75072001132,marinated mushrooms,Cosmo’s,33.3333333333333,0.0,6.66666666666667,0.0,1 serving (30 g),,openfoodfacts,2
75128000164,authentic recipe southern,Savannah Classics,250.0,3.84615384615385,34.6153846153846,11.5384615384615,3 piece (52 g),,openfoodfacts,3
75135010163,bread crispy crunchy enriched french,Lupi-Marchigiano Bakery,263.0,8.77,54.39,1.75,2 ONZ (57 g),,openfoodfacts,5
75185006024,bread cinn raisin,Martin's,281.25,12.5,53.13,3.13,1.13 ONZ (32 g),16 oz,openfoodfacts,3
75192001036,vienna,Rotella's Italian Bakery,266.66666666667,11.111111111111,46.666666666667,3.3333333333333,1.6 ONZ (45 g),,openfoodfacts,1
75192001104,bread krispy krust vienna,,267.0,10.0,48.33,2.5,2 INCHES (60 g),,openfoodfacts,4
75192001159,bread supreme twist,,283.0,10.87,47.83,3.26,1.6 ONZ (46 g),,openfoodfacts,3
75192001173,steakhouse twist,Rotella's Italian Bakery,264.150943396226,11.538461538462,48.076923076923,3.8461538461538,1.9 ONZ (52 g),,openfoodfacts,2
75192001210,sandwich soft white,,264.0,9.43,47.17,3.77,1.9 ONZ (53 g),,openfoodfacts,3
752367,coated crispy crunchy peanuts,Trader Joe's,433.333333333333,13.3333333333333,66.6666666666667,15.0,1 serving (30 g),,openfoodfacts,4
752558,banana cocoa soya,Trader Joe's,300.0,0.0,70.0,0.0,1 serving (20 g),,openfoodfacts,3
75365063038,bread focaccia herbed,Cat Cora's Kitchen,284.0,8.11,44.59,8.11,1 FOCACCIA (74 g),,openfoodfacts,3
75370001261,conchita,conchita,250.0,0.0,65.0,0.0,,,openfoodfacts,1
75370007102,cookies maria,,433.33333333333,6.6666666666667,80.0,11.666666666667,,,openfoodfacts,2
75391022023,crab imitation meat,Sea Best,94.1176470588235,14.29,21.43,1.19,3 oz (84 g),,openfoodfacts,3
75391071588,raw shrimp,Sea Best,73.8045,14.68635,2.393055,0.62622,7 shrimp (112 g),,openfoodfacts,2
75450172966,bread enriched smart thats white,Hy-Vee  Inc.,267.0,6.67,51.11,2.22,2 SLICES (45 g),,openfoodfacts,5
75450173000,bread smart thats wheat,Hy-Vee  Inc.,250.0,7.14,46.43,3.57,1 SLICE (28 g),,openfoodfacts,4
75450816532,busters crust,Hyvee,370.967741935484,12.9032258064516,40.3225806451613,16.1290322580645,1 sandwich (62 g),,openfoodfacts,2
75500005206,siracha,texas pete,83.3333333333333,1.85915,8.138,0.31485,1 serving (6 g),18 oz,openfoodfacts,1
75501962935,cheese fat reduced swiss,Jarlsberg Lite,238.095238095238,33.3333333333333,4.76190476190476,11.9047619047619,1 slice (21 g),,openfoodfacts,4
755306,bites panzerotti pizza,Panzerotti,282.352941176471,9.41176470588235,37.6470588235294,10.5882352941176,3 piece (85 g),,openfoodfacts,3
75558693530,creamy soup tomato,Panera Bread,83.3333333333333,1.25,7.5,5.41666666666667,240g,32 oz,openfoodfacts,3
756396,sheets tofu,Trader Joe's,0.0,25.875,15.6,14.4,1/2 package (90g),6.35 oz (180g),openfoodfacts,2
75669121106,instant oats,Iberia,319.14893617021,10.63829787234,51.063829787234,8.5106382978723,1 serving (0.5 cup),,openfoodfacts,2
75700050198,cacao nibs,Waialua Estate Dole,491.228070175439,12.280701754386,33.3333333333333,49.1228070175439,1 'ahu's famed north s (57 g),8 oz,openfoodfacts,2
757492,chickpea coconut curry,TRADER JOE'S INDIAN FARE,121.428571428571,1.22707912868924,2.8239667087131,7.11061206393772,1 package (280 g),10 oz,openfoodfacts,3
75810021255,brewed sauce soy tamari,San-J,55.5555555555556,4.735125,2.8548,2.6352,1 serving (18 g),,openfoodfacts,4
75925306285,cheddar jack,Crystal Farms,392.857142857143,21.428571428571,3.5714285714286,32.142857142857,1/4 cup (28 g),8 oz,openfoodfacts,2
76057001789,bread brown,Pan-O-Gold Baking Co.,265.0,8.82,47.06,2.94,1 SLICE (34 g),,openfoodfacts,2
76057004148,bread rye unseeded,Village Hearth,250.0,10.71,50.0,1.79,1 SLICE (28 g),454 g,openfoodfacts,3
76057007125,bakeshop bread premium wheat,,268.0,9.76,53.66,2.44,2 SLICES (41 g),,openfoodfacts,4
76185000036,bread country rustic wheat,Arnie's,250.0,10.71,42.86,5.36,1 SLICE (28 g),,openfoodfacts,4
76197003803,cherry cream ice sandwich,Dean's country fresh,267.857142857143,3.57142857142857,44.6428571428571,8.92857142857143,1 sandwich (56 g),,openfoodfacts,4
76410901626,butter crackers peanut sandwich toasty,Lance,500.0,11.1,58.3,25.0,36.0g,1.29 oz,openfoodfacts,5
76592109988,bread kosher pocket,Masada,136.0,4.71,28.24,0.0,3 ONZ (85 g),,openfoodfacts,3
76592333086,bread brick mediterranean oven pita,Global Bakeries Inc.,222.0,6.67,46.67,0.0,0.5 PITTA (45 g),,openfoodfacts,5
76598780006,arabic bread,,254.23728813559,8.4745762711864,50.847457627119,0.84745762711864,,,openfoodfacts,2
76793401027,arabic pita,The Bread Garden,286.0,10.71,53.57,0.0,28 g,,openfoodfacts,2
76800006696,french toast,Dneedos Bagels,271.6,8.64,55.56,1.23,1 BAGEL (81 g),,openfoodfacts,2
76808009934,biscottate fette,Barilla,388.88888888889,11.111111111111,72.222222222222,5.5555555555556,,,openfoodfacts,2
76808520071,pipette,"Barilla America  Inc., Barilla",359.0,13.0,71.0,2.0,1 portion (56 g),,openfoodfacts,1
76808535600,mini penne,Barilla,357.142857142857,12.5,75.0,1.79,2 ONZ (56 g),,openfoodfacts,2
76840004508,mocha mood pie,Ben & Jerry’s,291.338582677165,3.93700787401575,34.6456692913386,16.5354330708661,0.667 cup (127 g),,openfoodfacts,3
77377048720,curry hot vermont,House Foods,526.315789473684,5.26315789473684,42.1052631578947,36.8421052631579,0.083 package (19 g),,openfoodfacts,3
77377113152,curry mix sauce vermont,House Foods,526.315789473684,5.26315789473684,42.1052631578947,36.8421052631579,19 g,,openfoodfacts,4
77507000574,pockets sandwich,,286.0,8.57,51.43,2.86,1 PACKET (35 g),,openfoodfacts,2
77521213684,bbq satay sauce,Yeo's,233.333333333333,6.66666666666667,20.0,13.3333333333333,1 portion (30 ml),,openfoodfacts,3
77544195028,crouton herbs mediterranean osem,Osem,457.0,8.57,57.14,21.43,2 Tbsp (7 g),,openfoodfacts,4
77544195035,crouton mediterranean,,457.0,8.57,57.14,21.43,2 Tbsp (7 g),,openfoodfacts,2
77544297807,croutons mini,Osem,500.0,1.0,57.142857142857,28.571428571429,1 ONZ (28 g),"14.1 oz, 400 g",openfoodfacts,2
77576000123,neomonde pita pocket white,,214.28571428571,7.1428571428571,40.47619047619,0.0,,12 oz,openfoodfacts,4
77589401085,authentic pita,Kronos,308.783125,7.6319375,39.6365625,12.3583125,1 pita (71 g),,openfoodfacts,2
77633043384,bread enriched sunbeam thin,Flowers Foods  Inc.,268.0,7.32,53.66,2.44,1.5 ONZ (41 g),,openfoodfacts,4
77633044367,bread enriched round top,Sunbeam,261.0,8.7,52.17,3.26,1.6 ONZ (46 g),,openfoodfacts,4
776776,naan tandoori,Trader Joe's,294.117647058824,5.71740754722222,39.6637961805556,6.4100205625,85g,12 oz,openfoodfacts,2
77745291857,chef ham turkey with,Bonduelle Bistro,113.636363636364,5.45454545454545,4.54545454545455,8.63636363636364,1 bowl (220 g),,openfoodfacts,4
77745291871,bacon cobb turkey,Bonduelle Bistro,101.941747572816,5.33980582524272,3.88349514563107,7.76699029126214,1 container (206 g),,openfoodfacts,3
77890335499,bread round,,228.0,7.02,43.86,3.51,"2 ) 1/2"" SLICES | ( (57 g)",,openfoodfacts,2
77890371268,bread harvest,,260.0,12.0,46.0,4.0,"1.75 "" SLICE (50 g)",,openfoodfacts,2
77890390511,bread parmesan tomato zesty,Wegmans Food Markets  Inc.,260.0,10.0,44.0,5.0,0.17 LOAF (50 g),,openfoodfacts,4
77890400647,bacon bread cheese,,281.0,14.04,29.82,10.53,"0.75 "" SLICE (57 g)",,openfoodfacts,3
77890404614,baked caesar croutons twice,"Wegmans,  Wegmans Food Markets  Inc.",429.0,14.29,57.14,14.29,2 Tbsp (7 g),,openfoodfacts,4
77890405185,kefir probiotic,Wegmans,58.0,4.58,8.33,0.83,1 cup (240 ml),,openfoodfacts,2
77890412053,bread cheese,"Wegmans,  Wegmans Food Markets  Inc.",246.0,12.28,29.82,8.77,0.75 SLICE (57 g),,openfoodfacts,2
77890440162,preserves raspberry red,Wegmans,250.0,0.0,65.0,0.0,,,openfoodfacts,3
77890472323,soup,Wegman's ORGANIC Chicken Noodle,37.647058823529,2.3529411764706,4.7058823529412,1.1764705882353,425g,425 g,openfoodfacts,1
77890484807,cranberry kombucha peach spritzer,Wegmans,12.6760563380282,0.0,2.8169014084507,0.0,355mL,,openfoodfacts,4
77890491935,carrots,Wegmans Organic,38.4615384615385,0.63,7.59,0.25,1 MEDIUM CARROT (78 g),16 oz/1 lbs/454 g,openfoodfacts,1
77890513934,bread marathon,Wegmans,164.02998695281,5.77203606295175,17.9261103798706,6.49902196089769,2 slices,18.0 oz,openfoodfacts,2
77890521861,pasture powder protein raised whey,Wegmans,363.636363636364,81.8181818181818,4.54545454545455,2.27272727272727,1 Scoop (22 g),32 oz,openfoodfacts,5
77890565162,bite frosted shredded size wheat,Wegmans,350.0,8.33333333333333,83.3333333333333,1.666,60,18 g,openfoodfacts,5
77890615522,breaded haddock,Wegmans,125.28,11.54,7.0,5.587,213g,30 oz,openfoodfacts,2
77900003431,dean jimmy,Cinnamon Waffles Frozen,287.5,25.0,22.5,11.25,2 waffles (80 g),,openfoodfacts,2
77901001122,brie coeur de,Président,285.714285714286,17.86,0.0,25.0,1 ONZ (28 g),,openfoodfacts,3
77958694148,baked potato soup,Panera Bread,88.0281690140845,1.06042987917364,5.02954753226292,1.89123599433527,1 container (284 g),"1, 284 g",openfoodfacts,3
77975010167,braided honey twist wheat,Snyder's of Hanover,392.857142857143,6.407521875,51.187796875,1.815792421875,7 pretzels (28 g),12 oz,openfoodfacts,4
78000083163,diet dr pepper,Dr Pepper,0.0,0.0,0.0,0.0,12 OZA (355 ml),12 Cans,openfoodfacts,3
780520,ew pad see,Trader Joe's,211.267605633803,9.15492957746479,30.9859154929577,7.74647887323944,0.5 container (142 g),10 oz,openfoodfacts,3
781213,butter honey peanut with,Trader Joe's,593.75,17.13622,21.351575,36.75135,32g,16 oz,openfoodfacts,4
78296214098,bread ukrainian,,235.93310546875,9.83292578125,43.01908203125,1.331513671875,,,openfoodfacts,2
78296568566,bread irish,,350.87719298246,7.0175438596491,57.894736842105,10.526315789474,,,openfoodfacts,2
782975,hoisin sauce,Trader Joe's,500.0,4.20603303571429,57.0519882142857,2.24080035714286,36 g,,openfoodfacts,2
78354703182,cheddar cheese extra sharp,Cabot Creamery,392.857142857143,25.0,3.57142857142857,32.1428571428571,10 z (28 g),8 oz,openfoodfacts,4
78354703939,cheese jack monterey shredded,Cabot Creamery,392.857142857143,25.0,3.57,32.14,0.25 cup (28 g),,openfoodfacts,4
785556,soyaki,trader joe’s,222.222222222222,5.9695,8.08975,3.992,1 tbsp (18 g),21 oz,openfoodfacts,1
78619000834,hamentashen prune,Reisman's,428.571428571429,3.57142857142857,53.5714285714286,21.4285714285714,28 g,10 oz,openfoodfacts,2
78642603002,bites cheezy crust stuffed,Wild Mikes,247.78761061947,16.814159292035,24.778761061947,9.7345132743363,4 pieces (113 g),18 oz,openfoodfacts,4
78700801593,bread buttertop white,Nature's Harvest,247.483176315789,7.61241855263158,48.492057631579,1.42527549342105,2 slice (52 g),,openfoodfacts,3
78700801609,bread butter harvest natures wheat,"Nature's Harvest,  Bimbo Bakeries Usa  Inc.",250.0,9.62,46.15,1.92,2 SLICES (52 g),,openfoodfacts,5
78700801654,bread wheatberry,,256.0,9.3,48.84,2.33,1 SLICE (43 g),,openfoodfacts,2
78700801777,bread harvest honey natures wheatberry,"Nature's Harvest,  Bimbo Bakeries Usa  Inc.",258.0,9.68,48.39,3.23,1 SLICE (31 g),,openfoodfacts,5
78711361840,potato sweet,Great Value,81.8181818181818,0.0,20.0,0.0,1 cup (110 g),,openfoodfacts,2
787338,charcuteria inspired spanish,Trader Joe's,200.0,26.6666666666667,0.0,10.0,7 slices (30 g),6 oz,openfoodfacts,3
78742003979,cream ice sandwiche,Great Value,267.857142857143,2.9993582811554,10.7828476507713,6.53762906665412,1 sandwich (56 g),,openfoodfacts,3
78742006444,banana chips sweetened,Great Value,533.333333333333,3.33333333333333,63.3333333333333,30.0,30 g,340 g,openfoodfacts,3
78742012582,apricots dried,Great Value,275.0,2.5,65.0,0.0,6 apricots (40 g),,openfoodfacts,2
78742025520,raspberries,Great Value,50.0,1.19,5.83,0.8,1 serving (140 g),,openfoodfacts,1
78742067995,bread enriched first price white,"Price First,  Wal-Mart Stores  Inc.",250.0,7.14,46.43,3.57,1 SLICE (28 g),,openfoodfacts,5
78742089645,cookies cream ice,Great Value,126.109895833333,3.25816145833333,10.6089583333333,7.442875,0.67 cup (89 g),,openfoodfacts,3
78742110684,peas sweet,Great Value,48.0,2.4,8.8,0.0,0.5 cup (125 g),,openfoodfacts,2
78742113739,bread country sandwich white,Wal-Mart Stores  Inc.,265.0,8.16,46.94,4.08,1 SLICE (49 g),,openfoodfacts,4
78742127033,cheese cream spread strawberry whipped,Great Value,272.727272727273,4.54545454545455,18.1818181818182,18.1818181818182,2 Tbsp (22 g),12 oz,openfoodfacts,5
78742130460,cheese swiss,Great Value,392.857142857143,28.5714285714286,0.0,32.1428571428571,1 serving (28 g),,openfoodfacts,2
78742131825,poppy seed,Great Value,0.0,0.0,0.0,0.0,15 ml (15 ml),,openfoodfacts,2
78742132501,bakery bread irish soda the,"The Bakery,  Wal-Mart Stores  Inc.",345.0,7.27,58.18,9.09,2 ONZ (55 g),,openfoodfacts,5
78742132853,bread monkey,,339.0,7.14,60.71,8.93,2 ONZ (56 g),,openfoodfacts,2
78742132884,bakery banana bread the,"The Bakery,  Wal-Mart Stores  Inc.",339.0,5.36,57.14,10.71,2 ONZ (56 g),,openfoodfacts,4
78742133744,cooked shrimp,Great Value,83.3333333333333,14.3,2.38,1.79,19 shrimp (84 g),12 oz,openfoodfacts,2
78742135472,bread sd,Walmart,263.052375,9.82543666666667,49.7962583333334,1.335125,1 slice (49 g),,openfoodfacts,2
78742141329,broth chicken reduced sodium,Great Value,4.08163265306122,0.408163265306122,0.0,0.0,1 serving (245 ml),,openfoodfacts,4
78742147123,beef broth,Great Value Organic,4.16666666666667,0.833333333333333,0.0,0.0,1 serving (240 ml),32 oz,openfoodfacts,2
78742148014,cake corn sweet,Great value,272.727272727273,1.81818181818182,34.5454545454545,14.6,1/4 cup (55 g),28 oz/793 g,openfoodfacts,3
78742162904,cornbread sweet,,385.96,5.26,42.11,22.81,1 CORNBREAD (57 g),16 oz,openfoodfacts,2
78742195797,butter creamy peanut spread,Member's Mark,562.5,21.88,25.0,46.88,2 Tbsp (32 g),,openfoodfacts,4
78742212531,honey raw,Great Value,285.714285714286,0.0,81.7,0.0,1 Tbsp (21 g),32 oz,openfoodfacts,2
78742225739,cut french fried potatoes steak,Great Value,105.882352941176,2.35294117647059,18.8235294117647,2.35294117647059,7 pieces (85 g),28 oz,openfoodfacts,5
78742229355,potatoes seasoned shredded taters,Great Value,190.47619047619,2.38,23.81,9.52,3 ONZ (84 g),,openfoodfacts,4
78742240602,bread brioche,Walmart,340.0,10.0,52.0,10.0,,,openfoodfacts,2
78742253893,cherries dark sweet,Great Value,78.5714285714286,1.42857142857143,19.2857142857143,0.0,1 serving (140 g),,openfoodfacts,3
78742264301,mini naan,,300.0,8.0,46.0,10.0,1 NAAN (50 g),,openfoodfacts,2
78742283128,mayo,Great Value,692.307692307692,0.0,0.0,76.9230769230769,1 Tbsp (13 g),,openfoodfacts,1
78742300665,chia seeds,Organic Great Value,541.666666666667,20.8333333333333,33.3333333333333,33.3333333333333,24g,32 oz,openfoodfacts,2
78742309439,nuts pine,"Great Value,Walmart",685.0,13.7,6.31,65.0,1 z (28 g),4 oz,openfoodfacts,2
78742432410,condensed soup,Great Value,143.058550502232,0.925846944754466,7.65351724330358,11.9636346958705,0.5 cup (126 g),,openfoodfacts,2
78742442662,cheese cream spread strawberry,Great Value,290.322580645161,3.2258064516129,16.1290322580645,25.8064516129032,2 Tbsp (31 g),8 oz,openfoodfacts,4
78821100896,bread kitchen queen wheat,Alfred Nickles Bakery Inc.,240.0,8.0,50.0,2.0,2 SLICES (50 g),,openfoodfacts,4
78895126396,premium sauce soy,LEE KUM KEE,36.95,6.518,12.06,3.435,1 portion (20 ml),500ml,openfoodfacts,3
78895135411,beef for ready sauce teriyaki,LEE KUM KEE,224.665391969407,5.09443684895833,58.736578125,2.40433138020833,,100g,openfoodfacts,5
78935005117,crispbread dark fat free rye,Ryvita,342.0,8.5,66.5,1.0,2 SLICES (APPROX.) (20 g),,openfoodfacts,5
78935005124,crispbread rye sesame,Ryvita,380.95238095238,14.285714285714,57.142857142857,7.1428571428571,"2 SLICES, AVERAGE (20 g)",250g,openfoodfacts,3
78935005469,snackbread,Ryvita,400.0,13.333333333333,73.333333333333,3.3333333333333,15 g,125 g,openfoodfacts,1
78976321382,pane turano,Turano,254.901960784314,9.80392156862745,52.9411764705882,0.980392156862745,1 slice (51 g),907 g,openfoodfacts,2
79113472127,cajun crunch hot spicy,Binny's Beverage Depot,535.714285714286,13.333333333333,43.333333333333,33.333333333333,,,openfoodfacts,4
791816,feta spread whipped,Trader Joe's,250.0,14.2857142857143,3.57142857142857,21.4285714285714,2 tbsp. (28 g),8 oz,openfoodfacts,3
79344003626,bread dark farmers rye,,171.0,5.41,36.04,1.8,1 SLICE (55.5 g),,openfoodfacts,4
79729101053,round toaster,Minnie Marie Bakers  Inc.,419.0,4.65,51.16,20.93,1 SLICE (43 g),,openfoodfacts,2
797474,crackers crisp wheat,Trader Joe's,400.0,6.66666666666667,70.0,13.3333333333333,15 crackers (30 g),9 oz,openfoodfacts,3
79893114385,bread quinoa,Open Nature,233.0,11.63,44.19,2.33,1 SLICE (43 g),,openfoodfacts,2
799591,sandwich starters,TRADER JOE'S,272.727272727273,9.09090909090909,46.969696969697,7.57575757575758,66g,14 oz,openfoodfacts,2
80000495433,croquettes marinades tuna,Dolphin,203.125,19.0,22.0,10.0,1 kit (128 g),4.1oz,openfoodfacts,3
80000513083,creations spicy sweet tuna,StarKist,121.621621621622,21.62,5.41,0.68,1 pouch (74 g),,openfoodfacts,4
80000514202,creations ranch tuna,StarKist,94.5945945945946,20.27027027027,1.3513513513514,1.3513513513514,1 POUCH (74 g),,openfoodfacts,3
80046191917,de pao queijo,Mais Brasil,260.0,4.0,36.0,12.0,1 portion (50 g),25 oz,openfoodfacts,3
806657,dried freeze strawberries,Trader Joe's,352.941176470588,0.63,6.03,0.25,1 bag (34 g),,openfoodfacts,3
808736,diced pancetta uncured,Trader Joe's,303.571428571429,16.0714285714286,0.0,26.7857142857143,0.5 container (56 g),,openfoodfacts,3
80932328304,bread free from white,,248.648648648649,4.5945947234695,42.7027032182023,4.32432438876178,37.0g,,openfoodfacts,4
81073006366,beef jerky,Enjoy,285.714285714286,50.0,14.285714285714,3.5714285714286,,12 oz,openfoodfacts,2
81073006380,beef jerky premium,Enjoy Gourmet Foods,285.71428571429,53.571428571429,10.714285714286,3.5714285714286,1 oz. (28 g),,openfoodfacts,3
81511049825,mediterranean pita,American Bakery Products  Inc.,238.0,14.29,69.84,1.59,2.24 ONZ (63 g),,openfoodfacts,2
82011570680,do dos si,girl scouts,470.588235294118,8.82352941176471,64.7058823529412,20.5882352941176,3 cookie (34 g),"8 oz, 226 g",openfoodfacts,3
82011570710,mints thin,girl scouts,516.129032258065,2.0,21.0,7.0,4 cookies (31 g),9oz,openfoodfacts,2
82011570727,samoas,girl scouts,517.241379310345,3.44827586206897,62.0689655172414,27.5862068965517,2 cookie (29 g),7.5oz (212g),openfoodfacts,1
82045497465,and brown carrots chicken rice,,127.34082397004,5.2434456928839,10.486891385768,7.4906367041198,,,openfoodfacts,5
822374,spicy spuds,Trader Joe's,185.840707964602,3.53982300884956,21.2389380530973,10.6194690265487,1 cup frozen (113 g),20 oz,openfoodfacts,2
823807,cheddar cheese snackers,Trader Joe's Unexpected,380.952380952381,23.8095238095238,0.0,33.3333333333333,1 piece (21 g),6 oz,openfoodfacts,3
825702,pancakes protein,Trader Joe's,220.0,20.0,25.0,4.5,1 serving (139 g),4.9 oz,openfoodfacts,2
82592194107,banana boosted machine smoothie strawberry,Naked,61.016949152542,0.33898305084746,11.525423728814,0.0,,,openfoodfacts,5
826440,bianca pizza,TRADER JOE'S,330.434782608696,9.56521739130435,17.3913043478261,24.3478260869565,0.333 pizza (115 g),,openfoodfacts,2
82666000136,chip pop,Pop chip,434.782608695652,4.34782608695652,73.9130434782609,15.2173913043478,23g,28 oz,openfoodfacts,2
827805,bites oat pbj,Trader Joes,405.40540540541,5.4054054054054,64.864864864865,13.513513513514,1 piece (37 g),800 g,openfoodfacts,3
827829,bites oat raspberry,Trader Joe's,378.378378378378,5.40540540540541,67.5675675675676,10.8108108108108,1 piece (37 g),,openfoodfacts,3
828215,peppers stuffed,Trader Joe's,93.8967136150235,4.69483568075117,9.38967136150235,4.22535211267606,1 piece (213 g),15 oz,openfoodfacts,2
831895,bbq fried pork rice,Trader Joe's,188.48167539267,6.28272251308901,29.3193717277487,4.71204188481675,1.333 cups frozen (191 g),16 oz,openfoodfacts,4
83322110909,bon yurt,Alpina,128.048780487805,2.4390243902439,20.1219512195122,3.96341463414634,1 portion (164 g),,openfoodfacts,2
83387795424,honey pure raw,Cheatwood's,64.0,0.0,17.0,0.0,1 Tbsp (21 g),36 oz (2 lb 4 oz) 1088.62 mL,openfoodfacts,3
836692,cheese crunchies spicy,Trader Joes,464.285714285714,7.14285714285714,60.7142857142857,21.4285714285714,1 portion (28 g),7 oz,openfoodfacts,3
837514,cake coconut mini sheet toasted,Trader Joe’s,376.470588235294,3.52941176470588,47.0588235294118,18.8235294117647,1 portion (85 g),18 oz,openfoodfacts,5
84000357012,cheese doritos nacho,Doritos,535.714285714286,7.14285714285714,60.7142857142857,28.5714285714286,11 chips (28 g),,openfoodfacts,3
84213000781,bread fitness,Mestemacher,208.33333333333,5.5555555555556,41.666666666667,1.3888888888889,1 PIECE (72 g),,openfoodfacts,2
84213011374,bread pain protein proteine,Mestemacher,280.0,24.0,22.0,14.0,1 piece (50 g),250 g,openfoodfacts,4
84380957543,apricot fruit spread,ST DALFOUR,200.0,0.0,50.0,0.0,1 tbsp (20 g),284 g,openfoodfacts,3
84617012311,bread irish soda,,351.0,7.02,57.89,10.53,2 ONZ (57 g),,openfoodfacts,3
84909002341,currypaste rote,"Cock Brand, Thai World Import & Export Co.",122.0,3.6,12.0,5.5,50g,400g,openfoodfacts,2
84909009005,curry masaman paste,Cock,115.0,3.6,12.0,4.6,,50g,openfoodfacts,3
85002292912,chicken seasoned street taco,Custom Made Meals,125.0,28.54321875,1.3690375,1.95245375,112g,16 oz,openfoodfacts,4
85239006078,bake bread ciabatta take,,250.0,8.93,50.0,0.0,2 ONZ (56 g),,openfoodfacts,4
85239006085,bake bread french take,,250.0,8.93,50.0,0.0,2 ONZ (56 g),,openfoodfacts,4
85239039007,jack monterey,Good & Gather,357.142857142857,25.0,0.0,28.57,1 ONZ (28 g),,openfoodfacts,2
85239051573,bakery day favorite,Favorite Day Bakery,321.428571428571,3.57142857142857,46.4285714285714,14.2857142857143,2 cookie (28 g),,openfoodfacts,3
85239110294,bread honey sprouted wheat,Target Stores,214.0,10.71,42.86,0.0,1 ONZ (28 g),,openfoodfacts,4
85239129210,bruschetta toasts,Archer Farms,438.0,6.25,43.75,18.75,8 TOASTS (16 g),,openfoodfacts,2
85239131756,bake ciabatta take,,246.0,8.77,50.88,0.88,2 ONZ (57 g),,openfoodfacts,3
85239132319,bread french soft,Favorite Day Bakery Target,245.614035087719,8.7719298245614,52.6315789473684,1.75438596491228,2.75 inch slice (57 g),,openfoodfacts,3
85239132326,bread demi french,Target Stores,263.15789474,8.77192982,52.63157895,1.75438596,1 serving (57 g),,openfoodfacts,3
85239189382,chicken rotisserie seasoned shredded,Good & Gather,154.761904761905,24.0,1.0,3.0,1 serving (85.048 g),12 oz,openfoodfacts,4
85239221648,crust pizza thin,,298.0,8.51,55.32,5.32,0.17 PIZZA CRUST (47 g),,openfoodfacts,3
85239362242,basmati rice spiced,Good and gather,183.333333333333,4.16666666666667,35.8333333333333,2.91666666666667,1.0 package (240.0 g),,openfoodfacts,3
85239412428,bread demi french wheat,,228.0,8.77,45.61,1.75,2 ONZ (57 g),,openfoodfacts,4
85239430224,ciabatta square,,263.0,8.77,56.14,0.0,2 ONZ (57 g),,openfoodfacts,2
85239430309,bread breakfast,Target Stores,317.0,7.32,56.1,7.32,1 SLICE (41 g),,openfoodfacts,2
85239430965,archer bread breakfast farms,"Archer Farms,  Target Stores",325.0,10.0,57.5,7.5,1 SLICE (40 g),,openfoodfacts,4
85239511398,bread enriched top white,Target Stores,250.0,7.14,50.0,3.57,1 SLICE (28 g),,openfoodfacts,4
85239921746,mix smores,Favorite Day,480.0,4.0,60.0,28.0,0.25 cup (25 g),,openfoodfacts,2
85239976135,cranberries dried sweetened,Good And Gather,321.42857142857,0.0,82.142857142857,0.0,1 box (28 g),,openfoodfacts,3
85315014539,hiyashi ramen,Sun Noodle,208.530805687204,6.16113744075829,41.7061611374408,0.947867298578199,1 pkg noodles (211 g),,openfoodfacts,2
85582021285,madness mix munch snack,Virginia Diner,500.0,10.7142857142857,57.1428571428571,28.5714285714286,0.25 cup (28 g),5 oz,openfoodfacts,4
858526,croquettes potato,M&S Food,207.0,3.0,24.6,10.2,1 croquette (42 g),250g,openfoodfacts,2
86800300021,crumpets,,181.0,6.79,40.72,0.0,1.56 ONZ (44.2 g),,openfoodfacts,1
87076456405,peanuts tajin,snak club,651.162790697674,23.255813953488,18.604651162791,46.511627906977,43g,1.5 oz,openfoodfacts,2
87427439804,chicken crispy shredded tacos,Don Lee Farms,116.994755548954,14.6566613088131,2.79802851102352,5.15300522751808,2 tacos (121 g),34 oz,openfoodfacts,4
87703006089,danmuji jaune marines radis,,8.0,0.3,2.6,0.1,,350 g,openfoodfacts,4
87703080324,shrimp shumai,Wang Korea,133.333333333333,6.66666666666667,18.8888888888889,3.33333333333333,1 portion (90 g),,openfoodfacts,2
878135,arrabbiata penne,Trader Giotto's,128.571428571429,3.57142857142857,20.7142857142857,2.85714285714286,1 cup (140 g),16 oz,openfoodfacts,2
88209821169,bebida de pina,Estrella Azul,32.0,0.4,7.6,0.0,1 ms. valor diario de az�cares a�adidos de acuerdo a (250 ml),,openfoodfacts,3
88702015607,preserves strawberry,Bonne Maman,250.0,0.4,59.0,0.1,1 tbsp (20 g),370 g,openfoodfacts,2
89094022990,carb protein zero,Isopure,344.827586206897,86.2068965517241,0.0,0.0,1 portion (29 g),16 oz,openfoodfacts,3
89094036645,drink protein,Isopure,26.0108126948372,6.40266158642148,0.0,0.0,1 Bottle (16.9 fl oz),,openfoodfacts,2
89686729047,cheese chips corn maxicorn nacho,,100.0,0.0,12.0,5.0,,140gr,openfoodfacts,5
89812566997,bread crust pita,Fotis & Son Imports  Inc.,172.0,7.81,20.31,6.25,64 g (64 g),,openfoodfacts,3
90798136913,batard nordique,Super U,337.3,14.0,50.0,7.7,20.0g,,openfoodfacts,2
91296269257,bread nut pumpkin,,353.0,7.84,47.06,13.73,25.5 g (25.5 g),,openfoodfacts,3
91475579566,fuit punch,Milo's,37.5,0.0,9.58333333333333,0.0,8 floz (240 ml),,openfoodfacts,2
93215150400,chowder crackers oyster soup,Westminster Bakers Co,423.280423280423,7.05467372134039,70.5467372134039,10.5820105820106,1 bag (14.175 g),1/2 OZ,openfoodfacts,4
94184015226,jumbo peanuts roasted,Henrietta Said,566.666666666667,23.3333333333333,16.6666666666667,50.0,0.25 cup (30.0 g),,openfoodfacts,3
94321884746,beef habanero honey jerky,Glenwood,321.428571428572,35.714285714286,32.142857142857,3.5714285714286,,10 oz,openfoodfacts,4
94922976055,authentic beead pita,,315.78947368421,10.526315789474,68.421052631579,0.0,,8 oz,openfoodfacts,3
951418,cheese fat mac reduced,Trader Joe's,131.313131313131,6.56565656565657,18.1818181818182,3.53535353535354,1 package (198 g),7 oz,openfoodfacts,4
952811,crisps raisin rosemary,Trader Joe's,300.0,6.2006546875,25.147396875,3.86189375,11 crackers (30 g),150g,openfoodfacts,3
96619032464,cashews,Kirkland Signature,600.0,13.0564171875,17.59121875,49.238865625,0.25 cup (30 g),1.07kg,openfoodfacts,1
96619193745,crepes,KIRKLAND,500.0,6.66666666666667,70.0,20.0,6 pieces (30 g),,openfoodfacts,1
96619236381,dinde jambon,Kirkland Signature,116.666666666667,20.0,0.0,1.66666666666667,5 slices (60 g),3 x 300 g,openfoodfacts,2
96619263424,chopped onion,Kirkland,348.0,8.95,75.0,0.46,2 tbsp (20 g),,openfoodfacts,2
96619332731,macadamia nuts,Kirkland Signature,751.06,7.9001125,5.213475,75.70525,12 pieces (28 g),24 oz (1.5 lb) 680 g,openfoodfacts,2
96619332748,roasted seasoned seaweed,Kirkland signature,588.235294117647,73.5294117647059,0.0,58.8235294117647,3.4g,17 g,openfoodfacts,3
96619367351,beef dinner franks,Kirkland Signature,300.813008130081,13.0081300813008,3.2520325203252,25.2032520325203,1 link (123 g),61 oz,openfoodfacts,3
96619370030,bread parmesan rosemary,Kirkland,238.946318181818,9.54047556818182,41.0042636363636,5.18608522727273,0.13 loaf (50 g),32 oz,openfoodfacts,3
96619381784,de eau source,"Costco, Kirkland",0.0,0.0,0.0,0.0,1 L,50 cl,openfoodfacts,3
96619700004,bacon,Kirkland Signature,555.555555555556,21.0526315789474,0.0,42.1052631578947,2 slices (19 g),16 oz,openfoodfacts,1
96619897315,basmati reis,Kirkland Signature,355.555555555556,6.6666666666667,84.444444444444,0.0,45.0g,5 kg,openfoodfacts,2
96619999699,french fries,Kirkland Signature,178.571428571429,2.38095238095238,25.0,7.14285714285714,84g,3 oz,openfoodfacts,2
96988900494,mini pita,,125.0,10.714285714286,32.142857142857,0.0,,,openfoodfacts,2
97419000028,potato russet,Growers Reserve,74.3243243243243,2.02702702702703,17.5675675675676,0.0,1 portion (148 g),,openfoodfacts,2
98487954220,artisan bread french,,273.0,9.09,54.55,0.0,1 SLICE (22 g),,openfoodfacts,3
98487968807,fry sauce the,Sunny Select,500.0,0.0,10.0,50.0,2 tablespoons (30 g),,openfoodfacts,3
990325,basmati butter chicken rice with,Trader Joe's,112.994350282486,24.0,49.0,13.0,1 container (354 g),12.5oz,openfoodfacts,5
99482442934,potato puffs sweet,365 Whole Foods Market,154.761904761905,1.19,27.38,5.36,3 ONZ (84 g),,openfoodfacts,3
99482450274,butter crunchy peanut spread,365 Whole Foods Market,593.75,21.88,21.88,53.12,2 Tbsp (32 g),16 oz,openfoodfacts,4
99482455927,bread seed,"365 Everyday Value, Whole Foods Market  Inc.",272.72727272727,12.121212121212,48.484848484848,4.5454545454545,1 SLICE (33 g),567 gr,openfoodfacts,2
99482473945,bread honey o oat touch,Whole Foods Market,255.81395348837,9.3023255813953,48.837209302326,3.4883720930233,1 SLICE (43 g),24 oz,openfoodfacts,5
99482474379,bread honey o touch,,242.0,9.09,48.48,3.03,1 SLICE (33 g),,openfoodfacts,4
99482501907,chicken moms soup,Whole Foods Market,30.8823529411765,4.41176470588235,1.91176470588235,0.661764705882353,1 container (680 g),24 oz,openfoodfacts,3
99482528300,seed super trio,365 Whole Foods Market,566.666666666667,23.3333333333333,30.0,36.6666666666667,3 tbsp (30 g),,openfoodfacts,3
99482528751,artichoke dip spinach,365 Whole Foods Market,366.666666666667,1.77590277777778,2.77472222222222,47.5942361111111,2 thsp (30 g),,openfoodfacts,3
99482531478,breakfast chorizo turkey wrap,Whole Foods Market Kitchens,204.347826086957,10.0,19.1304347826087,9.1304347826087,1 wrap (230 g),,openfoodfacts,4
99482533311,cocoa powder,Whole Foods,400.0,20.0,60.0,10.0,1 tbsp (5 g),8 oz,openfoodfacts,2
99482539009,tamari,Whole Foods,133.333333333333,13.3333333333333,20.0,0.0,1 portion (15 ml),,openfoodfacts,1
99482541262,cremes sandwich smores,365 Whole Foods Market,481.481481481481,3.7037037037037,74.0740740740741,18.5185185185185,2 cookies (27 g),,openfoodfacts,3
100000007396,and brisket mash potato sweet,Power Plate Meals,144.302920691115,12.1855799694719,10.9028873411065,5.77211682764459,1 meal (311.844 g),,openfoodfacts,5
100001201205,cheddar sandwich turkey,Well-Fed,226.814516129032,12.6008064516129,19.6572580645161,10.5846774193548,1 container (198.4 g),,openfoodfacts,3
100842900565,backyard bbq pork,Balanced Foods,191.881918819188,10.7011070110701,21.7712177121771,7.38007380073801,1 serving (271 g),,openfoodfacts,3
1140453,supersweet sweetcorn,By Sainsbury's,73.0,3.6,8.6,1.9,1 serving (100 g),,openfoodfacts,2
1175424,houmous pepper red roasted smoky,Sainsbury's,213.0,5.9,9.5,16.1,1 portion (50 g),200g,openfoodfacts,5
117790002753,and bbq cheese chix mac,Redefine,171.581769436997,16.3538873994638,17.426273458445,3.75335120643432,1 container (373 g),,openfoodfacts,5
117790002760,chicke parm penne,Redefine Meals,133.663366336634,12.8712871287129,13.3663366336634,3.71287128712871,1 portion (404 g),,openfoodfacts,3
117790002814,creamy scampi shrimp,Redefine,380.0,45.0,46.0,4.0,1 portion (328 g),,openfoodfacts,3
1223305,dew mtn,Pepsico,47.222222222222,0.0,12.777777777778,0.0,12 OZA (355 ml),2 L,openfoodfacts,2
1237061,poivre sauce,,270.0,0.8,8.9,25.0,,,openfoodfacts,2
1240634,mashed potato,Sainsbury's,88.0,1.5,15.2,2.0,0.5 pack (200 g),,openfoodfacts,2
125330208084,pece,,0.0,0.0,0.0,0.0,,,openfoodfacts,1
1328404,sauce worcestershire,Heinz,77.6400841346154,0.178711688701922,17.6739362980769,0.0773016826923071,,12 FL OZ (355ml),openfoodfacts,2
1410949,confiture fraises,,242.0,0.0,60.0,0.0,,,openfoodfacts,2
1526956,kiri,,307.0,9.5,2.0,29.0,,,openfoodfacts,1
1633530,kitkat,,510.0,6.6,60.6,26.1,,,openfoodfacts,1
1654899,and cheese pasta tomato,By sainsbury's,151.0,5.4,20.1,5.0,,,openfoodfacts,4
1664138,schweppes tonique,Schweppes,39.4366197183099,0.0,10.1408450704225,0.0,355ml,,openfoodfacts,2
1687781,ham,Sainsbury,121.0,20.7,3.2,2.7,2 slices (23 g),,openfoodfacts,1
1773916,andros,,40.0,0.6,9.1,0.1,,,openfoodfacts,1
180053012462,cedrata,,36.0,0.0,9.0,0.0,,,openfoodfacts,1
180509530632,bacon farmers,Farm Country,425.925925925926,9.25925925925926,1.85185185185185,40.7407407407407,2 slices (54 g),,openfoodfacts,2
182285001153,chapin pan,Los Oiivos,438.0,7.14,52.38,21.43,1 PIECE (42 g),,openfoodfacts,2
183771000094,bread homemade,,250.0,7.5,50.0,3.75,,,openfoodfacts,2
183838000647,french mini peach tarts,St Michel,433.333333333333,3.33333333333333,66.6666666666667,15.0,2 cookies (30 g),,openfoodfacts,4
185396000398,bicarbonate de soude,PUREST,0.0,0.0,0.0,0.0,,,openfoodfacts,3
185673355395,fruit mixed,Members Mark,50.0,0.714285714285714,10.7142857142857,0.0,1 cup (140 g),,openfoodfacts,2
185689000500,coffee iced mocha protein,Chike,354.838709677419,64.5161290322581,16.1290322580645,3.2258064516129,1 portion (31 g),,openfoodfacts,4
186852001706,strawberry summer,talenti,111.111111111111,0.169097222222222,18.2571527777778,0.0673611111111111,0.667 cup (135.0 g),1 pint,openfoodfacts,2
189580000065,doradas papitas,Rivas,500.0,7.14285714285714,53.5714285714286,32.1428571428571,1 serving (28 g),,openfoodfacts,2
190190000116,seasoned seaweed,Sigolkim,40.0,2.0,0.0,4.0,1 pack (5 g),,openfoodfacts,2
190569423256,cream peaches,Green Giant,82.3529411764706,3.0,18.0,0.5,0.75 cup (100 g),750 g,openfoodfacts,2
190912101305,bites fruit twisted,Pure organic,350.0,0.0,85.0,0.0,20g,1 g,openfoodfacts,3
191414013981,biscuits butter,Mi Ni,529.411764705882,5.88235294117647,64.7058823529412,23.5294117647059,4 pieces (17 g),,openfoodfacts,2
192484089890,beef jerky mesquite peppered,Buc-ee’s,214.285714285714,35.7142857142857,10.7142857142857,0.0,1 portion (28 g),,openfoodfacts,4
192699001731,birria ramen spicy,Buldak,400.0,8.46153846153846,64.6153846153846,12.3076923076923,1 bag (130 g),,openfoodfacts,3
193968320287,pepperoni uncured,Member's Mark,483.870967741935,19.3548387096774,3.2258064516129,41.9354838709677,6 slices (31 g),22 oz,openfoodfacts,2
193968327071,honey premium pure,Member's Mark,326.0,0.56,81.7,0.0,1 portion (21 g),1.36 kg,openfoodfacts,3
193968456672,cheddar cheese franks pork,Member's Mark,309.734513274336,13.2743362831858,3.53982300884956,30.0884955752212,113g,48 oz,openfoodfacts,4
194346066865,banana muffin nut,Marketside,373.737373737374,5.05050505050505,44.4444444444444,19.1919191919192,99.0g,14 oz,openfoodfacts,3
194346135882,steak swordfish,Marketside,141.095962891762,19.4006948976172,0.0,6.46689829920575,1 steak (170.097 g),12 oz,openfoodfacts,2
194346211470,shortcake strawberry,Walmart,298.507462686567,2.98507462686567,38.8059701492537,13.4328358208955,1 slice (67 g),,openfoodfacts,2
194346374410,cookie mix monster,bettergoods.,500.0,10.0,58.0,25.0,1 Cookie (40 g),,openfoodfacts,3
194346416240,bread focaccia rosemary,Marketside,243.557873730469,12.277757890625,40.7785190332031,1.78994448242188,1 portion (57 g),12 oz,openfoodfacts,3
194346416769,corn cream fritter,Great Value,188.235294117647,3.52941176470588,25.8823529411765,9.41176470588235,4 pieces (85 g),,openfoodfacts,3
194346423279,bites brownie,Walmart,447.368421052632,2.63157894736842,68.4210526315789,18.4210526315789,2 brownies (38 g),,openfoodfacts,2
194346473557,focaccia pesto,Marketside,227.272727272727,8.33333333333333,28.030303030303,9.84848484848485,1 slice (132 g),,openfoodfacts,2
194346480098,cheddar cheese mature white,Marketside,428.571428571429,25.0,0.0,35.7142857142857,1 portion (28 g),7 oz,openfoodfacts,4
194346492091,and cheese meat premium,Marketside,367.857142857143,25.0,3.57142857142857,28.5714285714286,10 % (28 g),,openfoodfacts,4
194346513642,butter cookie cream pie,Walmart,283.185840707965,1.76991150442478,38.0530973451327,14.1592920353982,0.333 pie (113 g),,openfoodfacts,4
194346521753,brown rice,Great Value,172.0,4.0,34.0,2.4,1 portion (250 g),,openfoodfacts,2
194346525645,honey nut os,Great Value,390.0,7.32,80.49,4.88,1.25 cup (41 g),,openfoodfacts,3
194346525652,berry crunch,Great Value,394.736842105263,2.63157894736842,86.8421052631579,3.94736842105263,1.333 cup (38 g),21 oz,openfoodfacts,2
194346534258,cake carrot square,Walmart,426.395939086294,3.04568527918782,45.6852791878173,25.8883248730964,1 piece (197 g),,openfoodfacts,3
194346570287,fruit handcrafted spred strawberry,Better Goods,236.842105263158,0.0,57.8947368421053,0.0,1 portion (19 g),,openfoodfacts,4
196633809087,broth pork ramen tonkotsu,Kirkland Signature,58.3333333333333,2.91666666666667,2.08333333333333,4.58333333333333,1 portion (240 ml),,openfoodfacts,4
196633976796,heat mix snack sweet,Kirkland Signature,571.428571428572,14.8681125,14.119925,52.870375,28g,680 g,openfoodfacts,4
196761356545,raspberries red,Good & Gather,50.3597122302158,1.19,5.83,0.8,139g,12 oz,openfoodfacts,2
196852841714,punch pushin,Dubby Energy,0.0,0.0,0.0,0.0,1 scoop (6.75 g),,openfoodfacts,2
197870052106,day smoothie sunny,H-E-B Blendables,61.9469026548673,0.0,15.0442477876106,0.0,0.5 pouch (113 g),,openfoodfacts,3
197870171562,butter crackers peanut,HEB,487.179487179487,10.2564102564103,61.5384615384615,23.0769230769231,1 pack (39 g),,openfoodfacts,3
197870179926,bronze cut fettuccine heb,HEB,357.142857142857,12.5,75.0,1.78571428571429,1 portion (56 g),,openfoodfacts,4
197870204154,bacon chicken ranch uncured,HIGHER HARVEST by H-E-B,176.470588235294,16.8627450980392,3.92156862745098,10.1960784313725,1 tray (255 g),,openfoodfacts,4
197870204178,artichoke chicken spinach,Higher Harvest by H-E-B,180.616740088106,14.9779735682819,3.52422907488987,11.8942731277533,1 tray (227 g),,openfoodfacts,3
197870227726,sherbet sunrise texas,Creamy Creations,130.434782608696,0.869565217391304,30.4347826086957,1.30434782608696,0.667 cup (115 g),,openfoodfacts,3
197870230016,chips pizza supreme,H-E-B,535.714285714286,7.14285714285714,53.5714285714286,32.1428571428571,12 chips (28 g),7 oz,openfoodfacts,3
197870230290,chicken marinara,Higher Harvest,141.176470588235,12.9411764705882,13.2352941176471,4.41176470588235,1 tray (340 g),12 oz,openfoodfacts,2
197870282213,rice shrimp,Sushiya,114.285714285714,5.14285714285714,17.1428571428571,2.85714285714286,1 cup (175 g),,openfoodfacts,2
198168252512,cheddar white,Wonderpop,450.0,10.0,75.0,12.5,1 cup (20 g),,openfoodfacts,2
198168575239,burst cinnamon,Wonder Pop,450.0,10.0,75.0,12.5,1 cup (20 g),,openfoodfacts,2
198306025268,baby carrots petites,Bolthouse Fresh,41.1764705882353,1.17647058823529,9.41176470588235,0.0,1 portion (85 g),,openfoodfacts,3
198306025275,baby carrots cut,Bolthouse Fresh,40.9836065573771,0.63,7.59,0.25,1 portion (85 g),0 g,openfoodfacts,3
198420647308,and bites cookies creme,Favorite Day,500.0,3.33333333333333,66.6666666666667,23.3333333333333,9 pieces (30 g),,openfoodfacts,4
198715459647,bbq chickpea snacks,Krunchix,406.666666666667,10.0,66.6666666666667,13.3333333333333,1 portion (30 g),,openfoodfacts,3
198715467048,farmer protein,Ballerina Farm,375.0,60.0,35.0,2.5,1 scoop (40 g),,openfoodfacts,2
199284214460,cheese chips corn nacho,Meta Vita,520.0,20.0,50.0,28.0,1 bag (50 g),,openfoodfacts,4
200066027403,iso pistachio,Shop Santé,407.894736842105,71.0526315789474,11.8421052631579,7.89473684210526,1 portion (38 g),,openfoodfacts,2
200066030755,pistache proteine,Shop Santé,407.894736842105,71.0526315789474,13.1578947368421,7.89473684210526,1 mesure (38 g),,openfoodfacts,2
200081610000,chicken tenders,Bell & Evans,107.142857142857,23.8099243159668,0.0,1.32277357310927,1 portion (4 oz),,openfoodfacts,2
200090025345,cafe proteine,Shop Santé,371.428571428571,65.7142857142857,17.1428571428571,4.28571428571429,1 mesure (35 g),,openfoodfacts,2
200114017325,almiers,,485.0,6.6,69.0,20.0,,,openfoodfacts,1
200151006740,ahi tuna,Aldi,105.821972168821,24.6917935060583,0.0,0.881849768073511,1 steak (113.398 g),,openfoodfacts,2
200273053998,comte,,428.0,27.0,1.2,35.0,,,openfoodfacts,1
200287013056,epeautre pain petit,,246.0,8.6,45.0,5.0,,,openfoodfacts,3
200484037268,de dinde emince mexicaine,,217.0,13.0,2.5,17.0,,,openfoodfacts,4
200485019812,aop epoisse,,290.0,17.0,1.0,24.0,,,openfoodfacts,2
200566801473,bread cubano,Walmart,240.830528846154,5.18327824519231,38.4397235576923,6.54942908653847,0,9 oz,openfoodfacts,2
200942021129,de dorees pommes roties terre,Hyper U,98.0,1.7,14.0,3.3,,,openfoodfacts,5
201008009976,au mais pain,Leclerc,330.0,11.0,58.0,5.09999990463257,100.0g,,openfoodfacts,3
201051310814,beef eye of roast round,Certified Angus Beef,169.642857142857,21.4285714285714,0.0,8.92857142857143,1 portion (112 g),,openfoodfacts,5
201240009260,ahi steaks tuna,Trader Joe's,106.194690265487,24.7787610619469,0.0,0.442477876106195,40 z. (113 g),,openfoodfacts,3
201429053794,croissant,,443.0,8.0,45.0,25.0,,,openfoodfacts,1
201543044012,bio fumee porc saucisse,Charcuterie Michel Herrscher,212.0,16.4,0.2,15.7,100,3 saucisses ; 256 grs,openfoodfacts,4
201553805412,steakk,TOP ROUND STEAK,169.642857142857,22.3214285714286,0.0,8.03571428571429,1 112gramss (112 g),,openfoodfacts,1
201805018577,beef tip tri,Branding Iron Ranch,98.2142857142857,19.6428571428571,0.892857142857143,1.78571428571429,40 z (112 g),,openfoodfacts,3
201911001517,beef fajitas for steak,Wild Fork,142.857142857143,18.75,1.78571428571429,6.25,1 portion (112 g),,openfoodfacts,4
201990024995,bake biscuits take,Honeybaked Ham,302.752293577982,11.0091743119266,28.4403669724771,16.5137614678899,2 biscuits (218 g),,openfoodfacts,3
202014808027,brauner rohrzucker zucker,Fairglobe,396.0,0.0,99.0,0.0,,500g,openfoodfacts,3
202334004758,chicken marinade,Romeo’s,322.657743785851,3.1,72.0,2.5,1 portion (100 g),,openfoodfacts,2
202837012007,chouquette,,403.0,7.7,57.0,16.0,,,openfoodfacts,1
203083014562,brique depeautre farine,,264.1,11.0,46.0,2.5,,,openfoodfacts,3
203129805413,ham hickory smoked steak,Sugardale,107.142857142857,19.047619047619,1.19047619047619,2.97619047619048,1 portion (84 g),,openfoodfacts,4
203176212998,asada carne,Lin’s,132.277465211027,16.7551455933967,0.0,7.05479814458809,4 servings (113.398 g),,openfoodfacts,2
203464031492,au fume sandwich saumon,,259.0,12.0,28.0,11.0,,,openfoodfacts,4
203601804996,burrito,Ready 2 Heat,203.389830508475,14.4067796610169,16.9491525423729,8.47457627118644,1 portion (236 g),,openfoodfacts,1
203639010046,bread fresh white,grandiosa,276.0,10.0,56.0,2.0,50 g,,openfoodfacts,3
204121013127,cacao croissant noisette,Intermarché,361.0,7.9,42.0,18.0,75 g,,openfoodfacts,3
204549018698,aux pains raisins,Leclerc,384.0,7.4,56.0,14.0,,,openfoodfacts,3
205184015097,chausson pommes,,360.0,4.4,33.0,23.0,,,openfoodfacts,2
205236019028,au beurre brioche nature,,248.0,7.5,35.2,9.8,,,openfoodfacts,4
205500000127,franskbrd,Randaberg Bakeren,256.0,8.7,48.2,2.7,,,openfoodfacts,1
205603290050,breadway toast,,240.0,12.0,44.0,2.0,,,openfoodfacts,2
205657018563,fermiere pate recette,,285.0,14.0,3.5,24.0,,,openfoodfacts,3
205804005385,epice,,315.0,13.8,5.9,14.6,,,openfoodfacts,1
205853016844,smoothir,,67.0,0.66,14.0,0.59,,,openfoodfacts,1
206151044010,pomme,,52.0,0.25,11.6,0.25,,,openfoodfacts,1
206244025919,france truite,,172.0,23.0,0.3,8.7,,,openfoodfacts,2
206361023294,de poitrine porc,,290.0,16.0,0.8,25.0,,,openfoodfacts,3
206639010506,bucheron pave,,239.0,7.4,45.0,1.4,,,openfoodfacts,2
206714062642,de pave saumon sv,,194.0,21.0,0.0,12.0,,,openfoodfacts,4
206847009996,chicken mojo rotisserie,Winn Dixie,200.0,20.0,1.17647058823529,11.7647058823529,1 portion (85 g),,openfoodfacts,3
206944611276,meat stew,Aldis,211.643944337643,19.4006948976172,0.0,14.9914460572497,8 pieces (113.398 g),,openfoodfacts,2
207360622198,ribeye,Aldi,258.928571428571,18.75,0.0,20.5357142857143,1 z (112 g),,openfoodfacts,1
207650032140,bottereaux,,352.0,6.9,54.0,12.0,,,openfoodfacts,1
207728904508,chops pork,Great Value,196.428571428571,19.6428571428571,0.0,12.5,1 serving (112 g),,openfoodfacts,2
208006028213,brioche nanterre,,324.0,7.5,46.0,12.0,,,openfoodfacts,2
208176022301,au suedois thon,,258.0,13.0,31.0,8.3,,,openfoodfacts,3
208339019612,nutritif pain,,270.0,27.0,5.9,13.0,,,openfoodfacts,2
208453703497,bread heinens white,,300.0,10.0,54.0,4.0,,,openfoodfacts,3
208795008496,bbq sandwich turkey,Bucees,190.106007067138,13.0742049469965,30.0353356890459,1.76678445229682,1 portion (283 g),,openfoodfacts,3
208877017057,donuts natures sucres,,466.0,6.0,53.0,23.0,,,openfoodfacts,3
209083027090,au cuit jambon superieur torchon,,139.0,20.0,0.7,6.1,,,openfoodfacts,5
209299016154,choice meat taco,Dillon’s - Mercado,187.5,18.75,0.0,12.5,4 pieces (112 g),,openfoodfacts,3
209333209573,beef carne for picada,Aldi,141.095962891762,20.2825446656908,0.0,7.05479814458809,1 serving (113.398 g),,openfoodfacts,4
209333909640,carne extra picada thin,USDA choice Angus Beef,232.142857142857,20.5357142857143,0.0,16.9642857142857,1 portion (112 g),,openfoodfacts,4
209538015092,jambon superieur,,138.0,20.0,0.7,6.1,,,openfoodfacts,2
209539013974,couenne cur de,,141.0,21.0,0.5,6.2,,,openfoodfacts,3
210039032808,bruschetta savoyarde,,243.0,14.0,24.0,10.0,,,openfoodfacts,2
2102809,cheese cream fat reduced,Philadelphia,193.548387096774,9.67741935483871,6.45161290322581,16.1290322580645,2 tbsp (31 g),8 OZ (226 g),openfoodfacts,4
211026029986,saumuree viande,,111.0,20.0,0.5,3.2,,,openfoodfacts,2
211178017848,de foie forestiere mousse,,342.0,13.0,2.0,31.0,,,openfoodfacts,4
211225007068,beer eye round sandwich steak,Hannahford,167.551455933967,22.0462442018378,0.0,8.81849768073511,5 Pieces (113.398 g),,openfoodfacts,5
211407030969,de morceaux pate viande,Dosenbach,135.0,21.2,0.0,5.5,,,openfoodfacts,4
212991417549,ceasar chicken wrap,Costco,183.673469387755,12.2448979591837,9.86394557823129,10.5442176870748,0.25 tray (294 g),,openfoodfacts,3
213416702943,brownie,Sprouts,390.243902439024,4.8780487804878,56.0975609756098,17.0731707317073,1 portion (41 g),,openfoodfacts,1
213702221110,irish stew,Ruprecht,95.8333333333333,10.0,8.33333333333333,2.5,1 cup (240 g),,openfoodfacts,2
213761504292,batard bread rustic,,321.42857142857,10.714285714286,66.071428571429,0.89285714285714,,,openfoodfacts,3
215277019604,beef butchers corned cut premium,Shenson,149.914460572497,16.7551455933967,0.0,9.70034744880862,1 piece (113.398 g),,openfoodfacts,5
215906715327,beef chuck roast seasoned,Aldi,141.095962891762,17.6369953614702,2.64554930422053,7.05479814458809,1 portion (113.398 g),,openfoodfacts,4
215906916236,beef birria roast seasoned,Aldi,141.592920353982,17.6991150442478,2.65486725663717,7.07964601769912,2 slices (113 g),,openfoodfacts,4
216215022762,aux pommes tarte,,220.0,1.8,33.0,9.0,,,openfoodfacts,3
217714040219,dinde fermiere,,108.0,25.0,0.0,0.9,,,openfoodfacts,2
218146117845,beef pot roast,Kirkland,162.259784970511,18.3424104749273,2.82190930383497,8.46572791150492,1 portion (141.748 g),,openfoodfacts,3
218146120494,beef pot toast,Kirkland,164.285714285714,18.5714285714286,2.85714285714286,8.57142857142857,1 portion (140 g),,openfoodfacts,3
218578000005,chicken firesmith,Whole Foods Market,158.732958253232,7.05479814458809,31.7465916506464,1.76369953614702,2oz,,openfoodfacts,2
2200002,cabanos,Cris-tim,258.0,12.5299997329712,3.8199999332428,21.5,50.0g,,openfoodfacts,1
220211802792,bread crusty,Bashas,184.615384615385,6.15384615384615,40.0,0.0,32.5 grams,1 lb,openfoodfacts,2
221229040138,au jus prime rib with,Cuisine Solutions,157.142857142857,20.0,1.42857142857143,7.85714285714286,4 oz. of beef (140 g),,openfoodfacts,5
221598404395,cheese dutch smoked,Trader Joe’s,285.714285714286,17.8571428571429,0.0,21.4285714285714,1 portion (28 g),,openfoodfacts,3
221822005299,beef irish skirt,Sainsbury’s,215.0,36.7,0.0,7.3,1 portion (500 g),,openfoodfacts,3
223922616023,beef pastramia,Coles,60.0,10.5,1.0,1.5,1 portion (50 g),,openfoodfacts,2
224555607464,drums smoked turkey,Villari,168.141592920354,21.2389380530973,0.884955752212389,7.9646017699115,1 serving (113 g),,openfoodfacts,3
226485203990,muenster sub turkey,Taste of Inspirations,184.98659517426,17.1581769437,14.745308310992,6.4343163538874,373g,11 oz,openfoodfacts,3
226700710852,ceviche shrimp,Members Mark,44.4444444444444,7.11111111111111,3.55555555555556,0.0,1 cup (225 g),,openfoodfacts,2
227957024778,asada beef carne skirt steak,Whole Foods,149.914460572497,16.7551455933967,3.52739907229404,7.05479814458809,1 portion (113.398 g),,openfoodfacts,5
228803085035,bread pita thin,Kfm,280.0,9.6,56.0,2.0,1 portion (50 g),,openfoodfacts,3
230180805410,and cheese havarti herbs spices,Castello,400.0,20.0,3.33333333333333,33.3333333333333,3 cm cube (30 g),,openfoodfacts,5
231300122745,burnt ends,Kirkland Signature,321.428571428571,22.6190476190476,7.14285714285714,22.6190476190476,1 serving (84 g),,openfoodfacts,2
231300722099,beef brisket burnt ends,Kirkland Signature,321.428571428571,22.6190476190476,7.14285714285714,22.6190476190476,1 portion (84 g),,openfoodfacts,4
2313146,fanta,,27.0,5.9,6.5,0.0,,,openfoodfacts,1
232437042647,tropezienne,,239.0,4.2,38.0,7.7,,,openfoodfacts,1
233523032733,amandes aux viennoiserie,,386.0,6.8,34.0,25.0,,,openfoodfacts,3
234152706996,bread cheese sobeys,Sobeys,300.0,13.75,40.0,10.0,2 slices (80 g),,openfoodfacts,3
234171022961,mykonos,,126.0,3.8,1.6,11.0,300.0g,,openfoodfacts,1
234515034667,coeur de savoie,Costco,366.666666666667,23.3333333333333,0.0,30.0,3 cm cube (30 g),,openfoodfacts,3
235523010995,cheddar cheese,BEST BUY VALEUR PLUS,433.333333333333,23.3333333333333,3.33333333333333,33.3333333333333,3 cm cube (30 g),,openfoodfacts,2
237049028478,de pate tete,,189.0,19.8,0.53,12.0,,,openfoodfacts,3
241023007809,chicken parmesan,Meal Simple By HEB,186.528497409326,12.4352331606218,15.2849740932642,8.29015544041451,1 tray (386 g),,openfoodfacts,2
241919410713,heb petite steak,HEB,151.785714285714,21.4285714285714,0.0,7.14285714285714,4 varies (112 g),,openfoodfacts,3
241936305795,croissants,Foodland,396.825396825397,7.93650793650794,46.031746031746,19.047619047619,1 croissant (63 g),,openfoodfacts,1
243038003999,bacon cheddar hand pie,Whole Foods,318.58407079646,11.5044247787611,19.4690265486726,22.1238938053097,1 hand pie (113 g),,openfoodfacts,4
243922101503,bread french seeds sesame with,Real CDN SUPERSTORE,287.5,11.25,50.0,5.625,0.18 bread (80 g),,openfoodfacts,5
244963033983,fume saumon tranches,,197.0,22.0,0.5,12.0,,,openfoodfacts,3
246655320340,carve ham master,Kirkland Signature,150.0,21.0,3.0,6.0,1 portion (100 g),,openfoodfacts,3
246857024039,boeuf de vote,Tesco Finest,183.0,20.9,0.0,11.0,1 portion (100 g),,openfoodfacts,3
248069610000,chicken hot roast,Coles,163.7189292285,23.1,1.9,7.0,1 portion (100 g),,openfoodfacts,3
248828113810,butt pork roast,Aldi,205.357142857143,16.9642857142857,0.0,15.1785714285714,1 serving (112 g),,openfoodfacts,3
251958510053,carnitas,Big Shoulders,133.928571428571,16.9642857142857,2.67857142857143,5.35714285714286,1 piece (112 g),,openfoodfacts,1
253028037910,cuit jambon,,198.0,21.0,0.6,12.0,,,openfoodfacts,2
253799610008,beef round steak top,Aldi,167.551455933967,22.0462442018378,0.0,7.9366479126616,1 portion (113.398 g),,openfoodfacts,4
253801516915,skirt steak,Beef From Aldi,160.714285714286,21.4285714285714,0.0,8.03571428571429,40 z (112 g),,openfoodfacts,2
254602009996,a cake carrot in pan,Whole Foods,367.816091954023,3.44827586206897,37.9310344827586,24.1379310344828,0.125 cake (87 g),,openfoodfacts,5
256225415291,beef ribeye steak,Trader Joes,238.099437379848,18.5188451295437,0.0,18.5188451295437,1 portion (113.398 g),,openfoodfacts,3
256570211951,tourtiere,Première Moisson,361.904761904762,13.8095238095238,23.8095238095238,23.8095238095238,0.333 pie (210 g),,openfoodfacts,1
259048404442,center chops cut pork,Aldi's,178.571428571429,20.5357142857143,0.0,10.7142857142857,1 Chop (112 g),,openfoodfacts,4
259264004792,bread butter crust,Sobeys,285.714285714286,8.57142857142857,52.8571428571429,5.71428571428571,2 tranches (70 g),,openfoodfacts,3
259671825829,ribeye steak thin,Angus,250.0,18.75,0.0,19.6428571428571,4 4 (112 g),,openfoodfacts,3
259740310744,bottom round steak thin,Walmart,185.188451295437,20.2825446656908,0.0,10.5821972168821,1 idk (113.398 g),,openfoodfacts,4
260447312016,eye rib steak,Market side,205.357142857143,20.5357142857143,0.0,14.2857142857143,40 z (112 g),,openfoodfacts,3
260599703984,tumami,カスミ,93.0,11.0,11.4,0.2,100 g,,openfoodfacts,1
262705909877,mahi,Marketside,88.1849768073511,18.5188451295437,0.0,0.881849768073511,1 filet (113.398 g),,openfoodfacts,1
262902204201,cooked ham,Prima Della,107.142857142857,17.8571428571429,1.78571428571429,2.67857142857143,2 slices (56 g),,openfoodfacts,2
263172409372,fry steak stir usda,USDA,133.928571428571,22.3214285714286,0.0,5.35714285714286,112 g,,openfoodfacts,4
266641105997,shortbread,Thriftys,470.588235294118,0.882352941176471,61.7647058823529,26.4705882352941,1 cookie (34 g),,openfoodfacts,1
270087320418,oven peppercorn roasted turkey,Safeway,120.0,20.0,4.0,2.0,4 slices (50 g),,openfoodfacts,4
270087510543,oven peppercorn roast spice turkey,Safeway,120.0,20.0,4.0,2.0,4 slices (50 g),,openfoodfacts,5
270615707940,breats chicken perdue,Perdue,98.2142857142857,22.3214285714286,0.0,0.892857142857143,40 z (112 g),,openfoodfacts,3
270988003830,steaks turkey,Waitrose,109.0,24.8,0.6,0.7,,,openfoodfacts,2
271963203993,cheesecake mini strawberry,Thriftys,232.0,3.2,33.6,10.4,1 unit (125 g),,openfoodfacts,3
272321123625,beef sesame skirt steak teriyaki,Trader Joes,205.35714285714,16.964285714286,8.9285714285714,10.714285714286,4 pieces (112 g),,openfoodfacts,5
274022605493,back bacon,Halenda,88.2352941176471,14.7058823529412,0.0,2.94117647058824,34 g,,openfoodfacts,2
277502721102,steakhouse tip tri,Chefs Counter,125.0,17.8571428571429,4.46428571428571,3.57142857142857,1 portion (112 g),,openfoodfacts,3
281499511097,beef meat stew,Trader Joes,196.428571428571,20.5357142857143,0.0,12.5,1 portion (112 g),,openfoodfacts,3
281909214037,asada autentica carne,Trader Joe’s,125.0,17.8571428571429,2.67857142857143,4.46428571428571,1 portion (112 g),,openfoodfacts,3
282266909710,chicken cook fajitas ready to,Safeway,92.8571428571429,15.0,2.85714285714286,1.78571428571429,1 portion (140 g),,openfoodfacts,5
283641002552,cinna yum yums,The Delicious Dessert Company,417.977528089888,4.15730337078652,55.8426966292135,19.5505617977528,1 portion (89 g),,openfoodfacts,3
284902040214,pane vieux,,309.0,21.0,0.5,25.0,,,openfoodfacts,2
285482008502,ciabatta pocket,Woolworths,250.772172338769,8.76923076923077,47.6923076923077,2.15384615384615,1 portion (65 g),,openfoodfacts,2
290000000029,bbq chicken,Swole Meals,105.647058823529,12.4705882352941,9.41176470588235,2.0,1 portion (425 g),,openfoodfacts,2
291562609453,cheese premium swiss,Dietz & Watson,400.0,25.0,5.0,30.0,1 portion (20 g),,openfoodfacts,3
291858132634,fume saumon,,260.0,20.0,0.0,20.0,,,openfoodfacts,2
293266010993,chicken wrap,Gelson’s,144.876325088339,10.6007067137809,18.7279151943463,3.18021201413428,10 oz. (283 g),,openfoodfacts,2
293690911743,ham mini pit,Four Brothers,107.142857142857,16.0714285714286,1.78571428571429,4.46428571428571,1 portion (56 g),,openfoodfacts,3
296022322613,outside skirt steak,Publix,258.823529411765,30.5882352941176,0.0,14.1176470588235,1 portion (85 g),,openfoodfacts,3
296412013718,aop morbier,,360.0,23.0,1.0,29.0,,,openfoodfacts,2
302176950562,poire pomme pompotes,,58.0,0.5,12.0,0.5,,,openfoodfacts,3
302442001738,yopro,Danone,57.0,9.5,3.79999995231628,0.300000011920929,100.0g,,openfoodfacts,1
3054116,cucumber tuna,Tesco,323.0,18.6,44.3,7.2,1 serving (100 g),,openfoodfacts,2
3061565,cesar chicken,Tesco,449.0,11.0,25.0555555555556,11.4444444444444,1 serving (180 g),173.95833333333333333333 g,openfoodfacts,2
3076806,chewy smores,Quaker,375.0,4.16666666666667,79.1666666666667,8.33333333333333,1 BAR (24 g),,openfoodfacts,2
308125018727,bbq pork smokey steaks,The Mad Butcher,130.3377947532,22.0,6.8,1.53333333333333,1 steak (150 g),,openfoodfacts,4
311917099866,fiber powder,Walgreens,375.0,0.0,100.0,0.0,,360 g,openfoodfacts,2
322802319013,au camembert fondant pave,,279.0,14.5,17.0,17.0,,,openfoodfacts,4
3265314,mix pancake shaker,Tesco,341.206125,9.224825,67.15780875,2.5203875,1 pancake (57 g),155g,openfoodfacts,3
3273562,peppers sweet,Tesco,31.4925205263749,1.2,5.3,0.2,1 portion (100 g),,openfoodfacts,2
3280638,crispy fries potato sweet,Tesco,213.0,2.6,21.6,12.1,,,openfoodfacts,4
3359051,a kiwis murs point,,60.5,0.88,11.0,0.6,,,openfoodfacts,4
3403507,break fast reeses,Reese's,454.545454545455,6.06060606060606,63.6363636363636,21.2121212121212,1 serving (33 g),3.5oz,openfoodfacts,3
3404700,syrup,HERSHEY'S,236.842105263158,1.340625,75.4796875,1.29479166666667,1 tbsp. (19 g),48 oz,openfoodfacts,1
3414406,butter chip peanut,Reese's,533.33,20.0,8.0,30.0,1 tbsp (15 g),10 oz (283 g),openfoodfacts,3
3433003,pattie peppermint,York,384.61538461538,2.5641025641026,82.051282051282,6.4102564102564,1 PACKAGE (39 g),1.4 oz (39g),openfoodfacts,2
344627411031,freddo,Cadbury,535.372848864,7.42857142857143,57.4285714285714,30.2857142857143,1 portion (35 g),,openfoodfacts,1
348325076103,fruit whips,The Froot Thief,350.0,0.0,80.0,0.0,1 pouch (20 g),,openfoodfacts,2
3546659,bio noix seches,,709.0,15.7,6.88,67.3,,,openfoodfacts,3
3611500,bijou cacao,,465.0,6.2,53.0,25.0,,,openfoodfacts,2
364700865582,cacahuete,,601.0,27.0,11.0,48.0,,,openfoodfacts,1
377002356405,bonbons coeurs fruites,,161.0,6.4,6.9,0.5,,,openfoodfacts,3
400959167708,birthday cake cookies mini,Minnie’s Bake Shop,433.333333333333,3.33333333333333,63.3333333333333,20.0,6 cookies (30 g),,openfoodfacts,4
411550005016,espana viva,García Baquero,120.0,7.2,0.36,9.9,30.0g,150g,openfoodfacts,2
420000287308,and beefy burrito cheese potato,Maverik,215.05376344086,6.72514619883041,27.4853801169591,9.35672514619883,1 burrito (342 g),,openfoodfacts,5
440000032234,ahoy chewy chips,Chips Ahoy Chewy,451.612903225806,3.2258064516129,67.741935483871,19.3548387096774,2 cookies (31 g),,openfoodfacts,3
460000165121,parmesan soup tomato,Whole Foods,0.0,0.0,0.0,0.0,8 oz serving size (8 oz serving size),,openfoodfacts,3
4904500,coke diet,Coca-Cola,0.0,0.0,0.0,0.0,1 bottle (591.47 g),20 fl. oz (591 mL),openfoodfacts,2
500112650846,soda,,42.0,0.0,10.6,0.0,,,openfoodfacts,1
5406760,fresh udon,,130.0,4.0,27.5,0.5,200 g,,openfoodfacts,2
5412457,coffee iced,,92.0,3.4,11.0,3.6,,,openfoodfacts,2
5490636,dr pepper sucre zero,Dr Pepper,0.0,0.0,0.0,0.0,1 can (355 g),,openfoodfacts,4
5639465,cacahuetes,,611.0,26.0,11.0,49.0,,,openfoodfacts,1
568840543663,knacks,Carrefour Classic,249.0,13.0,2.3,21.0,34 g,,openfoodfacts,1
5973965,cookied petits,,509.0,6.7,60.0,26.0,,,openfoodfacts,2
602652203008,breakfast protein,KIND,440.0,16.0,56.0,18.0,2 bars (50 g),1.76 oz (50g),openfoodfacts,2
602652207006,butter crunchy kind peanut protein,Kind,500.0,24.0,34.0,36.0,1 BAR (50 g),50g,openfoodfacts,5
602652433931,kind zero,Kind,400.0,14.3,40.0,37.1,1 bar (35 g),,openfoodfacts,2
602813370037,artisan bread,Stone House Bread,263.0,8.77,47.37,3.51,2 ONZ (57 g),,openfoodfacts,2
6043469,ricotta,,164.0,8.0,6.0,12.0,,,openfoodfacts,1
604722006007,chidos ke puff,Leo,149.9,3.2,18.0,7.2,40.0g,,openfoodfacts,3
604722006472,conchitas,Encanto,566.66666666667,3.3333333333333,50.0,40.0,0.25 cup (30 g),,openfoodfacts,1
604774292373,cherry juice tart,Antioxidant Solutions,50.0,0.833333333333333,12.0833333333333,0.0,1 portion (240 ml),,openfoodfacts,3
604947194923,boston creme muffin,Buffin Muffin,236.331569664903,14.6972369194591,31.1581422692534,5.93768371546149,1 buffin (170.1 g),1 muffin,openfoodfacts,3
604947194930,buff served,Buffin Muffin,225.161669606114,15.2851263962375,26.4550264550265,6.46678424456202,1 portion (170.1 g),,openfoodfacts,2
605258294319,mix pops,Jack & Kings,275.555555555556,1.11111111111111,30.0,18.8888888888889,4 portion (90 g),,openfoodfacts,2
606476050558,bread cedars company pita wheat,Cedars Company,264.0,10.71,53.57,3.57,1 PITA (28 g),,openfoodfacts,5
606541843313,crackers protein,Milton’s,424.242424242424,30.3030303030303,54.5454545454545,9.09090909090909,33g,4.25 oz,openfoodfacts,2
606991069165,artisan bread sandwich,Chabaso Bakery,256.0,9.3,55.81,1.16,1.5 ONZ (43 g),,openfoodfacts,3
606991131343,artisan breads ciabatta,Atticus Bakery Llc.,228.0,7.02,43.86,3.51,2 ONZ (57 g),,openfoodfacts,3
607390116702,medium pita pocket white,,265.0,10.0,55.0,0.0,,,openfoodfacts,4
607615243138,bread mini,,192.0,5.48,42.47,0.0,1 PITA (73 g),,openfoodfacts,2
608028649975,batter cake food iso,Hypd Supps,406.25,78.125,6.25,6.25,1 scoop (32 g),,openfoodfacts,4
610098743347,pita zaatar,,211.2676056338,7.0422535211268,43.661971830986,0.70422535211268,,,openfoodfacts,2
610422202243,kern kurbis mix nuss,Denner,598.0,23.0,19.0,46.0,,,openfoodfacts,4
6115159,cassis,,230.0,0.5,55.0,0.5,,,openfoodfacts,1
612322001957,bakes cheese mini,Nairn's,464.0,13.4,57.7,18.9,,,openfoodfacts,3
612322030209,oaties,Nairn's,493.0,7.5,59.8,23.5,,160 g,openfoodfacts,1
613008727826,cranberry iced juice tea with,Arizona,33.3333333333333,0.0,9.16666666666667,0.0,240 ml,,openfoodfacts,5
613008761172,arizona,Arizona,19.0,0.0,4.7,0.0,,,openfoodfacts,1
6153304,adam brot wrap,,211.0,37.0,2.3,0.8,50.0g,,openfoodfacts,3
616618001508,ajvar pepper roasted spread,Marco Polo,78.125,3.125,12.5,3.125,,,openfoodfacts,4
616973011709,bacon beef smoked uncured,Wellshire,363.636363636364,36.3636363636364,0.0,22.7272727272727,1 pan fried slice (11 g),,openfoodfacts,4
616983806050,bakery borinquen,,263.15789473684,8.7719298245614,49.122807017544,5.2631578947368,,14 oz,openfoodfacts,2
617620000114,potato raw sweet,Mr. Yam’s,84.6153846153846,2.30769230769231,19.2307692307692,0.0,1 potato (130 g),,openfoodfacts,3
618437704202,arepa yucca,Hacienda Folds,123.12890625,6.3915625,30.62015625,6.5615625,1 arepa (100 g),"3 arepas, 283 gr.",openfoodfacts,2
618518337169,artisan muffin toaster,TRUCKEE SOURDOUGH COMPANY,202.702702702703,6.75675675675676,39.1891891891892,0.675675675675676,,13 oz,openfoodfacts,3
619360090851,bacon hot jam pepper,TERRAPIN RIDGE FARMS,222.222222222222,0.0,55.56,2.78,1 Tbsp (18 g),11 oz,openfoodfacts,4
619470083620,pan payaso,,496.42857142857,1.7857142857143,89.285714285714,12.5,,,openfoodfacts,2
621588316804,chicken skewers,Costco,131.578947368421,21.0526,2.6316,3.0702,2 skewers (114g),28 oz,openfoodfacts,2
623157000503,banane tranchees,Les Sœurs En Vrac,520.0,3.3333333333333,60.0,33.333333333333,1 portion (40 g),,openfoodfacts,2
623798222340,bruschetta,Plaisirs Gastronomique,100.0,0.66667,6.66667,8.33333,2 c. � table (30 g),950 g,openfoodfacts,1
624967111083,beef samosa,Al Safa,266.666666666667,6.66666666666667,23.3333333333333,15.0,1 samosa (30 g),,openfoodfacts,2
625486101081,choc mammoth mass,Mammoth,390.625,8.0,10.0,2.0,,,openfoodfacts,3
625486500242,cheese chips nacho protein,SINFIT,475.0,40.8163265306122,28.5714285714286,14.2857142857143,1 sac (49 g),49 g,openfoodfacts,4
627013099090,dates dried pitted,PARNOOSH,350.0,2.5,80.0,0.25,0.25 cup (40 g),907 g,openfoodfacts,3
627733006149,chia dark seeds,Organic Traditions,466.66666666667,20.0,40.0,33.333333333333,1 portion (15 g),,openfoodfacts,3
627735014388,couscous medium,Great Value,266.66666666667,8.8888888888889,55.555555555556,0.0,,,openfoodfacts,2
627735276366,cheese mex shredded tex,Great Value,300.0,26.6666666666667,3.33333333333333,23.3333333333333,1 portion (30 g),,openfoodfacts,4
627735280806,buckwheat,Great Value,333.333333333333,13.3333333333333,71.1111111111111,3.33333333333333,45 g,,openfoodfacts,1
627843063759,brwad,Lawash Bakery,314.28571428571,11.428571428571,60.0,1.4285714285714,0.5 pieces (38 g),,openfoodfacts,1
627843717386,famous homemade sauce tomato,California Sandwiches,56.0,1.6,4.8,3.6,2 tasse (125 ml),,openfoodfacts,4
627865280158,cake carrot,Your Fresh Market,400.0,4.0,54.0,18.0,1 slice (50 g),,openfoodfacts,2
627887004268,assorted sushi,Costco,165.919282511211,4.48430493273543,25.5605381165919,4.93273542600897,0.5 package (223 g),,openfoodfacts,2
627907120039,chicken kofta,Skoulakis,157.894736842105,18.9473684210526,7.36842105263158,6.31578947368421,1 piece (95 g),,openfoodfacts,2
627987353556,boeuf,BUFF,200.0,23.333333333333,6.6666666666667,11.666666666667,,,openfoodfacts,1
627987382099,bread tasty white,Amazing Bakery,287.671232876712,8.21917808219178,53.4246575342466,4.10958904109589,2 slices (73 g),,openfoodfacts,3
627987398809,pizza quebecoise,La Fromagerie Gourmande,265.486725663717,13.2743362831858,24.7787610619469,12.3893805309735,0.125 pizza (113 g),,openfoodfacts,2
627987602807,and carrot coconut soup thai,Teatro,51.4285714285714,0.571428571428571,4.57142857142857,3.42857142857143,1.5 tasse (350 ml),,openfoodfacts,5
628011458407,haricots noirs,Agrobio,342.857142857143,20.0,62.8571428571429,0.0,0.25 tasse (35 g),,openfoodfacts,2
628055778356,raspberries spread,Bleu & Bon,133.333333333333,1.33333333333333,33.3333333333333,2.0,1 portion (15 ml),,openfoodfacts,2
628110146939,cheese pizza tomato,Stefano,210.0,10.5,24.5,8.0,0.5 pizza (200 g),,openfoodfacts,3
628110947277,frappe mocha,evive,126.666666666667,10.0,16.6666666666667,3.0,1 rondelle (150 g),,openfoodfacts,2
628154380337,honey shreddies,Post,368.421052631579,8.8412,67.104,1.38,1 cup (57 g),440 g,openfoodfacts,2
628176161006,kombucha,,14.0845070422535,0.0,3.66197183098592,0.0,355 ml,,openfoodfacts,1
628176617046,capranero cheese,Tutto,400.0,23.3333333333333,0.0,33.3333333333333,1 piece (30 g),,openfoodfacts,2
628235196246,keys sour,Britain Gummy,343.333333333333,6.66666666666667,80.0,0.0,6 pieces (30 g),,openfoodfacts,2
628235280198,arrabiata sauce tomato,Donata,48.0,0.24,5.6,2.8,0.5 tasse (125 ml),,openfoodfacts,3
628242841153,pani puri,Frontier Bakery Costco,447.0,12.0,66.0,3.8,100g,200g,openfoodfacts,2
628250350579,chicken samosa tikka,Al Shamas,166.666666666667,6.66666666666667,26.6666666666667,3.33333333333333,3 samosas per (90 g),,openfoodfacts,3
628250511420,bites pizza,Wholly Veggie!,164.705882352941,1.17647058823529,24.7058823529412,7.05882352941176,15 pieces (85 g),,openfoodfacts,2
628250530001,amaretto,Nos,133.33333333333,0.0,31.111111111111,0.0,1 portion (45 ml),,openfoodfacts,1
628418100206,crispy kimchi rosti,Saongwon,222.0,3.6,27.0,11.0,100g,10 × 100g,openfoodfacts,3
628430660061,frosted pastry protein strawberry,Flings,363.636363636364,31.8181818181818,38.6363636363636,13.6363636363636,1 pastry (44 g),,openfoodfacts,4
628451139225,breakfast chorizo sandwich,When We Eat,265.0,12.0,20.5,15.5,1 sandwich (200 g),,openfoodfacts,3
628451966050,joy pb,Hummingbird,466.666666666667,10.0,50.0,33.3333333333333,1 portion (30 g),,openfoodfacts,2
628456831841,rosee sauce,Mikes,160.0,0.8,8.8,13.6,125 ml (125 ml),,openfoodfacts,2
628504157374,mateina,Mateina,12.6760563380282,0.0,3.09859154929577,0.0,1 canette (355 ml),,openfoodfacts,1
628553031588,chive focaccia potato,ACE Bakery Limited,226.882852272727,5.72307599431818,40.6008877840909,3.76020284090909,1 portion (80 g),,openfoodfacts,3
628553037924,ciabatta demi white,ACE Bakery Limited,250.0,7.1428571428571,46.428571428571,4.4642857142857,2 ONZ (56 g),,openfoodfacts,3
628619666617,pureed snack superfood,,67.0,1.11,15.56,0.0,1 POUCH (90 g),,openfoodfacts,3
628693634083,mistura primavera,PURA VIDA,47.0588235294118,1.17647058823529,7.05882352941176,2.35294117647059,1 portion (85 g),,openfoodfacts,2
628693911030,pizza stephanie,Potato,240.566037735849,8.9622641509434,32.5471698113208,8.49056603773585,0.5 pizza (212 g),,openfoodfacts,2
628774423711,chicken shawarma spicy,Paramount Middle Eastern Kitchen,120.0,20.0,1.0,4.0,1 portion (100 g),,openfoodfacts,3
628774423766,beef kafta,Paramount,340.0,17.0,2.0,29.0,1 portion (100 g),500 g,openfoodfacts,2
628915641783,cacao cuisson de,Great Value,400.0,20.0,40.0,20.0,5 g,227 g,openfoodfacts,3
628915669909,jasmine premium rice scented white,Delicious Kitchen,340.0,8.0,76.0,0.4,0.25 tasse (50 g),,openfoodfacts,5
628942370823,carrotcake creamy rice,Elev8,0.0,6.82176,75.582,0.88179,1 portion (35 g),875 g,openfoodfacts,3
628942461125,confiture de fraises,Mtl Preserve,333.333333333333,0.0,80.0,0.0,1 portion (15 ml),,openfoodfacts,3
629071001084,juneberry,Redbull,45.0704225352113,0.0,10.7042253521127,0.0,1 can (355 ml),,openfoodfacts,1
629859117150,and chicken hot spicy,,152.94117647059,16.470588235294,1.1764705882353,8.2352941176471,3 PIECES (85 g),80 oz,openfoodfacts,4
630941007419,bee honey my,GRÁ,580.0,5.0,44.0,43.0,8 g,,openfoodfacts,3
631656709568,nitro ripped tech,MUSCLETECH,348.837209302326,69.7674418604651,6.97674418604651,5.81395348837209,43 g,,openfoodfacts,3
631656717723,mass tech,Muscle Rech,371.273712737127,13.550135501355,75.8807588075881,1.6260162601626,1 serving (369 g),4.00 lb,openfoodfacts,2
631656718263,pre stacked,Muscletech,66.6666666666667,0.0,6.66666666666667,0.0,15 g,,openfoodfacts,2
631782000430,bakery bread cinnamon rubicon,Rubicon Enterprises  Inc.,298.0,5.26,52.63,7.02,2 ONZ (57 g),,openfoodfacts,4
632351000271,beaucaire bread pain white,Companion Baking Co.,212.0,8.82,44.12,0.0,1.2 ONZ (34 g),,openfoodfacts,4
632351004002,batard french,,228.0,7.02,45.61,1.75,2 ONZ (57 g),,openfoodfacts,2
632351004064,country wheat,,211.0,8.77,47.37,1.75,2 ONZ (57 g),,openfoodfacts,2
632351004163,ciabatta,,228.0,8.77,47.37,1.75,2 ONZ (57 g),,openfoodfacts,1
632674855831,crust pizza thick,,226.0,9.43,33.96,5.66,1 PACKAGE (106 g),,openfoodfacts,3
633152014887,biryani mehran sindhi,,262.0,6.0,48.0,6.0,,120 gr,openfoodfacts,3
633622300502,artisan cheddar cheese curds fresh,YANCEY'S FANCY,392.857142857143,25.0,0.0,35.714285714286,,6 oz,openfoodfacts,5
635961219422,bbq berry sauce thunder,Zara BBQ,176.470588235294,0.0,44.1176470588235,0.0,2 tbsp (34 g),,openfoodfacts,4
6363192,bread rye seeded square,,246.0,8.77,49.12,1.75,0.083 LOAF (57 g),,openfoodfacts,4
637480061032,protein rich shake strawberry,ATKINS,49.2307692307692,4.61538461538461,1.53846153846154,2.76923076923077,1 serving (325 g),,openfoodfacts,4
637480590341,cheesy chicken risotto,Atkins,125.490196078431,10.9803921568627,3.52941176470588,7.84313725490196,1 bowl (255 g),,openfoodfacts,3
639192803207,bread steamed,Ojh,307.0,6.67,69.33,1.33,75 g (75 g),,openfoodfacts,2
639385488303,bread carb zero,,150.0,23.333333333333,23.333333333333,23.333333333333,,14 oz,openfoodfacts,3
640445617847,french macarons,Pasquier,346.15384615385,7.6923076923077,53.846153846154,13.461538461538,2 macarons (26 g),,openfoodfacts,2
640700003019,seeds sesame wasabi,Foreway,618.0,17.3,25.1,49.7,,,openfoodfacts,3
641837880948,cookie rainbow,Buffin Muffin,246.913580246914,14.6972369194591,31.1581422692534,7.05467372134039,1 buffin (170.1 g),,openfoodfacts,2
643781176764,bbq red rock sauce,Feast Mode,109.375,0.0,25.0,0.0,2 tbl (32 g),,openfoodfacts,4
643843714149,premier protein,Premier Protein,49.2307692307692,9.23076923076923,1.84615384615385,0.769230769230769,1 shake (325 ml),18 Pack,openfoodfacts,2
643843714835,drink protein strawberry,Premier,49.2307692307692,9.23076923076923,1.53846153846154,0.769230769230769,1 shake (325 g),30g,openfoodfacts,3
643843802860,mocha protein shake,premier protein,49.1841577827782,9.22202958427091,1.53700493071182,0.922202958427091,1 portion (325.308 g),,openfoodfacts,3
643843802907,coffeehouse mocha,Premier Protein,47.0456784133845,8.82106470250959,1.76421294050192,0.882106470250959,1 bottle (340.095 g),,openfoodfacts,2
643843805311,premier strawberry,Premier Nutrition,358.974358974359,76.9230769230769,5.12820512820513,5.12820512820513,2 scoops (39 g),,openfoodfacts,2
643864616101,makhana mint,Tazza,500.0,5.0,70.0,20.0,2 cup (20 g),,openfoodfacts,2
644216323791,messy round semita,Rio lempa,394.736842105263,5.26315789473684,52.6315789473684,15.7894736842105,1 pieces (38 g),16 oz/454 g,openfoodfacts,3
644225730269,smores,Power Crunch,550.0,81.25,68.75,87.5,1 serving (40 g),7 oz,openfoodfacts,1
645230011534,franks turkey,Fud,209.3,16.28,2.33,16.28,1 LINK (43 g),12 oz,openfoodfacts,2
645230011541,chicken franks,,233.0,11.63,2.33,18.6,1 LINK (43 g),12,openfoodfacts,2
645230011831,franks jumbo turkey,FUD,214.29,16.07,3.57,16.07,1 LINK (56 g),16 oz,openfoodfacts,3
645230087690,fresco queso,,285.7143,17.8571,7.1429,21.4286,,,openfoodfacts,2
645230512512,added chicken franks jumbo pork,Fud,250.0,14.2857142857143,3.57142857142857,19.6428571428571,1 portion (56 g),16 oz,openfoodfacts,5
645230512529,chicken franks jumbo,Fud,214.285714285714,16.0714285714286,1.78571428571429,14.2857142857143,1 portion (56 g),16 oz,openfoodfacts,3
646511001190,on size,Gaspari,279.411764705882,10.2941176470588,58.8235294117647,0.0,2 scoop (68 g),,openfoodfacts,2
646670312540,arrabbiata pasta sauce spicy,SPROUTS FARMERS MARKET,56.0,1.41909134207589,7.05111818917412,3.23442173549107,1 serving (125 g),25 oz,openfoodfacts,4
646670536823,batter beer cod sprouts,Sprouts,159.29203539823,12.3893805309735,17.6991150442478,3.53982300884956,1 portion (113 g),12 oz,openfoodfacts,4
647669511081,muffins nut pistachio,,389.38053097345,5.3097345132743,45.132743362832,15.929203539823,,16 oz,openfoodfacts,3
648649060346,bratwurst,Niman Ranch,285.714285714286,16.666666666667,2.3809523809524,22.619047619048,,12 oz,openfoodfacts,1
649241893981,pan sobao,Panaderia Pan Del Cielo,268.0,8.93,53.57,1.79,2 ONZ (56 g),,openfoodfacts,2
649908220280,nutrabio smores,Nutrabio,376.175548589342,89.9686520376176,6.26959247648903,0.0,1 portion (31.9 g),,openfoodfacts,2
650240063220,a manzana sabor suerox,Suerox,0.0,0.0,0.0,0.0,250 ml,630 ml,openfoodfacts,4
652003101262,onion,,289.0,10.94,59.38,0.78,1 BAGEL (128 g),,openfoodfacts,1
655273001232,peri sauce,Nando's,100.0,0.0,0.0,0.0,1 teaspoon (5 g),9.2 oz,openfoodfacts,2
656750618455,makhana roasted,DEVI,436.0,8.0,56.0,20.0,1 serving (25 g),,openfoodfacts,2
657082026314,bread prophets wheat,Izzio Artisan Bakery,196.0,7.14,42.86,0.89,2 ONZ (56 g),,openfoodfacts,3
657484200220,pain,,0.0,3.0,0.0,0.0,,,openfoodfacts,1
658010114172,code vitamin women,Garden of Life,45.6721051734005,1.18495676046073,8.53026820373443,0.221182064603703,,,openfoodfacts,3
658276202446,chicken fried steak,Hungry-Man,200.440528634361,4.40528634361233,18.5022026431718,11.8942731277533,1 meal (454 g),16 oz,openfoodfacts,3
658325076073,berry fruit mixed whips,The Froot Thief,47.5944444444444,0.369583333333333,9.84597222222222,0.202916666666667,20g,,openfoodfacts,4
658556025260,bone broth protein sports,Planet Paleo,400.0,81.25,15.625,1.875,1 portion (16 g),480 g,openfoodfacts,4
660756016061,buenachos,BocaDeli,500.0,7.14285714285714,64.2857142857143,25.0,28 g,,openfoodfacts,1
661706051156,cheese cream puck,Puck,300.0,6.66666666666667,0.0,30.0,1 portion (15 g),240g,openfoodfacts,3
663221102757,skinny thins,Anna’s Country Kitchen,466.66666666667,6.6666666666667,73.333333333333,20.0,10 crackers (30 g),,openfoodfacts,2
6642729,cayenne de piment,Mccormick,36.6,1.06,5.98,0.25,,,openfoodfacts,3
664989616722,dried fruits harvest prairie,Joe's,440.0,8.0,62.0,18.0,,,openfoodfacts,4
667141000360,de frais jus pomme,77 Heritage,48.0,0.16,11.2,0.0,,,openfoodfacts,4
669212294388,baby bok choy,Coast Authentic,11.7647058823529,1.17647058823529,2.35294117647059,0.0,1 portion (85 g),,openfoodfacts,3
669387005017,bites seed sesame,Dulzura,500.0,11.764705882353,47.058823529412,32.352941176471,,3 oz,openfoodfacts,3
669896011622,horneadas tostadas,,470.0,0.0,70.0,20.0,,,openfoodfacts,2
670534530986,casein naked,Naked,366.666666666667,86.6666666666667,0.0,0.0,1 scoop (30 g),,openfoodfacts,2
672531550059,a pate poudre,Cannelle,166.666666666667,0.0,0.0,0.0,,,openfoodfacts,3
672774106532,peanut satay sauce,Blue Dragon,216.666666666667,1.66666666666667,30.0,11.6666666666667,1 portion (60 ml),,openfoodfacts,3
672869530099,pratha roti,,327.0,8.89,47.78,11.11,1 PIECE (90 g),,openfoodfacts,2
673259307222,bakery bread samarcos white,Samarco's Bakery,250.0,7.81,46.88,3.91,2 SLICES (64 g),,openfoodfacts,4
673367514468,brand jumbo,Seasoned Shredded Dried Pork,428.571428571429,35.7142857142857,35.7142857142857,14.2857142857143,1 portion (28 g),,openfoodfacts,2
673497008141,bites bread extraordinary white,Extraordinary bites,120.0,12.0,40.0,2.0,1 slice (25 g),14 oz,openfoodfacts,4
675823000041,bread cabin fever,Old mission multigrain,241.645432321649,9.37200577585321,52.1568680773283,8.13416601080644,1.95 ONZ (1 g),14.5 oz/0.41 kg,openfoodfacts,3
675825530904,cheese fava puffs,Kick-It Crunch,366.666666666667,16.6666666666667,60.0,16.6666666666667,1 portion (30 g),,openfoodfacts,3
676306310169,kimchi,Jeonju,35.7142857142857,0.0,3.57142857142857,0.0,1 portion (28 g),,openfoodfacts,1
676445912781,bacon hickory smoked,Sprouts,444.444444444444,11.1111111111111,0.0,44.4444444444444,1 portion (18 g),,openfoodfacts,3
677144777916,pure whey,Smile Labs,418.333333333333,80.0,13.3333333333333,5.0,30 g,,openfoodfacts,2
677403512968,coconut cream,Earth’s Choice Organic,330.0,2.0,6.0,34.0,per 1 can (160 ml),160 ml,openfoodfacts,2
677684110488,turkey wrap zesty,Fresh Grill,197.674418604651,8.13953488372093,20.5426356589147,8.52713178294574,1 wrap (258 g),,openfoodfacts,3
677684401173,chicken pesto pita,BROWN BAG,168.478260869565,11.9565217391304,15.7608695652174,6.52173913043478,1 portion (184 g),,openfoodfacts,3
678629960014,artisan crisps mini parmesan snack,"Kii Naturals, NuStef Baking",130.0,7.0,47.940604929924,3.5,14 crisps (30 g),400 g,openfoodfacts,5
679339001080,mix protein snack,Three Farmers,320.0,30.0,46.0,6.0,0.75 tasse (50 g),,openfoodfacts,3
680168821046,bread pita thin white,,279.06976744186,9.3023255813953,58.139534883721,0.0,,,openfoodfacts,4
681131091275,cheese crust pepperoni pizza stuffed,MARKETSIDE,248.275862068966,11.0344827586207,24.1379310344828,12.4137931034483,1 pizza (1305 g),,openfoodfacts,5
681131102049,bread twist white,,196.0,7.14,41.07,0.89,2 ONZ (56 g),,openfoodfacts,3
681131102056,bread dark twist,,196.0,7.14,41.07,0.89,2 ONZ (56 g),,openfoodfacts,3
681131165419,focaccia rosemary,,312.0,8.33,45.83,9.38,1 FOCACCIA (96 g),,openfoodfacts,2
681131329460,spinach,Marketside,23.5294117647059,2.62,2.25,0.5,1 serving (85 g),10 oz,openfoodfacts,1
681131704410,cesar,Great Value,333.3333,2.6667,6.6667,33.3333,,,openfoodfacts,1
681131799553,haricots,Great Value,12.0,0.8,3.2,0.0,,,openfoodfacts,1
682082100573,icecream pecon,Helados Mexico,214.28571428571,4.7619047619048,22.222222222222,11.904761904762,1 bar (111 g),,openfoodfacts,2
683489505534,merthyrstershire,Chilli of the Valley,107.0,0.6,23.0,0.3,,150ml,openfoodfacts,1
684700999705,kombucha mint peach,,19.841603596639,0.0,4.85016976806731,0.0,8 oz,,openfoodfacts,3
6851624,cheese,Cracker Barrel,400.0,23.3333333333333,0.0,36.6666666666667,,,openfoodfacts,1
685666011425,mix rainbow,Founders & Farmers,540.0,16.0,42.0,34.0,0.333 cup (50 g),,openfoodfacts,2
685760000103,pitabread,,319.14893617021,12.765957446809,65.957446808511,0.0,,,openfoodfacts,1
686557851540,beef jerky spicy,Tennessee Brown Bag,376.258113065563,65.8451697864735,4.70322641331954,10.582259429969,1 portion (42.524 g),,openfoodfacts,3
686700085273,marias,Gamesa,444.444444444444,7.40740740740741,77.7777777777778,12.962962962963,3 cookies (27 g),,openfoodfacts,1
686731002010,champan soda tropi,Cbi International,46.0,0.0,11.25,0.0,8 OZA (240 ml),,openfoodfacts,3
687456286242,cookies mini soft,RIVERSIDE,500.0,4.17,58.33,25.0,24g,768 g,openfoodfacts,3
687652153003,creme kefir,,200.0,6.67,6.67,20.0,2 Tbsp (30 g),,openfoodfacts,2
687910000230,ketobomb,NoSugar Company,411.764705882353,5.8823529411765,47.058823529412,41.176470588235,,10 x 17 g,openfoodfacts,1
687910008076,protein soda,Joyburst,5.6356760838814,1.12713521677628,0.28178380419407,0.0,1 portion (12 fl oz),,openfoodfacts,2
688267009280,bites potatoes shaped shredded tater,Stop & Shop,186.0,1.16,26.74,9.3,9 PIECES (86 g),32 oz,openfoodfacts,5
688267159213,focaccia,Giant,263.0,7.02,49.12,4.39,2 ONZ (57 g),,openfoodfacts,1
688339927214,artisan crust pizza thin,Flatout Inc.,250.0,10.6060606060606,34.8484848484849,7.57575757575758,0.333 pizza (132 g),,openfoodfacts,4
688339929058,hummus pepper red,Flatout,228.0,21.05,29.82,3.51,1 FLATBREAD (57 g),,openfoodfacts,3
689238001111,rye,Slow Rise,250.0,10.0,50.0,0.0,,,openfoodfacts,1
689893002010,bread eurobake raisin sweet,Eurobake,382.0,10.91,67.27,8.18,1 SLICE (55 g),,openfoodfacts,4
691355905166,bites sour strawberry,Hammond's,366.666666666667,0.0,83.3333333333333,3.33333333333333,4 pleces (30 g),191g,openfoodfacts,3
695676002177,bifteck steak,The Keg Steakhouse,0.27586206896552,0.013793103448276,0.0,0.0,,,openfoodfacts,2
696859146107,brioche french toast,,264.0,7.14,42.86,7.14,1 ONZ (28 g),,openfoodfacts,3
696859146114,ciabatta ethnic,,32.0,0.69,4.15,1.38,1 ONZ (289 g),,openfoodfacts,2
697069020027,cobb corn on the,Florian,88.8888888888889,3.33333333333333,20.0,1.11111111111111,90 g,1.14 kg,openfoodfacts,4
697812012668,and onion pepper soppressata with,Italpizza,210.526315789474,9.21052631578947,24.3421052631579,7.89473684210526,0.33 pizza (152 g),,openfoodfacts,5
698147493122,chicken peri,PrepKitchen,160.93023255814,13.2558139534884,12.5581395348837,6.51162790697674,1 portion (430 g),,openfoodfacts,2
698147493375,chicken puttanesca,PrepKitchen,130.204081632653,11.8367346938776,15.1020408163265,2.24489795918367,1 portion (490 g),,openfoodfacts,2
698997809470,bread country seeded,Udi's,242.0,4.84,50.0,5.65,2 SLICES (62 g),,openfoodfacts,3
700083173546,cream ice protein,NuWey,130.285714285714,10.4,2.85714285714286,10.1142857142857,175 ml,,openfoodfacts,3
700953366900,overt,Overt,140.845070422535,11.9718309859155,4.92957746478873,8.45070422535211,1 serving (284 g),,openfoodfacts,1
701010203206,borodinsky bread,Standard II Inc.,282.60869565217,8.695652173913,60.869565217391,1.0869565217391,46g,28 oz,openfoodfacts,2
702554010404,basque cafe,,250.0,7.14,50.0,0.0,1 ONZ (28 g),,openfoodfacts,2
704276007939,bites mini yuzu,Honolulu Cookie Company,500.0,3.84615384615385,53.8461538461538,26.9230769230769,5 cookies (26 g),,openfoodfacts,3
704863880693,frittatas,Veggies Made Great,131.578947368421,8.7719298245614,8.7719298245614,7.01754385964912,1 frittata (57 g),20x57 g,openfoodfacts,1
705016353132,iso powder protein,Dymatize,375.0,78.1,6.25,3.12,1 scoop (32 g),,openfoodfacts,3
705016600786,performance protein shake,Dymatize,47.0588235294118,8.82352941176471,0.588235294117647,0.882352941176471,1 portion (340 ml),11.5 oz,openfoodfacts,3
705599020858,oats peach premium,Kodiak,385.714285714286,28.5714285714286,54.2857142857143,6.42857142857143,1 pouch (70 g),,openfoodfacts,3
705632479308,pork shrimp siumai,Golden Chopsticks,148.461538461538,11.5384615384615,14.6153846153846,4.61538461538461,4 pieces (130 g),,openfoodfacts,3
705632687901,pernute scortisoara,Nutrivita,418.0,8.0,72.0,8.0,100,275,openfoodfacts,2
708299351031,caseras tostadas,,309.52380952381,4.7619047619048,45.238095238095,14.285714285714,,,openfoodfacts,2
708411000045,breads famous,,262.0,9.52,57.14,2.38,1 SLICE (42 g),,openfoodfacts,2
708411000076,irish potato,,286.0,7.14,57.14,2.38,1 SLICE (42 g),,openfoodfacts,2
708411000168,breads,,262.0,9.52,57.14,0.0,1 SLICE (42 g),,openfoodfacts,1
708411000595,prairie squaw,,262.0,9.52,52.38,3.57,1 SLICE (42 g),,openfoodfacts,2
708423080035,beer bread,,342.0,10.53,73.68,1.332675,0.25 CUP MIX (38 g),,openfoodfacts,2
708531294454,artisan wraps,Formaggio,302.325581395349,19.047619047619,4.76190476190476,19.047619047619,2 sticks (42 g),,openfoodfacts,2
708820072800,cherries dried sweetened,Meijer,325.0,2.5,80.0,0.0,0.333 cup (40 g),,openfoodfacts,3
708820233645,bread french meijer,Meijer,246.0,8.77,52.63,0.88,"2 -1"" SLICES (57 g)",,openfoodfacts,3
708820298958,bread french wheat,M Markets,211.0,8.77,42.11,1.75,2.75 SLICE (57 g),,openfoodfacts,3
708820393073,meijer sauce tomato,Meijer Naturals,37.9747,1.137435,6.120535,0.326505,1 portion (63 g),,openfoodfacts,3
708820749009,peppercionis,Meijer,17.8571428571429,0.0,3.57142857142857,0.0,4 peppers (28 g),,openfoodfacts,1
708938008975,cookies cream y,Econo,202.247191011236,3.37078651685393,25.8426966292135,10.1123595505618,0.667 cup (89 g),,openfoodfacts,3
709275460181,at bake ciabatta home,Concept 2 Bakers,281.0,7.02,50.88,3.51,0.167 OF A LOAF (57 g),,openfoodfacts,4
710228338853,homemade kefir,"Homemade,  Bandi Foods",58.0,3.33,3.75,3.33,8 OZA (240 ml),,openfoodfacts,2
710497066266,yakitori,Gurin Kitchen,157.0,17.0,11.0,4.9,120 g,,openfoodfacts,1
710497091732,croquette pumpkin,,256.0,3.8,20.0,17.0,,600 g,openfoodfacts,2
710996009023,arrabiata,Nonna Pia's,50.9090909090909,1.45454545454545,8.0,1.81818181818182,4 serving (550 g),,openfoodfacts,1
711575007867,dry edamame roasted,Seapoint Farms,444.444444444444,44.4444444444444,31.1111111111111,17.7777777777778,22.5g,,openfoodfacts,3
713179850023,bacon chicken pasta,URBAN CRUST,84.2666666666667,7.0,21.0,6.4,300g,300g,openfoodfacts,3
713733054591,bread meijer vienna,Meijer,246.0,8.77,45.61,1.75,"1 -3/4"" SLICE (57 g)",,openfoodfacts,3
713733340601,artisan focaccia made,Meijer,250.0,7.14,50.0,4.46,0.1 LOAF (56 g),,openfoodfacts,3
713733340625,ciabatta meijer,Meijer,250.0,7.14,51.79,0.0,"0.12 ,LOAF (56 g)",,openfoodfacts,2
713733427012,battered beer shrimp,Meijer,215.51724137931,8.62068965517241,25.8620689655172,8.62068965517241,7 pieces (116 g),,openfoodfacts,3
713733706490,bread seeded vienna,Meijer,228.0,8.77,45.61,1.75,2 ONZ (57 g),,openfoodfacts,3
713733796217,artisan croutons,Meijer,429.0,14.29,71.43,14.29,2 Tbsp (7 g),,openfoodfacts,2
714373000078,bread french peasant,Breadsmith,239.0,8.7,50.0,1.09,"1 SLICE, 0.5-INCH SLICE (46 g)",,openfoodfacts,3
714373000405,bread buttertop country,,293.0,9.76,53.66,6.1,"1 SLICE, 0.5-INCH SLCIE (41 g)",,openfoodfacts,3
714373001457,bread cherry pie,,279.0,4.65,53.49,4.65,"1 SLICE, 0.5-INCH SLICE (43 g)",,openfoodfacts,3
714373082111,bread pumpkin,Breadsmith,326.923076923077,3.84615384615385,51.9230769230769,11.5384615384615,0.083 loaf (52 g),22 oz,openfoodfacts,2
715706599153,bread mediterranean pita white,,162.5,1.25,26.25,1.875,,,openfoodfacts,4
715756100033,framboises,Driscoll's,51.2,0.813008130081301,12.2,0.813008130081301,1 serving (123 g),12 oz,openfoodfacts,1
716221090026,ananas suseny,Cebu Philippines,364.0,0.45,90.0,0.24,,100 g,openfoodfacts,2
717385202164,paste sesame,Liam How,647.058823529412,17.6470588235294,23.5294117647059,52.9411764705882,1 portion (17 g),,openfoodfacts,2
717887651262,bread caraway rye,Brenner Brothers,232.558139534884,6.97674418604651,46.5116279069767,2.32558139534884,43 g,26 oz,openfoodfacts,3
717887653235,banana bread,Bigfoot Java,383.838383838384,5.05050505050505,63.6363636363636,13.1313131313131,1 slice (99 g),,openfoodfacts,2
718122100750,baked bruschetta,Taste Of Heaven Bakery,464.0,14.29,67.86,16.07,1 ONZ (28 g),,openfoodfacts,2
718604978983,bites nonnis raspberry,Nonni's,407.407407407407,3.7037037037037,66.6666666666667,12.962962962963,3 cookies (27 g),,openfoodfacts,3
719166400202,croissants french,Le petit francais,302.655,5.27583,33.06585,15.81645,1 CROISSANT (65 g),13.8 oz/0.86 lbs/390 g,openfoodfacts,2
719283480002,and os xs,Meijer,300.0,3.33333333333333,70.0,0.0,4 pieces (30 g),,openfoodfacts,3
719334031832,pesto sauce,,483.33333333333,5.0,11.666666666667,46.666666666667,,,openfoodfacts,2
720167653078,kickin kimchi,Wake Robin,17.8571428571429,0.0,3.57142857142857,0.0,1 portion (28 g),,openfoodfacts,2
722252217950,banana butter peanut,Clif,382.352941176471,14.7058823529412,60.2941176470588,11.7647058823529,1 bar (68 g),,openfoodfacts,3
722430000480,kombucha raw,GT,11.0231131092439,0.0,2.64554714621853,0.0,16 oz,,openfoodfacts,2
723246115245,basmati brown rice,Laxmi,355.555555555556,8.88888888888889,75.5555555555556,3.33333333333333,45 g,,openfoodfacts,3
723246288567,country mixture,Amma's Kitchen,566.666666666667,13.3333333333333,46.6666666666667,36.6666666666667,0.5 cup (30 g),,openfoodfacts,2
723587153043,dates khudri,Datco,275.0,2.5,75.0,0.0,5 dates (40 g),,openfoodfacts,2
724022700068,meat pastie,Rottnest Bakery,0.0,0.0,0.0,0.0,1 portion (300 g),,openfoodfacts,2
725272730935,dubai pistachio,Little Goodie,520.0,28.0,28.0,34.0,1 portion (25 g),,openfoodfacts,2
725299230401,basmati pure,Tilda,128.0,3.2,28.0,2.0,1 serving (125 g),250g,openfoodfacts,2
725342290437,crushed fire roasted tomatoes,Muir Glen,30.7692307692308,1.54,7.69,0.0,1/4 cup (65 g),28 oz,openfoodfacts,4
725422000079,citrus sumo,Sumo Citrus,63.8297872340426,1.27659574468085,14.8936170212766,0.212765957446809,1 Sumo Citrus Mandarin (235 g),32 oz,openfoodfacts,2
725439813747,chicken shawarma wrap,Taste Of Inspirations,156.133828996283,11.5241635687732,16.728624535316,4.83271375464684,1 wrap (269 g),,openfoodfacts,3
725711111042,de jijona turron,1880,577.0,20.0,33.0,40.0,,300 g,openfoodfacts,3
725806504247,pea protein shake,Macro Mike,408.285714285714,66.8571428571429,11.1428571428571,10.8571428571429,1 portion (35 g),,openfoodfacts,3
725806586625,chicken curried,MEALeniYUM,476.577437858509,33.4,46.0,16.9,1 portion (100 g),,openfoodfacts,2
726436706575,chicken marry me,Woolworths,160.444444444444,25.4222222222222,1.46666666666667,5.64444444444444,1 portion (225 g),,openfoodfacts,3
728119098632,bruschetta sundried tomatoes,kitchen of love,393.537269230769,8.94359024038462,24.7107195192308,28.3508858173077,2 tbsp (28 g),,openfoodfacts,3
728119098878,panettone,International Delicacies Inc.,380.0,6.0,56.0,8.0,0.067 OF CAKE (50 g),,openfoodfacts,1
728300011044,cheddar sharp,Tillamook,428.571428571429,21.4285714285714,3.57142857142857,35.7142857142857,0.25 cup (28 g),,openfoodfacts,2
728360467423,raw sauekraut,Irene's Naturally Fermented,27.0076481793,1.6,3.0,0.1,,,openfoodfacts,2
730399009017,bokados chamoy,Nacional De Alimentos Y Helado,0.0,0.0,0.0,0.0,2 Tbsp (30 ml),,openfoodfacts,2
730977078831,erdbeeren,Fresh-Frozen,34.0,0.7,5.8,0.3,100 g,1kg,openfoodfacts,1
731149350670,shrimp tempura,AquaStar,150.442477876106,8.84955752212389,15.929203539823,6.19469026548673,6 shrimp (113 g),,openfoodfacts,2
731149356702,primavera shrimp,AquaStar,61.6740088105727,6.17,4.85,2.64,227 g (8 oz),,openfoodfacts,2
731788450458,achappam,Jacme,449.0,5.0,75.0,15.0,1 portion (100 g),,openfoodfacts,1
732388499748,hydromass,Nutrabolics,370.12987012987,19.4805194805195,70.7792207792208,1.1038961038961,1 portion (154 g),,openfoodfacts,1
733163001606,bread como,"Grand Central Baking Company, Grand Central Bakery",291.589276,12.111633654,53.13374804,1.6647321,1 slice (56 g),,openfoodfacts,2
735004340123,i sardiner tomatsas,Sardinmästaren,116.0,12.0,3.7,5.9,1 tin (120 g),,openfoodfacts,3
735143001507,spread strawberry,Cortas,270.0,0.0,70.0,0.0,20 g,,openfoodfacts,2
735202998700,broth concentrate ramen tonkotsu,Kitchen kurume,203.703703703704,11.1111111111111,11.1111111111111,11.8518518518519,1 packet (54 g),,openfoodfacts,4
735850095820,bone broth sauce,Gevity,101.1,1.1,1.1,6.1,,,openfoodfacts,3
736211362315,fischsauce,"An N Cuon Co.  Ltd, An N Cuon Co.  Ltd Vietnam, Red Boat",80.0,21.28,0.0,5.468463,100 g,500ml,openfoodfacts,1
736372543059,con cookies mani quinoa,Nutrico,449.333333333333,7.33333333333333,69.0,16.0,30 g,,openfoodfacts,4
736684208714,de mani pasta,entrenuts,582.0,25.0,14.0,48.0,1 portion (100 g),379,openfoodfacts,3
736798903765,avocado mash,Good Foods,160.714285714286,2.87502,6.33471,16.3112475,1 serving (56 g),2 oz,openfoodfacts,2
738337888243,fruit puree yuzu,Monin,400.0,0.0,93.3333333333333,0.0,30 ml,,openfoodfacts,3
738777170137,hot jumbo sauce,Picama's,10.0,0.0,0.0,0.0,1 tsp (5 g),,openfoodfacts,3
738912022727,bacon chicken ranch,Boston Market,138.211382113821,7.58807588075881,13.2791327913279,5.96205962059621,369g,369 g,openfoodfacts,3
740607021687,queso spicy,Pop corners,494.69964664311,7.06713780918728,67.1378091872791,21.2014134275618,1 f food contributes to a daily diet. (28.3 g),,openfoodfacts,2
742782620921,coco,,445.0,0.0,11.5,0.0,,,openfoodfacts,1
742968995294,cachtio de jamon,Los Andes Foods,329.411764705882,11.1764705882353,35.8823529411765,15.2941176470588,1 1 ham wrap in dough/Cachito (170 g),24 oz,openfoodfacts,3
743639020031,french fries mississippi sauce,Fremont Deutschland GmbH,495.0,1.3,24.0,44.0,,930g,openfoodfacts,4
744596200092,pita yossis,,287.5,10.0,57.5,2.5,,,openfoodfacts,2
745114855398,powder ube,,90.0,1.0,21.0,0.0,,,openfoodfacts,2
745314411264,maki shake,Gurin Kitchen,139.5,5.8,23.5,2.3,120 g,,openfoodfacts,2
746167860032,cheese chicken three,Tastee Choice,100.529100529101,5.82010582010582,16.9312169312169,1.05820105820106,1 Cup (189 g),20 oz,openfoodfacts,3
746241139412,and cheese herb pide,Mods,274.074074074074,8.14814814814815,29.6296296296296,13.3333333333333,1 piece (135 g),,openfoodfacts,4
746742208006,beer root soda,Northwoods,79.1666666666667,0.0,20.0,0.0,240 ml (240 ml),,openfoodfacts,3
747479000048,arrabbiata marinara spicy,RAO'S HOMEMADE,80.0,1.6,4.8,5.6,125g,24 oz (1.5 LB),openfoodfacts,3
747479001083,cheese four,Rao's Homemade,80.0,2.4,5.6,4.8,125g,22 oz,openfoodfacts,2
747479005159,sauce vodka,Rao's,72.0,2.4,4.8,4.8,0.5 tasse (125 ml),,openfoodfacts,2
747479101714,arrabbiata sauce vodka,Rao’s,80.0,2.4,5.6,4.8,0.5 cup (125 g),24 oz,openfoodfacts,3
747479101967,cheese creamy marinara mascarpone with,Rao's Homemade,96.0,1.6,4.8,7.2,0.5 cup (125 g),24 oz,openfoodfacts,5
747479102124,creamy parmesan peppered,Raos,104.0,3.2,5.6,7.2,125 g,,openfoodfacts,3
747479400220,x,Rao's,48.4581497797357,1.10132158590308,6.82819383259912,1.76211453744493,1 jar (454 g),16 oz,openfoodfacts,1
747599434808,choc dark squares,Ghirardelli,500.0,5.55555555555556,55.5555555555556,36.1111111111111,3 squares (36 g),,openfoodfacts,3
747742957789,fresh pork shrimp wanton,天天食品,232.8,9.2,17.6,14.0,25 g,,openfoodfacts,4
748322148481,detox diuretea,,1.0,0.0,0.7,0.7,,,openfoodfacts,2
748386793108,cookies creammm irish,Snoqualmie Ice Cream,25.458248472505,0.40733197556008,2.6476578411405,1.4256619144603,0.5 cup (0.5 cup),,openfoodfacts,3
748485100081,century tuna,"Century Pacific Food, Inc.",178.571428571429,12.5,3.57142857142857,12.5,56 g,180g,openfoodfacts,2
748485100098,and century hot spicy tuna,Century Tuna,196.428571428571,12.5,7.14285714285714,12.5,1 serving (56 g),180g,openfoodfacts,5
748485401706,birch fortified tree,birch tree,454.545454545455,15.1515151515152,57.5757575757576,18.1818181818182,1 Serving size (33 g),925,openfoodfacts,3
748927059670,powder protein whey,Optimum Nutrition,377.0,77.0,6.0,5.0,100 g,,openfoodfacts,3
748927071771,pro quench,OPTIMUM NUTRITION,307.692307692308,76.9230769230769,3.84615384615385,0.0,26 g,,openfoodfacts,2
749512771069,artisan croutons cut,Elevation Brands Llc,286.0,0.0,42.86,14.29,0.25 cup (7 g),,openfoodfacts,3
749565517683,sustain,TBJP,384.0,2.6,84.0,4.2,1 portion (100 g),,openfoodfacts,1
749826000480,cone sundae,Pure Protein,380.0,38.0,36.0,9.0,1 portion (50 g),,openfoodfacts,2
749826002378,cookies cream,Pure Protein,380.0,40.0,36.0,12.0,1 portion (50 g),,openfoodfacts,2
749826003306,ammmaze protein pure,Pure Protein,392.857142857143,35.7142857142857,37.5,14.2857142857143,1 bar (56 g),,openfoodfacts,3
749826004181,protein pure,Pure Protein,200.0,20.0,17.0,7.0,1 serving (100 g),,openfoodfacts,2
750515031531,cracker sandwich,M.Y. San,490.0,6.66666667,66.6666666666667,20.0,30 g,300g 30g,openfoodfacts,2
750894612239,pops yummi,Yummies,464.285714285714,7.14285714285714,71.4285714285714,16.0714285714286,28 g,,openfoodfacts,2
750894612673,ceviche zambos,Yummies,500.0,0.0,67.8571428571429,25.0,28 g,,openfoodfacts,2
750894671007,nuts yummi,Yummi Nuts,190.0,8.0,5.0,15.0,80.4 g,,openfoodfacts,2
750894680689,camarones con sopa,Issima,280.0,5.0,36.0,13.0,64 g,,openfoodfacts,3
753214711391,and spicy sweet topokki,Pulmuone,203.309692671395,3.3096926713948,45.3900709219858,1.18203309692671,0.5 emballage (423 g),,openfoodfacts,4
753469090050,asian creamy hot sauce,Dave’s Gourmet,200.0,0.0,0.0,20.0,1 tsp (5 g),8 oz,openfoodfacts,4
753633101216,knackwurst uncured,Schaller & Weber,414.285714285714,10.0,2.85714285714286,40.0,1 link (70 g),,openfoodfacts,2
753656701202,creamy peanut,think!,383.333333333333,20.0,36.6666666666667,15.0,60.0g,2.1 OZ (60 g),openfoodfacts,2
753854584225,dipped peanuts,Reese's,562.0,17.0,37.0,37.0,1 portion (100 g),,openfoodfacts,2
754177830549,drink horchata instant mix,Klass,363.636363636364,0.0,95.4545454545455,0.0,3 tsp (22 g),,openfoodfacts,4
754213163013,assassin ramen swamp,Gamer Soups,400.0,10.7692307692308,58.4615384615385,13.8461538461538,1 package (65 g),,openfoodfacts,3
754697667939,cinna crunch,Lean Whey,371.428571428571,71.4285714285714,11.4285714285714,5.71428571428571,1 scoop (35 g),,openfoodfacts,2
755133000044,bbq rub,Williamson Bros,250.0,0.0,50.0,0.0,0.25 tbsp (0.7 g),,openfoodfacts,2
755795700078,bbq honey hot sauce,Kinder's,176.470588235294,0.0,41.1764705882353,0.0,2 tbsp (34 g),,openfoodfacts,4
756702131732,de maiz tostadas,Charras,500.0,8.33,58.33,25.0,12 g (12 g),,openfoodfacts,3
756702133156,corn red tostadas,Charras,475.0,5.55555555555556,69.4444444444444,19.4444444444444,36g,11.46 oz,openfoodfacts,3
756778333337,bronze honey wheat,,214.0,10.71,50.0,0.0,1 ONZ (28 g),,openfoodfacts,3
756839951739,butter nut peanut roasted spread,Freakin' Healthy,600.0,26.6666666666667,20.0,46.6666666666667,15 g,,openfoodfacts,5
756926481415,powder stevia,,0.0,0.0,0.0,0.0,,4 oz,openfoodfacts,2
757528051860,duos takis,Takis,500.0,3.33333333333333,66.6666666666667,23.3333333333333,1 portion (30 g),,openfoodfacts,2
757528051921,buckin ranch takis,Takis,510.63829787234,6.38297872340426,59.5744680851064,27.6595744680851,17 chips (47 g),,openfoodfacts,3
757528054106,takis,Takis,535.714285714286,7.14285714285714,60.7142857142857,28.5714285714286,1 portion (28 g),,openfoodfacts,1
757953998679,inferno,Lunar Performance,89.2288081580624,0.0,21.3333333333333,0.0,7.5 g,,openfoodfacts,1
757953998792,protein rainbow sherbet water,Emrald Labs,348.0,77.6,8.8,0.0,1 portion (25 g),,openfoodfacts,4
758843071892,foccaccia rosemary,Semifreddi’s,305.935142857143,7.7943,43.9809571428571,11.8391785714286,57g,2 oz,openfoodfacts,2
758843123621,bread hawaiian honey,Semifreddi's Inc.,360.0,8.0,52.0,12.0,1.8 ONZ (50 g),,openfoodfacts,3
759245333441,buff chicken mac,Balanced Foods,214.285714285714,18.5714285714286,25.0,5.35714285714286,1 serving (280 g),,openfoodfacts,3
759245739687,parm pasta pizza,Balanced Foods,229.226361031519,17.4785100286533,22.9226361031519,7.44985673352436,1 portion (349 g),,openfoodfacts,3
759740802282,butter choice peanut pure whey,Pure Choice,415.789473684211,73.6842105263158,17.6315789473684,6.57894736842105,1 rounded scoop (38 g),,openfoodfacts,5
760366000525,bread cranberry nut,The Muffin Mam Inc.,395.0,3.95,51.32,21.05,1 SLICES (76 g),,openfoodfacts,3
7605739,creme fraiche,,294.0,2.7,2.7,30.0,,,openfoodfacts,2
760672107949,bake shoppe,,357.0,5.36,66.07,8.93,2 ONZ (56 g),,openfoodfacts,2
761898607404,cake fish fried,ChoripDong,111.111111111111,10.0,10.0,3.88888888888889,2 pieces (90 g),,openfoodfacts,3
761898765739,and chips corn crispy savory,O! Snack,533.333333333333,6.66666666666667,63.3333333333333,26.6666666666667,1 cup (30 g),500 g,openfoodfacts,5
761934051116,starch tapioca,Buddha Brand,450.0,0.0,100.0,0.0,1 portion (10 g),14 oz,openfoodfacts,2
762016499048,premium rice white,IRIS,150.0,2.22222222222222,35.0,0.555555555555556,1 bowl (180 g),,openfoodfacts,3
762497209969,kennys sauerkraut,Flameworks,33.3333333333333,1.33333333333333,6.66666666666667,0.0,30g,,openfoodfacts,2
762571500128,freez,Freez,24.0,0.0,6.0,0.0,275ml,275 ml,openfoodfacts,1
763027870673,biscuits cheese,Dewey's Bakery  Inc.,536.0,17.86,32.14,39.29,1 ONZ (28 g),,openfoodfacts,2
763441101254,bread de semita sweet yema,,460.0,6.0,64.0,20.0,,,openfoodfacts,5
764460020007,couscous,,360.0,12.0,70.0,2.0,,,openfoodfacts,1
764460021646,the vert,,1.0,0.1,0.0,0.0,,200 g,openfoodfacts,2
767707001678,butter irish pure,Kerrygold,714.285714285714,2.8764,2.8664125,25.9675,14g,8 oz,openfoodfacts,3
767921019350,ramen tonkotsu,Takumi,266.666666666667,9.33333333333333,47.3333333333333,4.0,1 pack noodle and soup (150 g),,openfoodfacts,2
769087000333,queso,Quesos La Ricura,214.28571428571,17.857142857143,0.0,21.428571428571,,14 oz,openfoodfacts,1
769087001224,chicharron pupusas,,276.78571428571,11.607142857143,23.214285714286,15.178571428571,,,openfoodfacts,2
769503878782,de farine manioc,,350.0,1.4,83.0,0.5,,1 kg,openfoodfacts,3
771058807612,bbq protein snack,Nosh & CO,480.0,26.0,34.0,28.0,0.5 tasse (50 g),,openfoodfacts,3
772643355204,mayo teriyaki,Sushi À La Maison,666.666666666667,1.33333333333333,6.66666666666667,66.6666666666667,1 portion (15 ml),,openfoodfacts,2
772945776257,poke tuna,DOM Reserve Singles,136.0,23.2,6.4,1.2,,,openfoodfacts,2
773200709737,crackers hummus,Summer Fresh snack'n GO,240.963855421687,7.2289156626506,32.5301204819277,8.43373493975904,1 serving (83 g),,openfoodfacts,2
773220105748,bites steak,Stoney Creek Market,150.0,21.4285714285714,2.14285714285714,5.71428571428571,1 portion (140 g),,openfoodfacts,2
773479106442,quinoa,,308.0,12.82,48.72,6.41,"1 "" SLICE (39 g)",,openfoodfacts,1
773583020092,sauce tzatziki,LeGrand,107.142857142857,3.57142857142857,7.14285714285714,7.14285714285714,2 er serving (28 g),,openfoodfacts,2
773948200015,crunchy wowbutter,Wowbutter,625.0,25.0,25.0,50.0,,,openfoodfacts,2
774304000041,autrichien pain rond,Provigo,254.54545454545,9.0909090909091,52.727272727273,0.90909090909091,55.0g,,openfoodfacts,3
775462264009,de jus pommes,Tradition,40.0,0.4,10.0,0.04,,,openfoodfacts,3
776703731700,fresh tofu,T&T,70.0,7.0,1.0,4.5,1 piece (85 g),,openfoodfacts,2
777762001315,naan spinach,Indianlife,300.0,8.0,48.0,8.0,"0.5 SPIN,NAAN (50 g)",,openfoodfacts,2
777762001506,authentic papadums,Indianlife,250.0,20.0,40.0,0.0,1 PAPADUM (10 g),,openfoodfacts,2
778659013657,breakfast cocoa nib topper,West Point,371.830985915493,22.5352112676056,45.0704225352113,11.2676056338028,1 tbsp (17.75 g),,openfoodfacts,4
778695000512,de four oven pomme terre,Mamzells,80.0,2.0,19.0,0.1,1 portion (110 g),,openfoodfacts,5
780353784030,strawberries,Well-Pict,38.6,0.8888889,6.03,0.25,450g,16 oz,openfoodfacts,1
780982002000,croutons parmesan pepper,,500.0,14.29,57.14,21.43,4 CROUTONS (7 g),,openfoodfacts,3
782733020936,chickpea coconut curry turmeric,Tasty Bite,114.285714285714,2.45579020182292,7.40740908668154,4.26038567679269,1 portion (140 g),10 oz,openfoodfacts,4
783583896061,bites brioche one,,422.0,11.11,66.67,11.11,5 BITES (45 g),,openfoodfacts,3
784145010130,shisen toubanjian,Youki,66.6666666666667,0.0,6.66666666666667,3.33333333333333,1 tbsp. (15 g),,openfoodfacts,2
784160604963,chicken pho,Frive,124.742268041237,11.4175257731959,14.1237113402062,2.75773195876289,1 portion (388 g),,openfoodfacts,2
787359100079,country croutons premium ranch,Fresh Gourmet,429.0,14.29,57.14,14.29,6 CROUTONS (7 g),,openfoodfacts,4
787359100109,croutons texas toast,Fresh Gourmet,429.0,14.29,57.14,21.43,2 Tbsp (7 g),,openfoodfacts,3
787359101410,croutons premium seasoned,Fresh Gourmet,429.0,14.29,57.14,14.29,2 Tbsp (7 g),,openfoodfacts,3
787359103749,croutons focaccia,Fresh Gourmet,429.0,14.29,71.43,14.29,2 Tbsp (7 g),,openfoodfacts,2
787359171710,asian crunch fusion,Fresh Gourmet,571.428571428572,14.2857142857143,42.8571428571429,35.7142857142857,2 tbsp (7 g),,openfoodfacts,3
787359175008,crispy onions,Fresh Gourmet,571.428571428572,5.85714285714286,39.8571428571429,44.1428571428571,1 portion (7 g),,openfoodfacts,2
787359744709,croutons seasons,Fresh Gourmet,428.57142857143,14.285714285714,71.428571428571,14.285714285714,,,openfoodfacts,2
787790021438,but chip choc her pesnut,Dive Bar,357.142857142857,28.5714285714286,42.8571428571429,10.7142857142857,1 bar (28 g),,openfoodfacts,5
788821003140,korma,Shan Food Industries,400.0,20.0,60.0,10.0,8 g (1 Tbsp),,openfoodfacts,1
7895308,cherry dr pepper,Dr Pepper,45.0704,0.0,12.1127,0.0,,,openfoodfacts,3
789580881123,banana bread crunch,Coffee  Tea And Me  Inc.,357.0,3.57,42.86,17.86,1 SLICE (28 g),,openfoodfacts,3
790223101843,cherry tart,Dynamic Health,233.333333333333,0.0,63.3333333333333,0.0,1 portion (30 ml),,openfoodfacts,2
790429277113,mix power protein,Valued Naturals,466.666666666667,23.3333333333333,60.0,16.6666666666667,1 portion (30 g),11 oz,openfoodfacts,3
791154361023,chicken crispy mix tender,Mom's Place,318.181818181818,4.54545454545455,77.2727272727273,0.0,1 nly (22 g),,openfoodfacts,4
791654017772,pre raspberry sour workout,Legit Extreme,0.0,0.0,0.0,0.0,21 g,,openfoodfacts,4
791928366728,cara,,51.948051948052,0.64935064935065,12.337662337662,0.0,,,openfoodfacts,1
791943102027,bacon breakfast tacos,My Fit Foods,179.245283018868,16.0377358490566,14.1509433962264,6.60377358490566,1 portion (106 g),,openfoodfacts,3
793283753731,frutti tuttii,Three Rivers,400.0,0.0,96.66667,0.0,30g,,openfoodfacts,2
793617000203,new rye york,When Pigs Fly,205.962785714286,9.28338571428572,55.7227357142857,2.04326785714286,48g,1 lb 4 oz,openfoodfacts,3
793618109691,chicken katsudon,FAST FUEL MEALS,125.142857142857,10.7714285714286,13.1142857142857,2.74285714285714,1 portion (350 g),,openfoodfacts,2
793674810500,beer frostie root,Intrastate Distributors  Inc.,45.0,0.0,11.27,0.0,1 bottle (11.2 fl oz),,openfoodfacts,3
793869507437,hatay kunafa pistachio with,Sweet Beggy,436.0,11.47,19.24,37.22,1 portion (100 g),,openfoodfacts,4
794300928897,and handmade pork shrimp wonton,3A Food Products,152.941176470588,10.5882352941176,15.2941176470588,5.29411764705882,3 pieces (85 g),,openfoodfacts,5
795631807455,parfait,,101.0,9.25,11.01,2.64,8 OUNCES (227 g),,openfoodfacts,1
795706000972,honey pure unpasteurized,Good Flow Honey Co.,333.333333333333,0.56,81.7,0.0,21g,24 oz,openfoodfacts,3
795723623253,beau bon et,,303.0,11.0,41.0,9.0,,,openfoodfacts,3
796548239094,bush honey parrot,The House Of Honey,334.608030592734,0.0,82.0,0.0,1 portion (15 g),370 g,openfoodfacts,3
798190053905,de edamame poroto soja,EDAGREENS,126.923076923077,10.7692307692308,12.3076923076923,4.0,1 cup (130 g),,openfoodfacts,4
799268854875,bbq city kansas sauce,Full Boar BBQ,200.0,0.0,43.333333333333,0.0,1 portion (30 ml),,openfoodfacts,4
799586007083,corn snacks,Love Corn,464.285714285714,7.14285714285714,71.4285714285714,16.0714285714286,1 portion (28 g),,openfoodfacts,2
799665610173,bread nanny,Afghan Bakery,290.0,8.06,41.8,10.0,1 portion (100 g),,openfoodfacts,2
799758633478,bbq chicken smoky,Frive,146.272493573265,10.719794344473,19.0745501285347,2.31362467866324,1 portion (389 g),,openfoodfacts,3
802763028594,amazon prunes,Sunsweet,250.0,2.5,65.0,0.0,1.5 ONZ (40 g),,openfoodfacts,2
802763028631,amazin probiotic prunes,Sunsweet,250.0,2.5,60.0,0.0,40g,6 oz,openfoodfacts,3
803031500200,potatoes white,Brenn-B. Farms,73.3333333333333,2.66666666666667,16.0,0.0,1 portion (150 g),,openfoodfacts,2
804467194483,sachima,GubeiQi,485.714285714286,2.85714285714286,48.5714285714286,31.4285714285714,1 pack (35 g),,openfoodfacts,1
805128201809,paper rice,Banh Trang,317.465916506464,5.29109860844107,72.3116809820279,0.529109860844107,7 sheet (56.699 g),,openfoodfacts,2
805509019085,pumpkin raw seeds styrian,Yupik,580.0,32.0,16.0,42.0,0.5 cup (50 g),,openfoodfacts,4
806795287004,bacio,Basio,321.428571428571,21.4285714285714,3.57142857142857,25.0,1 bag (28 g),,openfoodfacts,1
807176151112,cooked rice white,"CJ Foods, Bibigo",147.61905,2.85714,33.80952,0.47619,1 bowl (210 g),7.4 oz,openfoodfacts,3
807176540428,annie chuns ramen shoyu,Annie Chun’s,180.645161290323,6.45161290322581,34.8387096774194,1.61290322580645,1 bowl (155 g),,openfoodfacts,4
807176541142,fried kimchi rice stir,Bibigo,134.69387755102,2.85714285714286,26.9387755102041,1.83673469387755,1 bowl (245 g),,openfoodfacts,4
810003390561,carne de soya,Picante Food,279.0,50.0,34.0,1.0,1 portion (100 g),,openfoodfacts,3
810003780805,biena chickpea snacks,Biena,428.571428571429,21.4285714285714,53.5714285714286,21.4285714285714,28g,,openfoodfacts,3
810007540818,syntrax,Matrix sustain-released protein blend,366.666666666667,76.6666666666667,6.66666666666667,5.0,1 level scoop (30 g),,openfoodfacts,1
810011190160,butter cookie peanut pescience,Pescience,369.230769230769,73.8461538461538,9.23076923076923,4.61538461538461,1 scoop (32.5 g),,openfoodfacts,4
810014679143,bcaa,Nutricost,0.0,0.0,0.0,0.0,1 scoop (6 g),,openfoodfacts,1
810021672762,crackers cream pop sour,Simple Mills,466.666666666667,6.66666666666667,66.6666666666667,20.0,44 crackers (30 g),,openfoodfacts,4
810028194151,coconut protien toasted,True Nutrition,382.352941176471,73.5294117647059,11.7647058823529,5.88235294117647,1 scoop (34 g),,openfoodfacts,3
810032301262,pumpkin roasted seeds,Go Raw Organic,600.0,26.6666666666667,10.0,50.0,0.25 cup (30 g),22 oz,openfoodfacts,3
810035970557,pastry protein,Legendary Foods,295.081967213115,32.7868852459016,21.3114754098361,14.7540983606557,1 pastry (61 g),2 oz,openfoodfacts,2
810035973633,and cheese mac pasta protein,Legendary Foods,353.658536585366,57.3170731707317,23.1707317073171,7.31707317073171,1 package (82 g),,openfoodfacts,5
810038160047,mini pita white,,223.98589065256,8.994708994709,44.797178130511,0.0,,,openfoodfacts,3
810038160054,mini pita wheat,,234.56790123457,9.347442680776,47.619047619048,0.0,,,openfoodfacts,3
810044576528,muffin protein,Redcon1,383.333333333333,25.0,33.3333333333333,15.0,1 portion (60 g),,openfoodfacts,2
810044578461,powder protein shortcake strawberry,,448.0,82.76,13.79,6.9,,,openfoodfacts,4
810046530177,in sardines sauce spicy tomato,Sea Tales,200.0,16.6666666666667,1.66666666666667,14.1666666666667,1 can (120 g),,openfoodfacts,5
810047583684,pew protein,Equilife,415.094339622641,75.4716981132076,3.77358490566038,11.3207547169811,1 portion (26.5 g),,openfoodfacts,2
810048160181,cream sauce tomato vodka,Di Bruno Bros,106.194690265487,2.65486725663717,8.84955752212389,7.07964601769912,1 portion (113 g),,openfoodfacts,4
810048612307,fiber prebiotic,YumVs,66.6666666666667,0.0,15.5555555555556,0.0,2 gummies (45 g),,openfoodfacts,2
810049181826,peppercorns sichuan,Soeos,60.0,0.0,0.0,0.0,1 portion (10 g),8 oz,openfoodfacts,2
810057401107,in sardines sauce tomato,La Narval,196.428571428571,17.8571428571429,1.78571428571429,12.5,1 portion (56 g),,openfoodfacts,4
810062520176,jasmine rice seasoned,Hungryroot,195.833333333333,4.16666666666667,32.0833333333333,5.0,,,openfoodfacts,3
810062520381,bites savory spiced tofu,Hungryroot,188.235294117647,14.1176470588235,3.52941176470588,12.9411764705882,1 serving (85 g),8 oz,openfoodfacts,4
810063710309,poppi,poppi,8.4535141258221,0.0,2.53605423774663,0.0,12 fl oz (12 fl oz),12oz,openfoodfacts,1
810063711597,doo pop,poppi,9.40640858616976,0.0,2.35160214654244,0.0,1 can (212.621 g),,openfoodfacts,2
810063711931,pop punch,"Poppi, Punch Pop",8.4535141258221,0.0,2.53605423774663,0.0,1 Can (12 fl oz),12oz,openfoodfacts,2
810076291178,powder protein,Jocko,361.111111111111,61.1111111111111,16.6666666666667,6.94444444444444,1 Scoop (36 g),,openfoodfacts,2
810076631219,antipasto trio,Boro Rovagnati,321.428571428571,25.0,0.0,25.0,1 serving (28 g),,openfoodfacts,2
810076654331,boston cream honor,American Dream,535.714285714286,25.0,35.7142857142857,35.7142857142857,2 tbsp (28 g),,openfoodfacts,3
810076770383,date pops,Joolies,400.0,6.66666666666667,63.3333333333333,15.0,3 pieces (30 g),,openfoodfacts,2
810083071275,coffee protein super,Mocha Latte,45.4545454545455,7.87878787878788,2.42424242424242,0.909090909090909,1 portion (330 ml),,openfoodfacts,3
810088860720,churro protein shake,REBBL,73.2394366197183,9.01408450704225,3.09859154929577,2.8169014084507,355 ml,,openfoodfacts,3
810090750071,berries cream mixed,oats overnight,280.0,20.0,41.0,6.0,1 pouch (76 g),,openfoodfacts,3
810090750873,coconut cream pie,Oats Overnight,379.746835443038,25.3164557,53.16455696,8.86075949,1 pouch (79 g),,openfoodfacts,3
810090751788,cherry pie,Oats Overnight,376.623376623377,25.974025974026,57.1428571428571,7.79220779220779,1 pouch (77 g),2.7 oz,openfoodfacts,2
810091781913,chips hit honey potato siete,Siete,500.0,7.14285714285714,64.2857142857143,25.0,1 portion (28 g),,openfoodfacts,5
810093784806,batter cake powder protein,Clean- Simple Eats,360.0,80.0,8.0,0.0,1 scoop/single packet (25 g),,openfoodfacts,4
810104461818,minis protein treats,MAGIC SPOON,333.333333333333,33.3333333333333,38.8888888888889,8.33333333333333,1 bar (18 g),,openfoodfacts,3
810104462785,pastries protein,Magic Spoon,303.571428571429,19.6428571428571,46.4285714285714,12.5,56g,,openfoodfacts,2
810113511610,mode rainbow sherbert,Gorilla Mind,25.7731958762887,0.0,5.15463917525773,0.0,1 scoop (19.4 g),,openfoodfacts,3
810113831305,drink sports,BODYARMOR,2.2075055187638,0.0,0.0,0.0,1 bottle (453.592 g),,openfoodfacts,2
810115240006,reds smoothie,k.,318.181818181818,4.54545454545455,72.7272727272727,4.54545454545455,1.0 portion (22.0 g),4 x 22 g,openfoodfacts,2
810115241294,instant smoothies,kencko,318.181818181818,4.54545454545455,72.7272727272727,4.54545454545455,1 packet (22 g),,openfoodfacts,2
810116123445,cherry freeze hydration,PRIME,4.0,0.0,1.0,0.0,1 bottle (500 ml),,openfoodfacts,3
810116127580,hydration,Prime,4.17443285111676,0.0,1.04360821277919,0.0,1 bottle (479.107 g),,openfoodfacts,1
810116129966,berry kiwi prime,Prime,4.00166349151342,0.0,1.00041587287836,0.0,1 bottle (16.9 fl oz),,openfoodfacts,3
810121151570,creamies,,500.0,3.57,75.0,21.43,,,openfoodfacts,1
810122080077,cheesy chickpea puffs vibes,HIPPEAS,434.782608695652,13.0434782608696,65.2173913043478,15.2173913043478,16 pleces (23 g),,openfoodfacts,4
810122080978,chickpea puffs,Hippeas,464.285714285714,10.7142857142857,64.2857142857143,21.4285714285714,289.0,454 g,openfoodfacts,2
810124750015,nutty one the,Harken,375.0,7.5,62.5,20.0,1 serving (40 g),,openfoodfacts,3
810128370363,chicken pesto wrap,Farmer’s Fridge,230.434782608696,7.82608695652174,24.3478260869565,11.7391304347826,1 container (230 g),,openfoodfacts,3
810130420018,bbq chicken totchos,Clean Eatz Kitchen,133.802816901408,10.2112676056338,15.8450704225352,3.16901408450704,1 meal (284 g),,openfoodfacts,3
810142583619,beef burrito queso,Clean Eatz Kitchen,151.408450704225,13.7323943661972,10.2112676056338,5.98591549295775,1 meal (284 g),10 oz,openfoodfacts,3
810142584272,chicken mac teriyaki,Clean Eatz,367.0,34.0,42.0,7.0,1 portion (100 g),,openfoodfacts,3
810142589499,powder protein shakez strawberry,Clean Eatz,352.941176470588,58.8235294117647,11.7647058823529,8.82352941176471,1 scoop (34 g),,openfoodfacts,4
810153930099,crisp steam,Green Giant,70.5882352941177,2.35294117647059,14.1176470588235,1.17647058823529,0.333 cup (85 g),,openfoodfacts,2
810155483166,cream crunchy pistachio,Nutty Fruity,464.285714285714,7.14285714285714,42.8571428571429,32.1428571428571,1 portion (28 g),,openfoodfacts,3
810164380708,passion punch sunrise,Oath Clear Protein,352.112676056338,70.4225352112676,7.04225352112676,3.52112676056338,1 Scoop (28.4 g),,openfoodfacts,3
810169470022,diced onions peppers sofrito,King's Crown,20.0,1.0,5.0,0.0,0.25 cup (85 g),,openfoodfacts,4
810172557840,and basic brisket chopped rice,Clean Eatz,137.323943661972,10.5633802816901,8.09859154929577,7.04225352112676,1 meal (284 g),,openfoodfacts,5
810172557864,and brisket cheese mac,CleanEatz Kitchen,190.140845070423,13.3802816901408,14.4366197183099,8.80281690140845,1 meal (284 g),,openfoodfacts,4
810172558595,bbq chicken con queso,Clean Eatz,124.150571473034,12.1038161603237,13.4871094357893,2.42076323206474,1 portion (289.165 g),,openfoodfacts,4
810172671706,boosts sour,Mr. Beast Feastables,321.428571428571,3.57142857142857,78.5714285714286,0.0,10 pieces (28 g),,openfoodfacts,2
810184900009,postobon,Postobon,19.3548387096774,0.0,4.51612903225806,0.0,1 can (310 ml),,openfoodfacts,1
810186090081,berry cheesecake protein whey,Ekkovision,372.492836676218,71.6332378223496,11.4613180515759,2.86532951289398,1 portion (34.9 g),,openfoodfacts,4
810358035049,zee zees,Zee Zees Fava Bean Crisps,447.058823529412,23.5294117647059,54.1176470588235,16.4705882352941,1 portion (42.5 g),,openfoodfacts,2
810358035834,crackers ranch,Zee Zees,391.304347826087,4.34782608695652,65.2173913043478,15.2173913043478,1 bag (23 g),,openfoodfacts,2
810516031203,hd iso,hpi SPORTS,375.0,25.0,2.0,3.125,1 scoop (32 g),NET WT. 4.9 LBS (2.2kg),openfoodfacts,2
810607024398,cinnamon crunch,Popcorners,464.285714285714,7.14285714285714,75.0,16.071,17 crisp (28 g),,openfoodfacts,2
810607069696,cheddar corners pop white,Pop Corners,500.0,7.14285714285714,67.8571428571429,21.4285714285714,28 a (28 g),,openfoodfacts,4
810698536589,coffee peanut pops with,3 Mien,520.0,14.0,50.0,33.0,1 portion (100 g),,openfoodfacts,4
810732022283,basque burnt cheesecake,La Vie Gourmand,200.0,2.5,20.0,12.5,1 portion (80 g),2 lbs,openfoodfacts,3
810757010005,artisan baker bread white,Schär,241.379310344828,3.50877192982456,50.8771929824561,2.63157894736842,2 slices (57 g),14.1 oz,openfoodfacts,4
810757010814,croutons schar,Schar,429.0,0.0,85.71,7.14,2 Tbsp (7 g),,openfoodfacts,2
810882011588,buttered pasta,Kidfresh,150.485436893204,4.85436893203883,22.8155339805825,4.36893203883495,1 bowl (206 g),,openfoodfacts,2
811130034175,coconut mocha,Dutch Bros,74.6676004407963,2.57474484278608,12.6162497296518,1.54484690567165,1 portion (388.388 g),,openfoodfacts,2
811307024497,croutons protein,,400.0,66.666666666667,13.333333333333,13.333333333333,,,openfoodfacts,2
811307030511,bbq protein puffs smokey,Taali,411.0,17.0,52.0,15.0,60 g,,openfoodfacts,4
811374031862,af woke,Bucked Up,40.3225806451613,0.0,8.06451612903226,0.0,1 scoop (12.4 g),,openfoodfacts,2
811374037512,buckshot,Bucked up,0.0,0.0,0.0,0.0,1 shot (57 g),,openfoodfacts,1
811620024143,core power,Fairlife,41.0628019323672,6.28019323671498,1.69082125603865,1.08695652173913,1 bottle (414 ml),,openfoodfacts,2
811669020205,authentic brioche french premium,,280.0,6.0,42.0,8.0,0.125 BRIOCHE (50 g),,openfoodfacts,4
811892026807,avocado now,Cabo Fresh,166.666666666667,3.33333333333333,10.0,15.0,1 serving (30 g),,openfoodfacts,2
812049001265,berry mix,Nature Ripe,42.8571428571429,0.714285714285714,11.4285714285714,0.357142857142857,1 cup (140 g),,openfoodfacts,2
812541030749,cheddar cheezy cracker rounds white,Fit Joy,444.444444444444,0.0,61.1111111111111,22.2222222222222,19 crackers (18 g),8 oz,openfoodfacts,5
812582000008,curry instant red,Kosa,120.0,0.8,6.8,10.0,1 cup (250 g),,openfoodfacts,3
812820020041,bruschette,Ital Foods Sa,500.0,10.71,64.29,21.43,14 PIECES (28 g),,openfoodfacts,1
813085606964,bites matcha strawberry,Edward Marc Chocolatier,466.666666666667,3.33333333333333,70.0,16.6666666666667,3 pieces (30 g),,openfoodfacts,3
813224007423,paczki raspberry,CT Bakery,314.285714285714,4.76190476190476,43.8095238095238,13.3333333333333,1 unité (105 g),,openfoodfacts,2
813238001493,batard countrysd,,263.0,10.53,54.39,1.75,2 ONZ (57 g),,openfoodfacts,2
813305012889,baked bread pain paysan peasant,Parisian Star,206.0,5.88,47.06,0.0,1.2 ONZ (34 g),,openfoodfacts,5
813305012896,french peasant,Parisian Star,294.96203125,5.579845703125,38.8962734375,12.11525390625,1 serving (62 g),,openfoodfacts,2
813305013268,at bake bread french home,"The Essential Baking Company,  The Essential Baking Company  Inc.",200.0,6.0,44.0,0.0,1.75 ONZ (50 g),,openfoodfacts,5
813305014302,artisan bread dinner,,222.0,8.06,44.35,0.0,1.75 ONZ (49.61 g),,openfoodfacts,3
813305016894,bread parmesan,Essential,300.0,8.0,48.0,8.0,0.125 loaf (50 g),,openfoodfacts,2
813327010139,cheezee,Magnolia,266.66666666667,13.333333333333,13.333333333333,16.666666666667,,235g,openfoodfacts,1
8136509,damae ramen,,91.0,2.0,11.2,4.0,,,openfoodfacts,2
814228000595,cheddar cheese curds,MouCo,392.857142857143,25.0,3.57142857142857,28.5714285714286,1 serving (28 g),10 oz,openfoodfacts,3
814558021239,creamer,Forager project,9.4,5.2085,13.66,7.2,15 mL,20 oz,openfoodfacts,1
8145710,rooibos tee,,16.0,0.0,3.7,0.0,,,openfoodfacts,2
814574001901,bone broth,Bone Brewhouse,375.0,93.75,0.0,1.875,,5 x 16 g,openfoodfacts,2
815476000030,arabe pan,Soumaya And Sons,246.575342465753,8.21917808219178,50.6849315068493,0.684931506849315,1 portion (73 g),,openfoodfacts,2
815677022077,ramnen soup,Mike's Mighty Good,388.888888888889,14.81,66.67,7.41,54 g (54 g),,openfoodfacts,2
815700020063,seasoned seaweed snack,Kim Nori,500.0,25.0,25.0,50.0,,,openfoodfacts,3
816136026292,and ceders tonic,,0.0,0.0,0.2,0.0,,,openfoodfacts,3
816202020322,japonica rice sushi,4 Sisters,388.888888888889,5.5555555555556,90.740740740741,0.92592592592593,,32 oz,openfoodfacts,3
816545027583,parmesan spinach,Western Sizzlers,216.05319317801,21.605319317801,3.08647418825729,13.2277465211027,1 portion (226.796 g),16 oz,openfoodfacts,2
816554020940,parmesan rustic tomato,josie's organics,170.0,5.0,13.0,11.0,1 portion (100 g),,openfoodfacts,3
816729306206,cookies cream n protein puff,Built,375.0,42.5,35.0,6.25,1 bar (40 g),,openfoodfacts,5
816854020022,tiramisu,Dessert Italiano,247.058823529412,1.76237503899468,57.3556570985582,3.21012359195286,1 glass (85 g),18 oz,openfoodfacts,1
816929000652,baked fries potato sweet,Frankie’s Organic,500.0,7.14285714285714,50.0,28.5714285714286,1 paquet (14 g),,openfoodfacts,4
817449029314,beef hot spicy,BEEFCARE JERKY CO.,321.428571428571,35.7142857142857,32.1428571428571,3.57142857142857,28 g,,openfoodfacts,3
817719021956,fitcrunch,Robert Irvine's,413.04347826087,34.7826086956522,30.4347826086957,21.7391304347826,46g,1.62 oz,openfoodfacts,1
818246021808,bamboo pork shrimp,Shrimp Supreme Dumpling,190.0,9.0,22.0,8.0,4 pieces (100 g),,openfoodfacts,3
818290011817,smore smores,Chobani flip,91.552734375,5.4931640625,12.8173828125,2.13623046875,128 g,18 oz,openfoodfacts,2
818290012395,berry cherry chobani,Chobani,73.6842105263158,10.5263157894737,4.73684210526316,1.57894736842105,1 serving (190 g),190 g,openfoodfacts,3
818290014702,birthday cake confetti,Chobani flip,125.0,7.03125,16.40625,3.515625,1.0 container (128.0 g),,openfoodfacts,3
818290015174,berry cherry,Chobani,73.6842105263158,10.5263157894737,4.73684210526316,1.57894736842105,1 container (190 g),4.5 oz,openfoodfacts,2
818290015587,cream strawberries,Chobani,57.9710144927536,7.2463768115942,4.34782608695652,0.966183574879227,207 mL,207 mL,openfoodfacts,2
818290015624,cream drink protein strawberries,Chobani,56.0,7.25,4.35,0.97,414 mL,14 fl oz,openfoodfacts,4
818290015686,birthday cake coffee confetti creamer,Chobani,233.333333333333,0.0,33.3333333333333,10.0,1 Tbsp (15mL),24 fl oz,openfoodfacts,5
818290016362,coconut dairy drink non strawberry,Chobani,62.8019323671498,0.483091787439614,5.31400966183575,4.83091787439614,"1 bottle, 207ml",7 fl oz,openfoodfacts,5
818290016904,chobani choc covered strawberry,Chobani,233.0,0.0,33.33,10.0,1 serving (15 g),,openfoodfacts,4
818290018342,chobani,Chobani,40.0,8.0,3.33333333333333,0.0,150 g,,openfoodfacts,1
818290019691,mocha tiramisu,Chobani Creations,113.333333333333,6.66666666666667,12.6666666666667,4.0,1 container (150 g),5.3 oz,openfoodfacts,2
818290019783,cinnamon french toast,Chobani,125.0,3.45490615234375,30.7271795898437,0.49803994140625,1 Container (128 g),,openfoodfacts,3
818328011178,arepa corn white,,80.0,4.0,24.0,0.0,,,openfoodfacts,3
819021010185,butter peanut puffs,Bamba,480.25,14.5321875,12.41875,40.090625,1 bag (20 g),,openfoodfacts,3
819496024595,cherries tart,Nutty & Fruity,325.0,2.5,80.0,0.0,,5 oz,openfoodfacts,2
819898010110,cheezy crackers,Back to Nature,466.666666666667,7.46676098632812,57.9287854003906,14.2978360188802,24 crackers (30 g),5.0 oz,openfoodfacts,2
822986616057,baked hand mini pita white,,211.76470588235,9.4117647058824,47.058823529412,0.0,,,openfoodfacts,5
824862006303,asian chopper kit,Taylor Farms,160.0,3.0,14.0,11.0,1 cup (100 g),13 oz,openfoodfacts,3
825325006137,date pesetas,Mitica,400.0,6.66666666666667,66.6666666666667,15.0,1 portion (30 g),,openfoodfacts,2
825573800501,nupasta,nuPasta,11.9047619047619,0.476190476190476,2.85714285714286,0.476190476190476,,210 g,openfoodfacts,1
825685002329,dates sukkary,Salem Foods,325.0,2.5,75.0,1.0,0.25 tasse (40 g),,openfoodfacts,2
828404781000,pastrami,StoneRidge Ranch,258.823529411765,25.0,2.3529411765,12.0,1 serving (100 g),28 oz,openfoodfacts,1
829262002177,bite oat strawberry stuffed,BOBO'S,378.378378378378,5.41,67.6,10.8108108108108,1 serving (37 g),,openfoodfacts,4
829515326210,cocoberru,Sensible Portion,500.0,0.0,64.2857142857143,21.4285714285714,1 portion (14 g),,openfoodfacts,1
829515326227,cream puffs strawberries,Sensible Portions,500.0,7.14285714285714,57.1428571428571,28.5714285714286,1 bag (14 g),,openfoodfacts,3
829696000701,skipjack tuna,Wild Planet,98.5915492957746,21.8762115,0.0,1.0043169825,1 can (142 g),5 oz (142 g),openfoodfacts,2
829793026031,birria con consome,Del Real,85.7142857142857,12.8571428571429,2.14285714285714,2.85714285714286,1 portion (140 g),15 oz,openfoodfacts,3
829793060929,pupusas,Del Real,164.556962025316,6.32911392405063,20.253164556962,6.32911392405063,1 serving (79 g),,openfoodfacts,1
830953000358,brocco shoots,Friends Fields,25.0,2.6,1.7,0.3,,,openfoodfacts,2
831011000075,bread zucchini,DeLand Bakery,285.7143,10.7143,60.7143,1.7857,,16 oz,openfoodfacts,2
831201001110,bread harpers homemade white,,238.09523809524,7.1428571428571,47.619047619048,0.0,,,openfoodfacts,4
832971000037,artisan pure white,,268.0,7.32,56.1,1.59,1 SLICE (41 g),,openfoodfacts,3
834183100253,fries rosemary,Alexia,142.857142857143,2.38095238095238,26.1904761904762,3.57142857142857,1 portion (84 g),16 oz,openfoodfacts,2
834266006922,crisp protein,BSN,327.272727272727,32.7272727272727,43.6363636363636,10.9090909090909,55 g,,openfoodfacts,2
834297008230,cioppino seafood,Vital Choice,66.6666666666667,7.45098039215686,4.31372549019608,2.35294117647059,1 pouch (255 g),,openfoodfacts,2
834706001869,fiber pops prebiotic,Beekeeper’s Naturals,416.666666666667,0.0,100.0,0.0,1 pop (6 g),,openfoodfacts,3
835481004052,kefir raspberry,,80.0,3.33,8.33,3.75,1 cup (240 ml),,openfoodfacts,2
835595001923,dejeuner sandwich,Eat-in,215.51724137931,11.2,22.4,8.62,1 sandwich (116 g),12 x 116 g,openfoodfacts,2
835841005354,bread fiber one,Fiber One,232.0,10.71,48.21,2.68,2 SLICES (56 g),,openfoodfacts,3
835841006917,bread country panera white,Panera Bread,250.0,9.38,46.88,3.12,1 SLICE (32 g),20 oz,openfoodfacts,4
8383404,coated peanuts wasabi,Khao Shong,546.0,22.0,24.0,36.0,,,openfoodfacts,3
838766008554,protein sport,vega,414.634146341463,73.1707317073171,12.1951219512195,8.53658536585366,1 portion (41 g),,openfoodfacts,2
840039705947,cooked pacific shrimp white,Aquarium Gems,100.0,21.0,0.0,1.0,1 tasse (100 g),,openfoodfacts,4
840055101617,potato tots,Root,141.176470588235,2.35294117647059,22.3529411764706,5.29411764705882,0.667 cup (85 g),,openfoodfacts,2
840208000019,cod pacific,Wild Alaska,82.3529411764706,20.0,0.0,0.0,3 oz cooked (85 g),,openfoodfacts,2
840229303809,batter brownie,Built,350.0,42.5,35.0,6.25,1 bar (40 g),160 g,openfoodfacts,2
840229305377,puff road rocky,Built,350.0,37.5,37.5,7.5,1 bar (40 g),,openfoodfacts,3
840229306121,coconut puff,Built,350.0,42.5,32.5,7.5,1 portion (40 g),,openfoodfacts,2
840229306510,peach puff sour sweet,BUILT,365.853658536585,39.0243902439024,36.5853658536585,6.09756097560976,1 bar (41 g),164 g,openfoodfacts,4
840229307111,puff sour,BUILT,365.853658536585,39.0243902439024,36.5853658536585,6.09756097560976,1 bar (41 g),574 g,openfoodfacts,2
840266324591,advanced protein super whey,BODY FORTRESS,422.222222222222,66.6666666666667,17.7777777777778,8.88888888888889,1 serving (45 g),,openfoodfacts,4
840370900674,cheese parmesan,Kraft,400.0,40.0,0.0,30.0,5g,8 oz,openfoodfacts,2
840809056798,cakes rice tteokbokki,Marlang,227.272727272727,4.54545454545455,50.9090909090909,0.909090909090909,1 portion (110 g),,openfoodfacts,3
841165147502,biscuit potata pran spicy,pran,419.2,34.5,20.8,19.2,,50g,openfoodfacts,4
842047190364,espresso shot,Bestpresso,10.0,0.0,1.66666666666667,0.333333333333333,1 pod (30 g),,openfoodfacts,2
842232006012,cheese for nuts,Nuts for Cheese,366.666666666667,10.0,16.666666666667,36.666666666667,,,openfoodfacts,3
842234400665,chicken supreme tender,Gardein,188.118811881188,15.8415841584158,13.8613861386139,7.92079207920792,2 morceaux (101 g),,openfoodfacts,3
842379162220,chicken condensed cream of soup,amazon fresh,48.0,1.6,8.0,1.2,0.5 cup (125 g),,openfoodfacts,5
842535162255,mix seafood,Wild Fork,80.0,14.0,2.0,1.5,1 serving (100 g),,openfoodfacts,2
842595133394,pre workout,C4,114.942528735632,0.0,11.4942528735632,0.0,1 level scoop (8.7 g),,openfoodfacts,2
842605111459,yaourt,La Fermière,190.0,4.0,17.0,12.0,1 serving (100 g),,openfoodfacts,1
843439066601,mashed potatoes sweet,ShopRite,127.659574468085,2.12765957446809,19.1489361702128,5.67375886524823,1 portion (141 g),,openfoodfacts,3
843562128849,brownie protein,prime bites,220.0,19.0,19.0,9.0,1 portion (65 g),65g,openfoodfacts,2
843604445699,pastitas,Agrovejo,502.0,6.9,63.4,24.3,4 portion (100 g),,openfoodfacts,1
844911008775,berry cherry ropes,Joyride,250.0,0.0,78.125,0.15625,4 pieces (32 g),,openfoodfacts,3
845502011181,pepero,Lotte,500.0,6.25,65.625,25.0,1 portion (32 g),,openfoodfacts,1
8460158,hqyzydu,,403.0,6.3,84.1,4.2,,,openfoodfacts,1
846548021752,crunch sesame,Woodpecker,513.965,14.4572,16.2445,40.754,35g,7 oz,openfoodfacts,2
846548086522,berry mixed probiotic,Nature’s Garden,46.6257012261285,0.394585503472222,9.90396545410156,0.471072184244794,20g,20 g,openfoodfacts,3
846548089424,booster immune probiotic,Nature's Garden,500.0,14.705882352941,41.176470588235,32.352941176471,34.0g,,openfoodfacts,3
847597010797,idaho potato premium,Wilcox,76.9230769230769,2.02702702702703,17.5675675675676,0.0,1 portion (148 g),,openfoodfacts,3
847644010428,protein puffs ready,Ready Products,434.782608695652,30.4347826086957,52.1739130434783,8.69565217391304,1 portion (23 g),,openfoodfacts,3
847644010787,protein water,Ready,18.0,4.0,0.2,0.0,16.9 fl.oz (500 ml),,openfoodfacts,2
848737004959,bread nutty,Wild Oats Market Place,282.0,10.26,48.72,5.13,1 SLICE (39 g),,openfoodfacts,2
849327000863,bread sprouted white,Natural Grocers,261.90476190476,9.5238095238095,52.380952380952,0.0,,25 oz,openfoodfacts,3
850000169111,beef jerky smoked teriyaki,Scotty's,321.428571428571,39.2857142857143,35.7142857142857,3.57142857142857,1 serving (28 g),,openfoodfacts,4
850000223080,chip mocha,oats overnight,371.794871794872,20.0,42.0,6.0,1 pouch (77 g),,openfoodfacts,2
850000503298,beetroot powder,Kos,375.0,0.0,100.0,0.0,,,openfoodfacts,2
850000628601,nakedade,Naked Nutrition,333.333333333333,0.0,77.7777777777778,0.0,1 stick (18 g),,openfoodfacts,1
850001097017,fermented mate tea,Camellia Grove Kombucha,13.5256226013154,0.0,3.38140565032884,0.0,12 fl oz (12 fl oz),,openfoodfacts,3
850001947107,chitarra,Sfoglini,350.877192982456,12.280701754386,73.6842105263158,0.87719298245614,1 portion (57 g),,openfoodfacts,1
850004759608,drink isotope mix powder protein,REDCON1,381.231671554252,78.125,12.5,3.125,1 scoop (32 g),,openfoodfacts,5
850005324010,bone broth instant,Bare Bones,333.333333333333,66.6666666666667,20.0,0.0,1 packet (15 g),15g,openfoodfacts,3
850005917045,bread jasmine peta,,264.0,8.8,53.9,1.0,,,openfoodfacts,3
850005917052,bread jasmin pita,,257.14285714286,8.5714285714286,54.285714285714,0.71428571428571,,,openfoodfacts,3
850006496020,berries nuts,Lenka,412.5,7.8125,62.5,17.1875,1 bar (64 g),,openfoodfacts,2
850007391287,harvest strawberry,Coconut Cult,109.617529296875,1.127900390625,3.940986328125,9.6063232421875,1 serving (59.147 g),,openfoodfacts,2
850007392147,pasta pesto,Finch On The Fly,141.0,4.45,18.8,5.85,1 container (200 g),,openfoodfacts,2
850008378287,sauce shrimp with,Shrimp King,117.580660332988,12.9338726366287,15.2854858432885,1.17580660332988,11 shrimp (85.048 g),10 oz,openfoodfacts,3
850008833311,marinara sauce tomato,Yo momma,59.1766796875,1.433556640625,5.07247265625,3.156259765625,1 serving (118 g),,openfoodfacts,3
850009097040,chefs choice,Crab Meat,105.876124933827,22.9398270689959,0.0,0.0,1 portion (56.67 g),,openfoodfacts,2
850009558367,brown butter shortbread,Mightylicious,450.0,0.0,55.0,22.5,1 cookie (20 g),,openfoodfacts,3
850010950181,bone broth chicken roasted rosemary,Dr Kellyann,379.67914438503,80.213903743316,10.695187165775,0.0,21.4g,21.4 g,openfoodfacts,5
850012399001,butter crunchy peanut super,Fix & Fogg,600.0,26.6666666666667,23.3333333333333,46.6666666666667,1 portion (30 g),"13,2 oz",openfoodfacts,4
850012399773,butter peanut protein,Fix & Fogg,566.666666666667,30.0,20.0,43.3333333333333,30g,30 g,openfoodfacts,3
850012465294,fattoush mediterranean,Drench,500.0,0.0,6.66666666666667,53.3333333333333,1 portion (30 ml),,openfoodfacts,2
850013807994,banana bread cookies,love + chew,464.285714285714,14.2857142857143,42.8571428571429,25.0,1 portion (28 g),1.0 oz,openfoodfacts,3
850014067021,extra peach,,8.4745762711864,0.0,3.954802259887,0.0,,,openfoodfacts,2
850015656569,air beef carne dried seca,Vacadillos,298.245614035088,52.6315789473684,0.0,8.7719298245614,1 container (57 g),2 oz,openfoodfacts,5
850016318053,immi ramen,Immi,492.753623188406,34.7826086956522,27.536231884058,26.0869565217391,1 package (69 g),,openfoodfacts,2
850017468160,cheddar mix protein snack,Catalina Crunch,394.736842105263,28.5714285714286,28.5714285714286,25.7142857142857,1 serving (35 g),200 g,openfoodfacts,4
850020087600,cookies cream prime protein,Equip,378.787878787879,75.7575757575758,15.1515151515152,0.0,1 scoop (26.4 g),,openfoodfacts,4
850020143924,and basic chicken rice,Clean Eatz Kitchen,115.5,17.1925,19.325,5.76,255g,9 oz,openfoodfacts,4
850020260652,fries potato super sweet,Actual Veggies,203.092508194554,5.34453968933037,20.3092508194554,10.6890793786607,3.3 oz (8 fries),10 oz,openfoodfacts,4
850022121012,butter dates peanut,realsy,300.0,4.222244625,50.28690125,6.36236125,60 g (3 dates),60 g,openfoodfacts,3
850022624018,coconut crisps,Rind,358.0,3.33,6.22,33.5,26g,,openfoodfacts,2
850022624926,berry cocoa,Rind,464.285714285714,10.7142857142857,57.1428571428571,25.0,0.333 cup (28 g),,openfoodfacts,2
850025365253,crisps dried freeze fruit,Nature's Turn,38.6,0.63,6.03,0.25,1 package (10 g),,openfoodfacts,4
850030844477,chonk cookies cream crispy,Bake Face,421.052631578947,4.21052631578947,72.6315789473684,12.6315789473684,1 Treat (95 g),,openfoodfacts,4
850031261730,coffee mushroom,RYZE,333.333333333333,0.0,83.3333333333333,0.0,6g,6.3 oz,openfoodfacts,2
850031990005,cheddy mac,GOODLES,365.079365079365,17.4603174603175,63.4920634920635,6.34920634920635,1 cup (63 g),6 oz,openfoodfacts,2
850031990029,my parm twist,GOODLES,346.666666666667,14.0,47.0,4.0,1 portion (75 g),,openfoodfacts,3
850031990630,cheddar cheese mac n,Goodles,120.192307692308,11.0,40.0,4.0,63g,63 g,openfoodfacts,4
850032383882,j pb protein sandwich,CleanEatz,378.787878787879,16.6666666666667,42.4242424242424,15.1515151515152,1 portion (66 g),,openfoodfacts,4
850032823265,butter nut,NutZo,287.742086588542,12.515240234375,17.5458520507812,34.5446744791667,33g,32 oz,openfoodfacts,2
850036382072,hot toddy,Sayso,350.0,0.0,90.0,0.0,1 bag (10 g),,openfoodfacts,2
850036699583,chips farmhouse potato ranch sweet,Jackson's,523.809523809524,4.76190476190476,59.5238095238095,30.952380952381,1 portion (42 g),,openfoodfacts,5
850038437824,hydration workout,Waterboy,161.290322580645,0.0,16.1290322580645,0.0,1 stick (6.2 g),,openfoodfacts,2
850038437886,recovery weekend,WaterBoy,140.845070422535,0.0,28.169014084507,0.0,1 stick (7.1 g),,openfoodfacts,2
850039253010,berry mixed nitric oxide,Snap,308.641975308642,0.0,74.0740740740741,0.0,1 scoop (8.1 g),,openfoodfacts,4
850039286490,cucumber mojito,"Liquid I.V.,Liquid IV",281.25,0.0,68.75,0.0,1 stick (16 g),"Package Quantity: 30 Sticks, Net Weight: 16.93oz",openfoodfacts,2
850039875045,bbq japanese,FusionJerkey,321.42857142857,35.714285714286,35.714285714286,5.3571428571429,1 portion (28 g),,openfoodfacts,2
850040419429,butter dates dipped peanut,Freakin' Wholesome,347.375,5.21875,46.86875,13.440625,3 pieces (36 g),,openfoodfacts,4
850041470160,crisp kimchi,Oh So Healthy,400.0,0.0,90.0,0.0,1 package (20 g),,openfoodfacts,2
850041914503,cinn shake toast,RYSE,388.888888888889,74.4047619047619,8.92857142857143,7.44047619047619,1 scoop (33.6 g),720 g,openfoodfacts,3
850042128282,bcaas naked,Naked Nutrition,400.0,100.0,0.0,0.0,1 scoop (5 g),,openfoodfacts,2
850043157359,and cookies cream strawberry,Jimmybar,413.793103448276,34.4827586206897,39.6551724137931,15.5172413793103,1 bar (58 g),,openfoodfacts,4
850043415732,cookies cream n strawberry,JimmyBar!,413.793103448276,34.4827586206897,39.6551724137931,15.5172413793103,1 bar (58 g),,openfoodfacts,4
850044112074,honey mix mustard protein snack,Catalina Crunch,160.0,8.0,10.0,11.0,0.333 cup (35 g),35g,openfoodfacts,5
850044914173,chips pepper three,SuckerPunch,71.4285714285714,0.0,14.2857142857143,0.0,4 % chips (28 g),,openfoodfacts,3
850046148057,hot pepper sardines with,Fishwife,238.095238095238,18.0,0.0,14.0,1 can (84 g),120 g,openfoodfacts,4
850046148095,rainbow smoked trout,Fishwife,268.65671641791,15.2321875,1.74375,22.2046875,1 can drained (67 g),,openfoodfacts,3
850046273063,bites cake carrot,Heavenly Hunks,428.57142857143,3.5714285714286,60.714285714286,21.428571428571,1 hunk (28 g),5 oz,openfoodfacts,3
850046726729,coconut cream protein whey,ProDough,356.824264049955,74.3383883437407,5.94707106749926,2.97353553374963,1 portion (33.63 g),,openfoodfacts,4
850046806063,oven roasted sub turkey,Subway,153.846153846154,11.7948717948718,20.0,3.58974358974359,1 portion (390 g),,openfoodfacts,4
850048155640,burrito chicken counter queso,Counter,171.56862745098,14.7058823529412,16.6666666666667,4.90196078431373,1 burrito (204 g),7.2 oz (204 g),openfoodfacts,4
850048199033,cheese mac taco,Counter,123.239436619718,10.5633802816901,12.3239436619718,3.52112676056338,1 bowl (284 g),10 oz (284 g),openfoodfacts,3
850048199309,chicken counter creamy parm pasta,Counter,126.760563380282,10.5633802816901,13.0281690140845,3.52112676056338,1 bowl (284 g),10 oz (284 g),openfoodfacts,5
850048297531,easy fiber mix,Physician’s Choice,223.880597014925,0.0,89.5522388059701,0.0,1 heaping tablespoon (6.7 g),,openfoodfacts,3
850048514003,caprese cashew spread,NuNosh,388.235294117647,11.7647058823529,36.4705882352941,23.5294117647059,1 package (85 g),,openfoodfacts,3
850049150286,cbum cookies frosted,RAW,400.0,71.8390804597701,8.62068965517241,8.62068965517241,1 scoop (34.8 g),,openfoodfacts,3
850053423222,probiotic skyr,ndrr organic,66.6666666666667,11.3333333333333,4.0,0.0,0.33 container (150 g),,openfoodfacts,2
850053748264,chicken crispy wrap,Proper Food,190.47619047619,8.40336134453782,21.2885154061625,7.28291316526611,1 wrap (357 g),,openfoodfacts,3
850053892325,crunchy edamame ranch roasted,The Only Bean,440.528634361234,34.267125,20.6596,19.4079,1 bag (22.68 g),,openfoodfacts,4
850053892370,crunchy edamame roasted,The Only Bean,396.47577092511,34.4266875,20.7558,19.1592,1 portion (22.7 g),,openfoodfacts,3
850055487956,baked potato steak w,Fork To Fit,154.411764705882,12.5,7.72058823529412,8.08823529411765,1 portion (272 g),,openfoodfacts,4
850055550605,fruit spread superfood,Smash Foods,156.25,0.0,6.0,0.0,1 tbsp (16 g),,openfoodfacts,3
850056784009,chicken dippers super,Little Spoon,187.5,16.25,15.0,7.5,5 pieces (80 g),,openfoodfacts,3
850057089110,me perfect pick up,Wellah,188.679245283019,0.0,37.7358490566038,0.0,1 scoop (5.3 g),,openfoodfacts,4
850057789379,cookies cream mrp n,Core Nutritional,380.952380952381,36.734693877551,40.8163265306122,8.16326530612245,2 scoops (73.5 g),,openfoodfacts,4
850058294148,tostones,Rooted harvest,535.714285714286,0.0,60.7142857142857,32.1428571428571,28gr,2.25 oz,openfoodfacts,1
850059792100,froot the thief,FROOT,43.9139241536458,0.350311279296875,9.06775594075521,0.159903564453125,1 pouch (20 g),,openfoodfacts,3
850060973161,cocoa protein,Lovebird,473.684210526316,28.9473684210526,36.8421052631579,23.6842105263158,1 portion (38 g),,openfoodfacts,2
850061074003,fruit ribbon strawberry,Jack & Sun,312.5,0.0,81.25,0.0,1 portion (16 g),,openfoodfacts,3
850061074027,berry fruit mixed ribbon,Jack & Sun,312.5,0.0,75.0,0.0,1 bar (16 g),,openfoodfacts,4
850061624994,hawaiian steaks swordfish,WILDER,125.0,22.0462442018378,0.0,3.9683239563308,1 portion (113.398 g),,openfoodfacts,3
850061672087,breakfast sauce too,Bear & Burton’s,0.0,0.0,0.0,0.0,1 portion (5 ml),,openfoodfacts,3
850061874399,bites french toast,Drizzilicious,428.571428571429,4.76190476190476,76.1904761904762,14.2857142857143,21g,.74 oz,openfoodfacts,3
850061874566,birthday bites cake,Drizzilicious,428.571428571429,3.57142857142857,75.0,14.2857142857143,28g,,openfoodfacts,3
850062196483,cashio stachio the,Cold Case,250.0,6.25,25.78125,13.28125,1 portion (128 g),,openfoodfacts,3
850064637014,cakes crab cuisine,Coast to Coast Kitchen,239.43661971831,5.63380281690141,21.1267605633803,14.0845070422535,71g,,openfoodfacts,3
850064638820,coffee protein,Javvy,70.0,10.0,4.0,1.5,18.2g,12.8 oz,openfoodfacts,2
850065357195,butter cookie peanut protein,Legion,370.967741935484,25.8064516129032,41.9354838709677,9.67741935483871,1 cookie (62 g),,openfoodfacts,4
850065584621,cookies cream n whey,Primeval Labs,400.0,65.7142857142857,17.1428571428571,8.57142857142857,1 scoop (35 g),,openfoodfacts,4
850065835426,pacific pop prebiotic soda,Slice,9.85915492957746,0.0,2.8169014084507,0.0,1 can (355 ml),,openfoodfacts,4
850066022498,strawberry syrup,Dragon Pharma,0.0,0.0,20.8333333333333,0.0,"1 , serv. size (12 g)",,openfoodfacts,2
850066113011,iso naked whey,NAKED,375.0,93.75,0.0,0.0,2 scoop (32 g),,openfoodfacts,3
850067358466,cream mix mushroom of soup,Clean Monday Meals,440.0,8.0,60.0,20.0,0.25 cup (25 g),,openfoodfacts,5
850067374244,moonions,Lesser evil,464.285714285714,3.57142857142857,64.2857142857143,17.8571428571429,28g,15 oz,openfoodfacts,1
850067374466,cheddar cheezmos cowboy crunchy,Lesser Evil,357.142857142857,8.69565217391304,65.2173913043478,17.3913043478261,1 bag (23 g),,openfoodfacts,4
850067385066,butter crispy dunes peanut,Ripvan,500.0,18.75,50.0,31.25,1 portion (16 g),,openfoodfacts,4
850068143023,cosmic sour vision,Katjes,344.827586206897,0.0,82.7586206896552,0.0,7 gummies (29 g),,openfoodfacts,3
850068174072,mayo spicy,Smash Kitchen,666.666666666667,0.0,6.66666666666667,73.3333333333333,1 Tbsp (15 g),,openfoodfacts,2
850069104610,cookie pastry protein strawberry toaster,MY COOKIE dealer,444.444444444445,22.2222222222222,46.2962962962963,16.6666666666667,0.5 Cookie (54 g),,openfoodfacts,5
850069182045,dried freeze shrimp,Ramen Bae,400.0,60.0,0.0,0.0,1 portion (5 g),3 oz,openfoodfacts,3
850069182151,protein ramen teriyaki,Ramen Bae,344.444444444444,31.1111111111111,46.6666666666667,3.33333333333333,1 portion (90 g),,openfoodfacts,3
850069895426,donut smores,GoPuff Crave Shoppe,358.490566037736,3.77358490566038,45.2830188679245,16.9811320754717,0.5 Donut (53 g),,openfoodfacts,2
850069951078,kentuckyaki,Eat Your Bourbon,100.0,6.66666666666667,13.3333333333333,0.0,1 portion (15 ml),,openfoodfacts,1
850070065016,taro ube,Lunar Lifts Nutrition,357.142857142857,74.2857142857143,11.4285714285714,2.85714285714286,1 scoop (35 g),35 g,openfoodfacts,2
850072768625,fiber,Momentous,322.58064516129,0.0,80.6451612903226,0.0,2 scoops (12.4 g),,openfoodfacts,1
850073498071,caffeine cherry free soda,Foxon Park,36.6318945452291,0.0,9.58064934259838,0.0,1 bottle (12 fl oz),,openfoodfacts,4
850075024018,cream ice strawberry,Ice Cream For Bears,245.614035087719,5.26315789473684,20.1754385964912,14.9122807017544,0.667 cup (114 g),,openfoodfacts,3
850079316102,donut raspberry,Stars + Honey,391.304347826087,30.4347826086957,36.9565217391304,15.2173913043478,1 mg (46 g),,openfoodfacts,2
850079592209,bites smores,Drizzilicious,428.571428571429,4.76190476190476,71.4285714285714,14.2857142857143,1 portion (21 g),,openfoodfacts,2
850080381021,pepperoni pizza turkey,Creative Crusts,222.89156626506,25.9036144578313,6.62650602409639,10.8433734939759,1 half pizza (166 g),,openfoodfacts,3
850241008828,cherries natures,trü frü,321.428571428572,3.3,22.6666666666667,13.5166666666667,1 portion (28.349 g),8 oz,openfoodfacts,2
850306006271,coconut turmeric wraps,Nuco,500.0,7.1429,42.8571,35.7143,,,openfoodfacts,3
850357005018,bread jacquet sandwich white,Check It Out Publishing  Llc,264.0,7.55,50.94,2.83,2 SLICES (53 g),,openfoodfacts,4
850416002477,burrito chicken chorizo,RED'S,261.0,12.0,28.2,11.3,142.0g,5 oz,openfoodfacts,3
850446008463,butter chicken indian recipe,SAFFRON ROAD,137.809187279152,9.18727915194346,15.1943462897526,4.24028268551237,1 package (283 g),10 oz,openfoodfacts,4
850532000524,bread honey n wheat,Holsum,286.0,10.71,53.57,3.57,1 SLICE (28 g),,openfoodfacts,4
850565007712,teriyaki tofu,Hodo,119.718309859155,11.9718309859155,10.5633802816901,3.52112676056338,142g,5 oz,openfoodfacts,2
850858007078,bread unicorn,,368.0,3.51,47.37,17.54,1 SLICE (57 g),,openfoodfacts,2
850858007085,bread mermaid,,368.0,5.26,45.61,17.54,1 SLICE (57 g),,openfoodfacts,2
850858007450,bb,FM banana bread,414.556223842076,3.08455740792411,70.1087925502232,13.1595846121652,40g,14 oz,openfoodfacts,1
850885008086,authentic braided brioche,,364.0,6.82,56.82,10.23,0.111 OF LOAF (44 g),,openfoodfacts,3
850975006312,protein superfood,BOOBIE BODY,379.310344827586,61.643834005804,23.972602113368,8.5616436119173,,,openfoodfacts,2
851516001728,bone broth chicken,Two Rivers Meats,24.0,5.2,0.0,0.4,1 portion (250 ml),,openfoodfacts,3
851686002891,assorties sucons,Koochi Koo,208.33333333333,0.0,91.666666666667,0.0,2 pieces (12 g) ,10 x 6 g,openfoodfacts,2
851699007005,cheddar cheese powder white,,357.14285714286,28.571428571429,42.857142857143,14.285714285714,7 g,,openfoodfacts,4
851702007046,bone broth chicken mushroom,Kettle & Fire,20.8768267223382,3.96659707724426,0.835073068893528,0.208768267223382,1 container (479 g),16.9 oz,openfoodfacts,4
851702007176,broth chicken,Kettle & Fire,4.08163265306123,0.816326530612245,0.0,0.0,1 cup (245 g),32 oz,openfoodfacts,2
851770007870,kids nutrition protein shake,,391.30434782609,17.391304347826,65.217391304348,8.695652173913,,,openfoodfacts,4
851784007507,peanut powder,PB2 Pure,461.538461538462,21.6,18.2,47.7,1 portion (13 g),32 oz,openfoodfacts,2
851921006462,bread oat soft sweet white,Sola,269.230769230769,19.2307692307692,26.9230769230769,15.3846153846154,1 portion (26 g),14 oz,openfoodfacts,5
852160006008,brioches mini,Bakerly,375.0,7.5,50.0,15.0,1 MINI BRIOCHE (40 g),,openfoodfacts,2
852160006220,braided brioche hand,,380.0,8.0,52.0,16.0,1 PORTION (50 g),,openfoodfacts,3
852160006282,braided brioche hand the,,380.0,8.0,52.0,14.0,1 PORTION (50 g),,openfoodfacts,4
852288006188,jun kombucha,Wild Tonic,76.26040625,0.18703125,18.746875,0.044515625,1 bottle (12 fl oz),,openfoodfacts,2
852327006667,cheese roasted spinach tomato,,228.0,10.13,27.85,8.86,0.2 STROMBOLI (79 g),,openfoodfacts,4
852346005955,birthday cake dipped,No Cow,316.66666666667,35.0,45.0,7.5,1 bar (60 g),60 g,openfoodfacts,3
852439008207,matcha protein whey,BBFL,333.333333333333,63.6363636363636,18.1818181818182,3.03030303030303,2 scoops (33 g),,openfoodfacts,3
852458001005,hot sauce sorta,Mum’s,80.0,0.0,13.333333333333,0.0,1 portion (15 ml),,openfoodfacts,3
852537005528,bread mini nutty pumpkin,,326.09,8.7,32.61,19.57,0.5 LOAF (46 g),,openfoodfacts,4
852537005689,bread nutty pumpkin,Base Culture  Llc,316.0,8.77,29.82,19.3,0.167 LOAF (57 g),,openfoodfacts,3
852537005696,banana bread sweet,Base Culture  Llc,350.88,8.77,37.21,22.81,0.167 LOAF (57 g),,openfoodfacts,3
852537005917,mammoth our stack,Base Culture,200.0,3.33333333333333,46.6666666666667,10.0,1 slice (30 g),,openfoodfacts,3
852614006530,cochins,cocojune,157.894736842105,1.75438596491228,4.3859649122807,14.9122807017544,1 serving (114 g),24 oz,openfoodfacts,1
852614006943,berry mixed,Cocojune,230.108928571429,2.07308035714286,9.07642857142858,19.2276339285714,1 serving (114 g),,openfoodfacts,2
852764006138,seeduction,,286.0,7.14,45.24,7.14,1.5 ONZ (42 g),,openfoodfacts,1
852795005391,baked breads pita stone,BFree,132.690399902344,2.25651796875,28.7989899902344,0.697026049804688,1 pita (55 g),4 x 55 g,openfoodfacts,4
852795006633,bfree breads pita,Bfree,236.36363636364,3.6363636363636,45.454545454545,2.7272727272727,,10 x 55 g,openfoodfacts,3
853068004004,honey manuka,Bees & Trees,326.0,0.56,81.7,0.0,,,openfoodfacts,2
853240003511,crispbread parchment,Asturi,158.982,13.04615,55.5222,14.5629,25g,100g,openfoodfacts,2
853479006901,pasta protein,BRAMI,357.142857142857,21.4285714285714,64.2857142857143,3.57142857142857,56g,16 oz,openfoodfacts,2
853522000009,chips mini,Enjoy Life,533.333333333333,6.66666666666667,60.0,33.3333333333333,15g,15 g,openfoodfacts,2
853522000023,chips mini pepites,Enjoy Life,533.333333333333,0.08,64.8666666666667,33.3333333333333,1 portion (15 g),,openfoodfacts,3
853584002034,focaccia rosemary thyme,Canyon Bakehouse  Llc,228.0,3.51,40.35,7.02,1 SLICE (57 g),,openfoodfacts,3
853584002287,country white,Canyon Bakehouse,138.149473958333,3.785303125,30.2858317708333,2.02070364583333,1 slice (28 g),15 oz,openfoodfacts,2
853762002900,berry bites very,Drizzilicious,428.571428571429,3.57142857142857,71.4285714285714,14.2857142857143,28g,4 oz,openfoodfacts,3
853824004101,abbys caraway rye,A.M. Baking Company  Inc.,224.0,8.16,46.94,1.02,1 SLICE (49 g),,openfoodfacts,3
854074006051,creamy raspberry skyr thick,Icelandic Provisions,130.0,15.0,14.0,2.0,1 container (150 g),,openfoodfacts,4
854074006068,coconut creamy skyr thick,Icelandic Provisions,100.0,10.0,10.0,2.33333333333333,150 g,,openfoodfacts,4
854454001232,kuhanje vrhnje za,Dukat,211.0,2.6,5.0,20.0,1 portion (200 g),,openfoodfacts,3
854611008609,coconut pandan,Mavens,226.277372262774,0.0,28.4671532846715,11.6788321167883,0.667 cup (137 g),,openfoodfacts,2
854675005019,cachapa harina pan,p.a.n.,371.0,5.16,84.4,1.47,1 serving (30 g),500 g,openfoodfacts,3
854688003668,frutty squiiiz,Mah,48.362,0.0,18.0,0.1374,,90 g,openfoodfacts,2
854708003357,artisan beer bread mix,Soberdough Brew Bread,206.0,6.35,38.1,0.0,1 SLICE (63 g),,openfoodfacts,4
854934007204,pepp squad,CAULIPOWER,262.5,9.375,28.75,12.5,0.5 pizza (160 g),,openfoodfacts,2
854934007495,chicken spicyish tenders,CAULIPOWER,136.341326758975,17.1054871695382,12.9556346893311,1.49459043230329,2 tenders (84 g),14 oz,openfoodfacts,3
855095003135,bread ciabatta shed the,Starbread Baking Co Llp,178.0,6.67,31.11,2.22,1.6 ONZ (45 g),,openfoodfacts,4
855097002167,cocoyo,,79.646017699115,2.65486725663717,7.07964601769912,5.30973451327434,1/2 cup (113g),,openfoodfacts,1
855140002137,chashew coconut,,550.0,15.0,32.5,42.5,,,openfoodfacts,2
855616007062,hummus pesto,esti,321.428571428572,7.14,10.71,28.57,2 Tbsp (28 g),,openfoodfacts,2
855680005087,pad thai,Good To go,403.508771929825,14.9122807017544,64.9122807017544,10.5263157894737,1 portion (114 g),,openfoodfacts,2
855868002273,chicken potpie,Soup,79.295154185022,3.74449339207048,6.82819383259912,3.52422907488987,454g,16 oz,openfoodfacts,2
855930001623,croutons parmesan,Aleias,429.0,14.29,57.14,21.43,0.25 ONZ (7 g),,openfoodfacts,2
856069005643,cinnamon honey sweet thins,Simple Mills,466.666666666667,2.0,20.0,6.0,12 Thins (30 g),4.25 oz,openfoodfacts,4
856260006005,peanut powder roasted,PBfit Classic,375.0,22.430925,15.36818125,48.30519375,16 g,680 g,openfoodfacts,3
856461008624,dairy non protein shake,OWYN,51.5151515151515,6.06060606060606,2.42424242424242,2.12121212121212,11.15 fi oz (330 g),11.15 fl oz,openfoodfacts,4
856516005356,chia prebiotic,Mamma Chia,70.7070707070707,2.02020202020202,12.1212121212121,3.03030303030303,1 pouch (99 g),42 oz,openfoodfacts,2
856584003254,breaded chicken tenders,Paradise Kitchens,169.642857142857,16.9642857142857,13.3928571428571,5.35714285714286,1 portion (112 g),,openfoodfacts,3
856711007155,bread keto seeds,Inked Bread Co,150.0,13.3333333333333,36.6666666666667,6.66666666666667,1 Slice (30 g),1 loaf (18 oz),openfoodfacts,3
856711007162,bread keto white,Inked Keto,116.666666666667,13.3333333333333,36.6666666666667,5.0,1 slice (30 g),18 oz,openfoodfacts,3
857055006002,dah,Dahlicious Llc.,71.729957805907,3.3755274261603,7.1729957805907,3.7974683544304,8 OZA (237 ml),,openfoodfacts,1
857063002041,biryani chicken,Saffron Road,43.0894759929542,4.58174862453432,42.3313488908789,3.70301106017648,1 package (283 g),10 oz,openfoodfacts,2
857063002478,bbq chickpeas crunchy korean,Saffron Road,433.333333333333,20.0,63.3333333333333,11.6666666666667,1 portion (30 g),,openfoodfacts,4
857183005007,chickpeas from made penne,Banza,339.285714285714,19.6428571428571,60.7142857142857,5.35714285714286,1 serving (56 g),8 oz,openfoodfacts,4
857183005342,cavatappi chickpeas from made,Banza,339.285714285714,19.6428571428571,60.7142857142857,8.92857142857143,1 serving (56 g),227g,openfoodfacts,4
857245002418,bread chip cinnamon,aspen mills,228.571428571429,9.52380952380952,50.0,0.0,1 slice (42 g),24 oz,openfoodfacts,3
857245002920,bread honey white,Aspen Mills Bread Co. Of Utah,240.0,7.5,52.5,0.0,1 SLICE (40 g),,openfoodfacts,3
857290005747,bite pancakes sized,Belgian Boys,328.0,5.17,36.2,19.0,7 pancakes (58 g),,openfoodfacts,3
857319002054,bakers bobka cinnamon zucker,,343.0,4.48,40.3,19.4,2 ONZ (67 g),,openfoodfacts,4
857434002120,bread pan rustic rye,,244.0,9.76,46.34,1.22,1 SLICE (41 g),,openfoodfacts,4
857468006170,mix protein,POWER UP,500.0,15.444,28.67628125,33.391265625,1 serving (40 g),14 oz,openfoodfacts,2
857468006613,antioxidant mix,POWER UP PREMIUM TRAIL MIX,441.860465116279,4.65116279069767,58.1395348837209,23.2558139534884,1 package (43 g),,openfoodfacts,2
857597003262,chickpea honey roasted snacks,BIENA,428.571428571429,14.285714285714,64.285714285714,16.071428571429,28 g,,openfoodfacts,4
857597003569,chickpea ranch rockin snacks,Biena,428.571428571429,17.8571428571429,53.5714285714286,17.8571428571429,1 serving (28 g),5 oz,openfoodfacts,4
857599002225,bratwurst cheddar turkey,Ferndale Market,152.941176470588,17.6470588235294,2.35294117647059,8.23529411764706,1 brat (85 g),,openfoodfacts,3
857682003054,banana bites butter dipped peanut,barnana,464.285714285714,7.14285714285714,64.2857142857143,17.8571428571429,1 portion (28 g),3.5 oz (100g),openfoodfacts,5
857882008583,butter peanut smooth spread,PBfit,562.5,31.25,21.875,43.75,2 tbsp (32 g),16 oz,openfoodfacts,4
857900005860,bites cookies cream,Drizzilicious,428.571428571429,4.76190476190476,71.4285714285714,14.2857142857143,1 portion (21 g),.74 oz,openfoodfacts,3
858158007064,habanero honey hot,AR's,285.714285714286,0.0,83.333333333333,0.0,,12 oz,openfoodfacts,3
8583213,arachides sucrees,,534.0,17.0,57.0,28.0,,,openfoodfacts,2
858690007034,drink hydration mix sport strawberries,,364.0,0.0,90.91,0.0,1 SCOOP (22 g),,openfoodfacts,5
858690007508,horchata scratch,SkratchLabs,400.0,16.0,68.0,7.0,50 g,,openfoodfacts,2
858690007669,hydration sport,SkratchLabs,363.63636363636,0.0,90.909090909091,0.0,22 g,,openfoodfacts,2
858764000787,craft miso,Hikari,222.22222222222,11.111111111111,33.333333333333,5.5555555555556,1 tbsp (18 g),,openfoodfacts,2
858931003290,hard red wheat winter,Palouse Brand,311.111111111111,11.1111111111111,66.6666666666667,0.0,0.25 portion (45 g),,openfoodfacts,4
859118002037,skyr smoothie,,53.0,6.61,7.05,0.0,8 ONZ (227 g),,openfoodfacts,2
859146006090,be chip its mint to,Trubar,380.0,24.0,46.0,16.0,1 bar (50 g),,openfoodfacts,5
859480006596,tuna,Safe Catch,129.411764705882,25.0,0.0,0.5,1 portion (85.048 g),5 oz,openfoodfacts,1
859539007864,power pro protein shake strawberry,Remedy Organics,70.4225352112676,9.85915492957746,3.66197183098592,1.69014084507042,1 container (355 ml),,openfoodfacts,5
859756006176,crisps parmesan,Joyful Bakery,560.0,40.0,16.0,36.0,1 portion (25 g),,openfoodfacts,2
859917004409,creme strawberries,Creme Savers,461.538461538462,0.0,84.615384615385,7.6923076923077,,,openfoodfacts,2
859977005613,probiotic smoothie,,67.6329,3.3816,8.2126,2.8986,207 ml (207 ml),,openfoodfacts,2
860000197632,benefits friends with,Earth Fed Muscle,400.0,71.4285714285714,14.2857142857143,4.28571428571429,1 scoop (35 g),32 oz,openfoodfacts,3
860003010747,arepas,Kiosco,120.0,2.0,25.0,1.0,1 unit (100 g),,openfoodfacts,1
860003131190,coffee oats,Mylk labs,384.615384615385,11.5384615384615,69.2307692307692,5.76923076923077,1 container (52 g),,openfoodfacts,2
860003331545,kombucha sapphire,Thrive Brew,14.1095962891762,0.0,3.52739907229404,0.0,1 can (340.194 g),,openfoodfacts,2
860004024408,banana bread mix,GoNanas,380.952380952381,9.52380952380952,80.9523809523809,4.76190476190476,1 serving (21 g),,openfoodfacts,3
860006016326,tempeh,Tooties Tempeh,178.571428571429,19.047619047619,14.2857142857143,5.35714285714286,1.0 serving (84.0 g),,openfoodfacts,1
860006809850,sour worms,Chili Chews,300.0,6.6666666666667,70.0,0.0,1 portion (30 g),4.0 oz,openfoodfacts,2
860006870447,cream ice sandwiches shortcake strawberry,Chomp,294.871794871795,3.84615384615385,41.025641025641,12.8205128205128,1 sandwich (78 g),,openfoodfacts,5
860008097682,edamame roasted,The only bean,433.333333333333,46.6666666666667,26.6666666666667,20.0,30g,4 oz,openfoodfacts,2
860010171134,sauce sturdy,Chad & Barney’s,136.0,16.0,8.8,3.6,1 serving (125 g),,openfoodfacts,2
860010749036,berry farm fresh rasp,Farfait,114.537444933921,4.84581497797357,14.0969162995595,4.40528634361233,227g,8 oz,openfoodfacts,4
860010956892,cheese mac white,Kaizen,261.121856866538,24.1779497098646,24.1779497098646,13.5396518375242,2.5 serving (258.5 g),,openfoodfacts,3
860011099017,inch powder protein sacha,Gutter Ball,410.714285714286,60.7142857142857,17.8571428571429,10.7142857142857,1 portion (28 g),,openfoodfacts,4
860011130567,pizza protein,ZC Lyfe Foods,196.581196581197,22.2222222222222,3.41880341880342,10.2564102564103,0.5 portion (117 g),,openfoodfacts,2
860011371861,mix savory scone,The Stone Goddess,340.909090909091,9.09090909090909,70.4545454545455,1.13636363636364,1 scone (44 g),,openfoodfacts,3
860011605232,cheddar puffs white,Grandpa's,571.428571428571,3.57142857142857,53.5714285714286,35.7142857142857,10 z (28 g),,openfoodfacts,3
860012922642,chewy chico chip cookie,Al’s Real Goods,437.837837837838,5.40540540540541,59.4594594594595,21.6216216216216,1 cookie (37 g),,openfoodfacts,4
860012937615,chips tips,Tips,500.0,7.14285714285714,61.2244897959184,24.4897959183673,38 chips (49 g),,openfoodfacts,2
860012991778,fire hot saucw serrano,Serious Pepper Hot Sauce Co.,0.0,0.0,0.0,0.0,1 tps (5 ml),,openfoodfacts,4
860013170707,peanuts sichuan spicy,Wa-chaa,619.047619047619,23.8095238095238,16.6666666666667,50.0,1 package (42 g),,openfoodfacts,3
860013432478,bites by sweeden,Sour Mix,347.826086956522,0.0,86.9565217391304,0.0,5 pieces (23 g),,openfoodfacts,3
860013704629,cheese mac protein,Kaizen,380.281690140845,35.2112676056338,35.2112676056338,19.7183098591549,2.5 box (71 g),,openfoodfacts,3
860013717971,creme farmer protein strawberry,Ballerina Farm,375.93984962406,60.1503759398496,27.5689223057644,2.5062656641604,1 scoop (39.9 g),,openfoodfacts,4
860013803728,mix peppercorn sichuan snack,Gochisou,404.255319148936,6.38297872340426,42.5531914893617,25.531914893617,0.667 cup (47 g),,openfoodfacts,4
860014060922,cacao dates,Conscious Bar,400.0,6.66666666666667,33.3333333333333,33.3333333333333,1 bar (60 g),,openfoodfacts,2
860014790201,steamy,Steamy Hot Coco,384.615384615385,30.7692307692308,42.3076923076923,13.4615384615385,1 scoop (26 g),,openfoodfacts,1
861525000339,chips jackfruit ripened,Phonomenal Foods,166.666666666667,3.0,26.6666666666667,0.0,30g,13 oz,openfoodfacts,3
861592000027,protein puck,Plant Based Energy,500.0,13.0434782608696,43.4782608695652,30.4347826086957,0.5 bar (46 g),,openfoodfacts,2
862452000317,bread cheese snack,Mr. Cheese Bread,244.897959183673,4.08163265306122,32.6530612244898,12.2448979591837,3 pieces (49 g),,openfoodfacts,3
863819000032,bread french merzbachers toast,,317.0,13.33,55.0,5.0,,,openfoodfacts,4
865063000301,doux pita,,270.27027027027,8.1081081081081,59.459459459459,0.0,,,openfoodfacts,2
865494000116,crust naan pizza,,235.0,8.24,44.71,0.59,2 QUARTER SLICES (85 g),,openfoodfacts,3
8666634,hickory smoked tuna,Bumble Bee,105.882352941176,22.3529411764706,2.35294117647059,1.17647058823529,1 can (85 g),,openfoodfacts,3
867378000083,dinner twins,,250.0,7.14,50.0,3.57,0.5 ONZ (14 g),,openfoodfacts,2
867818000369,date syrup,D'Vash,300.0,1.81,64.7,0.25,1 portion (20 g),14.1 oz,openfoodfacts,2
867842000243,protein strawberry whey,Earth Fed Muscle,352.941176470588,70.5882352941177,17.6470588235294,0.0,1 scoop (34 g),,openfoodfacts,3
870096001454,and cherry pentacarb raspberry,arlan,378.181818181818,0.0,94.5454545454545,0.0,1 scoop (27.5 g),,openfoodfacts,4
870428000445,cesar sauce,Cari Gingembre,566.666666666667,1.33333333333333,10.0,60.0,1 portion (30 ml),,openfoodfacts,2
871459003214,cheddar shreds,Daiya,300.0,3.33333333333333,26.6666666666667,20.0,1 serving (30 g),,openfoodfacts,2
871915000764,berry forever juice,Mandy's,56.3380281690141,0.28169014084507,13.8028169014085,0.112676056338028,1 bottle (355 ml),,openfoodfacts,3
873292001822,camote chips,Trohpi Oh,467.86,3.57,64.29,22.14,100 g,,openfoodfacts,2
874474000138,and chicken mushroom rice,Allens Family Foods,63.3333333333333,2.33333333333333,6.66666666666667,3.0,1 % tasse (300 g),,openfoodfacts,4
874659001103,hydrate,Transparent Labs,59.5238095238095,0.0,11.9047619047619,0.0,1 scoop (8.4 g),,openfoodfacts,1
874918003718,bread taro,,328.0,9.38,51.56,10.94,1 PIECE (64 g),,openfoodfacts,2
876274001476,cookies minees,,457.14285714286,5.7142857142857,74.285714285714,17.142857142857,,,openfoodfacts,2
876681000468,baked naan stonefire tandoor,Stonefire,302.0,7.94,47.62,7.94,0.5 NAAN (63 g),,openfoodfacts,4
876681001892,baked mini naan stonefire tandoor,Stonefire,289.0,8.89,46.67,7.78,1 NAAN (45 g),,openfoodfacts,5
876681007481,artisan crust pizza,,300.0,8.0,48.0,7.0,0.167 OF CRUST (50 g),,openfoodfacts,3
877012000461,fruit nectar punch,,130.0,0.0,32.0,0.0,,,openfoodfacts,3
877921006547,and bread buttery sweet white,Sola,153.84615,15.384615,34.615383,5.769231,26g,,openfoodfacts,5
877977000094,day mid squares,Mid-Day Squares,484.848484848485,18.1818181818182,36.3636363636364,33.3333333333333,1 square (33 g),,openfoodfacts,3
877977000377,crunchy peanut,Mid-Day Squares,484.848484848485,18.1818181818182,36.3636363636364,33.3333333333333,1 square (33 g),,openfoodfacts,2
877977000537,day mid squares strawberry,PB&J,371.428571428571,17.1428571428571,45.7142857142857,17.1428571428571,1 portion (35 g),,openfoodfacts,4
879147007933,smoked turkey wrap,Kowalski’s Markets,190.625,12.8125,16.25,8.125,1 portion (320 g),,openfoodfacts,3
879890002728,crackers rice sesame toasted,Crunchmaster,433.333333333333,6.66666666666667,83.3333333333333,6.66666666666667,18 crackers (30 g),,openfoodfacts,4
881334000511,cafe dunkindonnuts imp,Dunkin,0.843881856540084,0.126582278481013,0.0,0.0,1 cup (237 g),12 oz,openfoodfacts,3
881428005804,kayseri pastrma,Sahin,321.428571428571,60.7142857142857,3.57142857142857,8.92857142857143,1 piece (28 g),,openfoodfacts,2
882593212141,butternut curry soup squash,Bbowl,65.3061224489796,1.22448979591837,10.2040816326531,2.85714285714286,1 cup (245 g),,openfoodfacts,4
882849013386,cheese chips narcho protien,Quest,453.125,56.25,11.5625,18.4375,1 portion (32 g),,openfoodfacts,4
882865024335,bacon fume,Gosselin,285.714285714286,14.2857142857143,1.78571428571429,25.0,2 slices (56 g),,openfoodfacts,2
883298626394,cheese topokki,DONG WON,250.0,4.16666666666667,55.8333333333333,1.5,1 serving (120 g),,openfoodfacts,2
883350008045,cashews epic,Epic Goods,596.491228070175,17.5438596491228,28.0701754385965,45.6140350877193,1 portion (57 g),,openfoodfacts,2
883712000021,farmhouse white,,240.0,8.0,50.0,1.0,2 ONZ (50 g),,openfoodfacts,2
883712000045,seed super,,214.0,7.14,35.71,0.89,2 ONZ (56 g),,openfoodfacts,2
883712000175,feta spinach,,214.0,8.93,32.14,6.25,2 ONZ (56 g),,openfoodfacts,2
883712001028,banana bread nut,,311.0,4.44,42.22,15.56,2 ONZ (45 g),,openfoodfacts,3
885750001039,crisps tofu,Wai Tack Kee,475.0,10.0,50.0,27.5,1 portion (40 g),,openfoodfacts,2
886518000349,aji miso no paste ryotei,Marukome,0.0,4.554375,16.575,1.970625,1 portion (15 g),26.5 oz,openfoodfacts,5
888109050054,crunch donettes,Hostess,361.59120403371,2.5092520241839,70.3968982639511,7.4833985613595,3 donuts (57 g),4oz,openfoodfacts,2
888109110642,crunch donut mini,"Donettes,",365.444592512663,2.4544336167483,69.7397922493106,8.2356273343746,3 donuts (58 g),,openfoodfacts,3
888109114022,donettes donuts mini powdered,Hostess,442.298208383413,5.10345515324519,46.0792110736553,25.6063627829918,3 donuts (43 g),,openfoodfacts,4
888670183113,beef franks in pastry uncured,Wellesley Farms,372.093023255814,12.7906976744186,20.9302325581395,27.906976744186,5 pieces (86 g),,openfoodfacts,5
888849007172,crust pepperoni pizza thin uncured,Quest,216.049382716049,17.2839506172839,15.4320987654321,13.5802469135802,1 pizza (324 g),,openfoodfacts,5
888849010431,chips protein,Quest,468.75,56.25,15.625,18.75,1 sac (32 g),,openfoodfacts,2
888849011483,chips proteines,Quest,468.75,59.375,15.625,15.625,1 serving (32 g),,openfoodfacts,2
888849011582,cookies cream crispy,QUEST,288.461538461538,34.6153846153846,17.3076923076923,11.5384615384615,1 bar (52 g),,openfoodfacts,3
888849014378,cookies cream dipped,Quest Protein Bar,354.0,36.0,12.0,18.0,1 portion (50 g),,openfoodfacts,3
888849014538,bites quest,QUESTNUTRITION,400.0,20.0,38.0,28.0,1 portion (50 g),,openfoodfacts,2
888849014545,cake cookies frosted quest strawberry,Quest,400.0,20.0,38.0,28.0,1 package (50 g),,openfoodfacts,5
889698368902,chiches de farine pois,,338.75,100.0,0.0,1.25,,,openfoodfacts,4
890023001265,murukku round,Idhayam,521.428571428571,10.7142857142857,58.9285714285714,28.5714285714286,28 g,340 g,openfoodfacts,2
891416000117,miyako mochi,Sakuraya,122.80701754386,3.50877192982456,24.5614035087719,0.87719298245614,8 pieces (57 g),,openfoodfacts,2
891627002962,meat sauce ziti,evol,160.78431372549,6.66666666666667,16.078431372549,7.45098039215686,1 bowl (255 g),255 g,openfoodfacts,3
891886000136,casera macrina,Macrina Bakery,238.0,9.52,52.38,0.0,1.5 ONZ (42 g),,openfoodfacts,2
891886000518,bakery bread macrina potato rustic,,262.0,7.14,50.0,3.57,1.5 ONZ (42 g),,openfoodfacts,5
891886000594,bakery bread macrina rye,,238.0,7.14,50.0,0.0,1.5 ONZ (42 g),,openfoodfacts,4
891886000839,bakery francese macrina pane,Macrina Baking Company,238.0,9.52,52.38,0.0,1.5 ONZ (42 g),,openfoodfacts,4
892397050016,chips fork north potato,,535.71428571429,7.1428571428571,57.142857142857,28.571428571429,,1 oz,openfoodfacts,4
893101001096,chicken samosa,Shahnawaz Foods,105.263157894737,12.280701754386,5.26315789473684,4.3859649122807,2 samosas (57 g),10 oz,openfoodfacts,2
894559000327,chicken kabab shami,Mezban,447.368421052632,36.8421052631579,44.7368421052632,15.7894736842105,1 piece (38 g),,openfoodfacts,3
894771000327,crisps,34°,466.666666666667,13.333333333333,73.333333333333,10.0,,,openfoodfacts,1
895758000620,baby okra,Kadbanou,28.0,2.0,6.0,0.0,1 portion (100 g),,openfoodfacts,2
896024438611,snickers white,Snickers,497.359555598571,7.85714285714286,58.0952380952381,25.7142857142857,1 bar (42 g),,openfoodfacts,2
898015001439,bread e pita,,255.0,10.0,55.0,0.0,,,openfoodfacts,3
898248001565,berries mixed,siggi's,104.0,9.6,8.8,3.6,1 CONTAINER (125 g),4.4 oz,openfoodfacts,2
898392007444,cacao fermented non powder,Wildly Organic,300.0,21.4285714285714,57.1428571428571,14.2857142857143,1 portion (14 g),16 oz,openfoodfacts,4
898667002037,awesome foods poppadoms,Awesome Foods,500.0,21.43,50.0,21.43,1 OUNCE (28 g),,openfoodfacts,3
898886113163,juice prune,California Gold,229.0,1.63,55.4,0.4,8 OZA (240 ml),,openfoodfacts,2
899055000451,artisan baked crackers,Firehook,390.8,9.9425,59.68,11.1402,28g,8 g,openfoodfacts,3
899221001299,poke spicy tuna,ANNASEA,169.014084507042,19.0140845070423,2.8169014084507,8.45070422535211,0.5 package (142 g),10 oz,openfoodfacts,3
9018174,bbq dip,Morrisons,185.0,0.8,42.6,1.1,1 portion (40 g),,openfoodfacts,2
949495000037,koo serek wiejski,Koło,97.0,11.0,2.0,5.0,,,openfoodfacts,3
990313500093,frosted strawberry,Go! Gummy,180.0,0.0,76.0,0.0,1 pack (50 g),,openfoodfacts,2
990485804333,curry spiced spinach tofu,Fresh Prep,122.727272727273,6.13636363636364,13.6363636363636,5.45454545454545,1 portion (440 g),,openfoodfacts,4
9913493,baked horneadas tostadas,,130.0,3.0,28.0,1.0,,,openfoodfacts,3
1000000022667,amaretti nature,,1.0,0.1,0.0,0.0,,,openfoodfacts,2
10050545,cheese pasta tomato,TESCO,179.333333333333,6.2,25.4,5.6,,300 g,openfoodfacts,3
10066843,beef corned oaks shire,Shire Oaks,223.076923076923,24.6153846153846,1.15384615384615,13.0769230769231,1 Slice (26 g),,openfoodfacts,4
10072967,chicken pasta spicy,Tesco,149.454545454545,9.05085977783203,41.2176641845703,5.72337045898438,1 pack (275 g),1 275g,openfoodfacts,3
10089156,pasta sweetcorn tuna,Tesco,49.6666666666667,7.2,17.0,5.0,300g,300g,openfoodfacts,3
1010871826582628117260218,runderreepjes,,126.0,20.0,0.5,4.9,,,openfoodfacts,1
10254226,bread chicken coronation white,DELI SELECT,130.656469088591,12.0,27.0,12.0,,,openfoodfacts,4
10438183,ciabatta pain petits,Kirkland,255.7203,11.12641125,39.78119,4.51592125,1 bun (39 g),1.4 kg,openfoodfacts,3
10589045,rice thins,Ricesnax,450.0,5.7,84.3,9.8,1 serving (25 g),100 g,openfoodfacts,2
10667293,chips steak,Meadow Hill,191.0,3.8,33.0,3.9,1 portion (100 g),,openfoodfacts,2
10888834,bbq stacks,Bradbury's,514.285714285714,4.28571428571429,62.8571428571429,26.8571428571429,35 g,,openfoodfacts,2
10955116,crisps potato,Snaws,484.0,7.5,56.6,24.0,25 g,,openfoodfacts,2
11224000,choucroute,,123.0,6.5,3.2,8.9,,,openfoodfacts,1
12085262,primevere,,566.0,0.0,0.0,63.0,,,openfoodfacts,1
12185702,fume hindi,Maret,92.2,17.0,2.0,1.8,,,openfoodfacts,2
1230000116350,beyond hack meat,Beyond Meat,196.0,16.0,5.6,12.0,100 gram,250 g,openfoodfacts,3
12349903135701,cheese mac n,Shop Santé,164.705882352941,7.84313725490196,21.5686274509804,5.49019607843137,1 contenant (255 g),,openfoodfacts,3
1240000017717,mori nu tofu,Mori-Nu,0.0,6.8925,4.0718,3.6868,1 portion (100 g),,openfoodfacts,3
13055660,aromatisees chips truffe,,558.0,6.5,45.0,38.0,,,openfoodfacts,3
13076332,donuts framboise,,340.0,5.0,51.0,13.0,,,openfoodfacts,2
13155353,cacao powder,Connect Foods,320.0,22.0,11.0,15.0,1 portion (10 g),,openfoodfacts,2
13213855,chicoree,,370.0,7.3,69.3,0.7,,,openfoodfacts,1
13356194,brot,Chef Select,101.75,6.09025,48.830625,10.5625,0.25 pack (112.5 g),,openfoodfacts,1
13363790909095,rooibos,,1.0,0.1,0.0,0.0,,100 g,openfoodfacts,1
13783587,nature,,225.0,6.0,3.0,21.0,,,openfoodfacts,1
13940911,bread country french,Costco,298.245614035088,10.5263157894737,56.140350877193,2.63157894736842,1 portion (57 g),2,openfoodfacts,3
14157967,cioccococco,,410.0,6.1,76.6,9.3,,,openfoodfacts,1
14817911,de pave saumon,,207.0,22.0,1.0,14.0,,,openfoodfacts,3
15020112,choc rasberry white,,329.0,4.8,54.0,4.8,,,openfoodfacts,3
15862444,bonbons sans sucre,,205.0,0.0,84.0,0.0,,,openfoodfacts,3
15877185,extra fins petits pois,,80.0,5.2,11.0,0.6,,,openfoodfacts,4
16060128,cakes rice,,380.0,5.2,84.0,1.2,,,openfoodfacts,2
16414118,creme fouettee,,305.0,2.3,11.0,28.0,,,openfoodfacts,2
16568731,kaonuts,,549.0,5.9,54.0,34.0,,,openfoodfacts,1
16975293,activia fibres,,93.0,3.9,12.2,2.9,,,openfoodfacts,2
17134462,beurre bio chabrior petit,,446.0,6.7,76.0,12.0,,,openfoodfacts,4
1720000585527,cacahuetes crunchies sesames,,479.0,15.0,52.0,22.0,,,openfoodfacts,3
17557979,confiture dabricot,,156.0,0.7,36.5,0.2,,,openfoodfacts,2
1760586968666,coco nata,,46.0,0.0,11.5,0.0,,,openfoodfacts,2
17833438,decaffeinato,,1.0,0.2,0.0,0.0,,,openfoodfacts,1
18054958,confiture framboise,,245.0,0.6,63.24,0.3,,,openfoodfacts,2
18214048,combo pizza,Costco Take And Bake,227.205999068352,10.1672090907299,24.5154235524436,9.26460991634877,1 pizza (963.883 g),34 oz,openfoodfacts,2
18387009,fit proteine,,49.0,8.6,2.0,0.3,,,openfoodfacts,2
18405109,croquants,,371.0,4.8,69.0,8.2,,150 g,openfoodfacts,1
18490732,and cheese onion pastry,Kirkland Signature,333.333333333333,9.09090909090909,34.0909090909091,17.4242424242424,1 pastry (132 g),28 oz,openfoodfacts,4
1849504710812,fried sardine tausi with,MEGA,218.181818181818,9.09090909090909,14.5454545454545,12.7272727272727,1 serving (55 g),155 g,openfoodfacts,4
19855518,mania popite,,486.0,7.4,65.0,21.0,,,openfoodfacts,2
2000000042657,mouna,,353.0,7.8,54.0,11.0,,,openfoodfacts,1
2000000155591,mcrib,McDonald’s,229.0,12.0,21.0,11.0,205 g,205 g,openfoodfacts,1
2000000303345,crepes nature,,231.0,6.6,35.0,9.0,,,openfoodfacts,2
2000000352794,amandes au croissant,,438.0,7.1,39.8,23.2,,,openfoodfacts,3
2000000450056,bucheron pain,,352.0,12.0,52.0,7.7,,,openfoodfacts,2
2000001521731,pizza saumon,,236.0,10.0,27.0,9.8,,,openfoodfacts,2
2000004230098,da pedra sopa,Pingo Doce,95.0,7.0,8.3,3.7,,,openfoodfacts,3
2000008012669,aux fruits tarte,,160.0,2.0,29.0,3.8,,,openfoodfacts,3
2000015477512,crepe,,258.0,7.4,36.0,9.1,,,openfoodfacts,1
20000820,arrabbiata,"Lidl,Italiamo",38.0,1.3,6.3,0.6,,400 g,openfoodfacts,1
2000170050803,fiskekaker,MENY,97.0,9.9,6.5,3.5,,,openfoodfacts,1
2000199317215,piens,FarmMilk,38.0,3.3,5.0,0.5,1 portion (100 g),,openfoodfacts,1
20003166,avena copos de suaves,"Crownfield, LIDL",372.0,13.5,58.7,7.0,40 g,500g,openfoodfacts,4
20004125,tomatenmark,Baresa,111.0,5.5,17.8,0.7,100 g,200g,openfoodfacts,1
20004132,chopped in juice tomato tomatoes,"Baresa, Freshona",26.0,1.3,4.0,0.2,100 g,400g,openfoodfacts,5
2000532060006,karbonadekake,Meny,201.0,12.0,7.5,13.0,130 g,,openfoodfacts,1
2000624005090,bouti kot miros propsimenos,Lidl,194.0,22.4,0.1,11.5,1 whole chicken leg (509 g),,openfoodfacts,4
2000691327408,karbonade,Spar,243.0,17.0,6.1,17.0,,,openfoodfacts,1
2000700070424,au pomme tarte,,239.0,1.4,37.0,9.4,,,openfoodfacts,3
20009816,fins petits pois tres,Freshona,82.0,6.0,8.5,1.1,100g,280g,openfoodfacts,4
20012700,cru fume jambon,DULANO,232.0,26.0,0.6,14.0,14 g,200 g,openfoodfacts,3
20013509,cuite fumee poitrine,Saint Alby,199.560453125,28.101384375,0.6352921875,9.43991484375,100 g,300g,openfoodfacts,3
20016388,cocoa creme,Mister CHOC,571.0,2.1,57.7,36.3,100 g,750 g,openfoodfacts,2
20017224,citron freshair,Penny,154.0,0.0,64.0,0.0,,70g,openfoodfacts,2
20018382,chopped ham pork,NEWGATE,269.0,15.0,2.6,22.0,,,openfoodfacts,3
2002699006576,chicken fry seasoned stir,Wegmans,169.642857142857,17.8571428571429,8.92857142857143,7.14285714285714,1 portion (112 g),,openfoodfacts,4
20027810,schinken toast,Wiesenthaler,106.0,19.0,0.7,3.0,1 slice (11 g),,openfoodfacts,2
2003020064340,ontbijtkoek zero,Koek&amp;amp;amp;Bakker,241.0,2.9,54.0,1.6,30 gram,485 gram,openfoodfacts,2
20031961,mit rindersaftschinken steakpfeffer,"Dulano, Dulano ( LiDL)",98.0,19.0,1.0,2.0,100 g,100g,openfoodfacts,3
2003309201602,croissant juusto kinkku,Coop,294.252873563218,9.6551724137931,28.9655172413793,15.0574712643678,87 g,,openfoodfacts,3
20035259,jasminreis reis,Golden Sun,352.0,7.6,77.3,1.1,1 portion (100 g),1000g,openfoodfacts,2
20036126,biscuits spiced,"Coppenrath Feingebäck GmbH,Favorina",471.0,5.9,68.0,19.0,12.5 g,600g,openfoodfacts,2
2004021000115,au chausson pomme,,344.0,4.6,34.0,21.0,,,openfoodfacts,3
20042042,ja maitorahka mieto pehmea,Pohjolan Meijeri,50.9082217973231,8.0,4.0,0.2,100 g,,openfoodfacts,4
20047238,nussmix,Alesto,646.0,20.4,6.4,58.0,1 serving (30 g),200unknown,openfoodfacts,1
2006050003648,brebis brique de,LE PATURON,305.0,17.0,0.0,26.0,,150 g,openfoodfacts,3
2006050034895,cheddar de des,,337.0,25.0,0.5,26.0,,150 g,openfoodfacts,3
2006050037230,du monastere secret,Le Paturon,314.0,20.0,0.0,26.0,100 g,,openfoodfacts,3
2006050058563,aspic macedoine oeuf,La cuisine des saveurs,110.0,8.5,2.7,7.0,90.0g,,openfoodfacts,3
2006050069446,cuit jabon superieur,,156.0,20.0,1.0,8.0,,,openfoodfacts,3
2006050118274,chips de sarrasin,PAYS GOURMAND,373.8095,8.635775,51.17688,14.228558,30 g,,openfoodfacts,3
2006050164707,douce moutarde,Regalo,203.0,4.3,7.2,17.0,100 g,,openfoodfacts,2
2006050208210,cafe,,1.0,0.1,0.0,0.0,,,openfoodfacts,1
20064006,maito rasvaton,Pohjolan meijeri,33.0,3.4,4.8,0.0,100 g,1 l,openfoodfacts,2
20064181,bruschetta pomodori,"Italiamo,Lidl,Ospelt food",159.0,7.0,24.6,3.1,,342 g,openfoodfacts,2
20069933,butter surahm,Penny,744.0,0.6,0.8,82.0,,250 g,openfoodfacts,2
2009010001449,dose keks,Biscotto,501.0,5.8,64.0,24.0,,,openfoodfacts,2
20093471,butternut pansotti,WOOLWORTHS FOOD,73.1357552581261,0.0,0.0,0.0,,,openfoodfacts,2
20093723,hache porcbuf,Lidl,234.0,16.2,1.7,18.0,1 container (500 g),500 g,openfoodfacts,2
2009448002964,chips maxi patate,Iperal,147.44,1.953,19.623,7.1395,1 serving (100 g),,openfoodfacts,3
20109448,beef dinner roast,Lidl,114.2,7.38,10.88,4.24,500 g,,openfoodfacts,3
2011047008841,assorted chops pork,Ingles,194.006948976172,19.4006948976172,0.0,12.3458967530292,1 portion (113.398 g),,openfoodfacts,3
20127695,camara nostra passata,Bulion,62.0,3.2,13.4,0.5,1 portion (100 g),,openfoodfacts,3
20128043,bio zitroncino,"Bio Sonne, Lidl, Norma",22.0,0.1,1.3,0.1,25 g,200ml,openfoodfacts,2
20129125,cookies fortune,"Lidl, Vitasia",403.0,6.3,84.1,4.2,6 g,60 g e,openfoodfacts,2
2013410356245,cake cream strawberry,FamilyMart,344.0,7.14285714285714,35.1428571428571,19.4285714285714,105 g,,openfoodfacts,3
20138134,ajvar pikant,"1001 delights, Grill Meister, Woolworths, Kania",68.83,1.2,9.7,2.1,100 g,350g,openfoodfacts,2
20139872,con de manzana queso tarta,AlepenFest style,192.0,6.0,34.1,3.3,,500 g,openfoodfacts,5
2014060143957,atun con de pate tomate,La Tabla,206.0,11.5,5.7,15.1,80 g,,openfoodfacts,5
20148027,brauner rohr rohzucker zucker,Fairglobe,396.0,0.0,99.0,0.0,,500g,openfoodfacts,4
20152246,americain nature,Lidl,114.0,22.2,0.8,2.4,100 g,400 g,openfoodfacts,2
20153229,natursu sonnenmais,Freshona,77.0,2.6,11.5,1.7,285 g,285g,openfoodfacts,2
20163402,passierte tomaten,Baresa,25.0,1.6,3.8,0.2,1 serving (100 g),500g,openfoodfacts,2
20166069,riesenbohnen weie,Freshona,100.0,25.0,18.0,50.0,1 portion (25 g),240g,openfoodfacts,2
20166083,kichererbsen,"CAMPO LARGO, Freshona",124.0,6.3,15.8,2.5,100,240g,openfoodfacts,1
20173074,crispy fried onions,"Batts, Kania",590.0,6.0,40.0,44.0,1 serving (100 g),150g,openfoodfacts,3
2018300556248,bread cheese hame,FamilyMart,292.5,9.25,46.0,7.875,80 g,,openfoodfacts,3
20188016,jamon reserva serrano,Realvalle,78.3333333333333,29.5,0.3,12.9,,300 g,openfoodfacts,3
20197438,breaded camembert cranberry dip with,What's cooking?,278.4,8.72,28.32,14.0,1 Serving (125 g),250g,openfoodfacts,5
2020100000647,doie mousse,,206.0,12.0,1.2,17.0,,,openfoodfacts,2
20201159,reibekuchen,"Chef Select,Lidl,Taste of deutchland",175.0,3.0,21.0,8.2,,300 g,openfoodfacts,1
20202583,camenbert,Cremisée,211.0,23.0,0.5,13.0,,1pcs,openfoodfacts,1
20217136,maasdamer,Leckerrom,333.0,25.1,0.5,25.8,100 g,150 g,openfoodfacts,1
20221386,bread soda,Connell Bakery,260.869565217391,9.34782608695652,42.8260869565217,4.1304347826087,46 g,,openfoodfacts,2
20234959,natur skyr,Landfein,52.4,10.7,4.0,0.2,100 g,,openfoodfacts,2
20242138,sunstream tomatoes,Deluxe (Lidl),22.0,1.1000000238419,3.5999999046326,0.5,1 serving (80 g),,openfoodfacts,2
20247737,cripps pink pommes,Pink lady,62.0,0.5,13.8,0.5,200 g,1000 g,openfoodfacts,3
20249243,fries jumbo offen pommes,Harvest Basket,128.0,2.6,23.1,2.5,1 serving (200 g),250g,openfoodfacts,4
202602181636020400211129,riz,,157.0,3.4,33.0,2.3,,,openfoodfacts,1
20267605,cashewkerne,Alesto,600.0,20.5,19.8,47.6,100 g,200g,openfoodfacts,1
2027797006006,roasted seasoned shrimp,Wegmans,123.458967530292,16.7551455933967,0.0,6.17294837651458,1 package (113.398 g),,openfoodfacts,3
20282653,kirschen su,River Valley,65.0,7.0,14.0,0.5,,680g,openfoodfacts,2
20286026,bio karotte saft,,29.0,0.6,5.8,0.1,,3l,openfoodfacts,3
20298081,crevettes entieres,asc,95.0,22.0,0.5,0.5,,1 kg,openfoodfacts,2
2030000025732,viennois,,263.0,7.8,47.0,5.0,,,openfoodfacts,1
2030504000020,panini,,287.0,8.3,58.0,1.4,,,openfoodfacts,1
20316471,moras,"Agrícola el Bosque, Berry Sensations, La Canastita, Lidl, Plus Berries, Zalama, Lidl Marokko",47.3,1.13,6.53,0.7,,125g,openfoodfacts,1
20323073,rahmspinat tk,Freshona,40.0,2.1,1.7,2.3,225g,450g,openfoodfacts,2
20326074,knackebrot sesam,"Bäckerkrönung, Penny",378.0,12.7,58.0,7.2,,250g,openfoodfacts,2
20330453,bifteki,Eridanous,314.0,16.0,6.0,25.0,107g,750g,openfoodfacts,1
20336615,cakes jaffa,"Delicia,Norma,HG",381.0,3.0,69.0,10.0,,300 g (2 x 150 g),openfoodfacts,2
20380991,petit,Realforno,430.0,7.7,78.7,9.1,100 g,500 g,openfoodfacts,1
20382308,bbq beef honey jerky,MCENNEDY,266.0,30.3,28.3,3.3,1 serving (45 g),,openfoodfacts,4
20424848,creamy custard thick,Salco,125.0,2.9,20.0,3.6,1 serving (125 g),500 g,openfoodfacts,3
2043716003055,buf carpaccio de,Delhaize,1.0,22.6,0.0,1.3,,,openfoodfacts,3
20456634,cocido extra jamon,Realvalle,180.0355,24.735,1.6511,8.313,100 g,250 g,openfoodfacts,3
20462628,orecchiette,ITALIAMO,362.0,12.5,72.4,1.9,,500g,openfoodfacts,1
20490607,kefir kirsche sahne,Pilos,134.0,2.4,12.6,7.6,250g,250 g,openfoodfacts,3
20492632,cacao envitas,Crownfield,484.189723320158,7.0,65.0,20.0,50.6 g,253 g,openfoodfacts,2
20496524,carbonara sauce,"Deluxe, ITALIAMO  Deluxe, Italiamo",168.0,4.9,2.9,15.0,,340g,openfoodfacts,2
2050001181695,brioche pan,Bravo,263.75,8.4375,45.625,8.4375,1 slice (32 g),,openfoodfacts,2
20501006,brioche zopf,"Maître Jean Pierre, Maître Jean-Pierre",350.0,8.0,52.0,12.0,50 g,600g,openfoodfacts,2
20519117,carottes extra fines,Freshona,22.0,1.2,4.0,2.6,680 gram,420 gram,openfoodfacts,3
20521493,de soia sos,"Kania, Vitasia",63.0,10.3,5.2,0.2,,150ml,openfoodfacts,3
20531928,minestrone saporito,Freshona,117.0,4.6,9.3,6.0,150 g,,openfoodfacts,2
20582012,freeways,Lidl Hellas & Σια,1.0,0.0,0.0,0.0,1 Dose (330 ml),"0,5 l",openfoodfacts,1
20615420,maapahkina paahdettu,Alesto,682.75,17.1625,11.1,61.825,100 g,200 g,openfoodfacts,2
20617592,ontbijtkoek,,316.0,2.4,69.4,2.4,35.599998474121094g,,openfoodfacts,1
20622732,dop pecorino romano,Italiamo,406.0,25.0,0.0,34.0,,100 g,openfoodfacts,3
20630843,mayo thon,Lidl,647.0,4.6,1.8,69.0,,265g,openfoodfacts,2
2065861139328,cheddar country farmhouse west,Ford Farm,416.0,25.4,0.1,34.9,,,openfoodfacts,4
20662929,duetti pasta,Mister choc,566.666666666667,2.66666666666667,58.0,36.0,15g,600 g,openfoodfacts,2
20689506,backfisch,Lidl,178.0,11.0,12.0,9.5,,1pcs,openfoodfacts,1
2069259007503,and beef cooks farmers roast,Farmers And Cooks,125.0,21.4285714285714,0.0,3.57142857142857,1 portion (56 g),,openfoodfacts,5
20707170,dyni pestki,Alesto Selection,593.333333333333,34.4,3.6,47.7,10 gram,200 gram,openfoodfacts,2
20725884,forte mi moutarde,,245.0,4.4,2.7,23.6,,415 g,openfoodfacts,3
2073318500485,boudin noir,,201.0,6.4,3.0,18.0,,,openfoodfacts,2
20737108,breas honey wheat,Lidl,285.714285714286,10.7142857142857,53.5714285714286,3.57142857142857,1 Slice (28 g),,openfoodfacts,3
20772970,mix snack,Alesto,646.0,22.1,10.4,55.7,1 portion (30 g),200 g,openfoodfacts,2
20776800,feta pdo,Eridanous,276.0,15.4,1.8,23.0,30g,400g,openfoodfacts,2
20806910,chips day paprika snack,Snack day,514.0,6.1,55.0,29.0,,250 g,openfoodfacts,4
20816445,mixed nuts,Alesto,464.0,20.1,6.6,58.3,1 portion (100 g),500g,openfoodfacts,2
20829520,ananas scheiben,"Freshona, Lidl",56.0,0.5,13.0,0.5,490 g Abtropfgewicht,820g,openfoodfacts,2
20837112,kureci prsni sunka,PIKOK,91.0,19.3,0.5,1.3,,100 g,openfoodfacts,3
20841157,bio carottes rapees,Saladinettes,66.0,0.6,6.3,3.2,,200 gr,openfoodfacts,3
20847593,frites pommes,Harvest Basket,145.0,2.3,25.9,3.2,100 g,1 kg,openfoodfacts,2
20856090,bio croquant doux mais,Freshona,77.0,2.4,12.6,1.2,100 g,285g,openfoodfacts,4
2089007016205,chorizo extra hot,Porxas,341.778202676864,30.0,4.0,23.0,1 portion (100 g),,openfoodfacts,3
20908355,bio traditions wiener wurstchen,"Metzgerfrisch, Klosterwald, Lidl",266.0,13.5,1.0,23.0,,200 g,openfoodfacts,4
20954062,proviact strawberry,"Milbona, Lidl",104.0,2.9,15.3,3.3,,4 x 125 g,openfoodfacts,2
20955427,protein tvarohova tycinka,Pilos,310.0,22.0,16.0,19.0,40 g,40g,openfoodfacts,3
20975869,crepes mini poffertjes,Chef Select,321.0,5.8,31.3,19.0,,,openfoodfacts,3
2098765637478,jam raspberry,Extra Line,176.0,0.6,43.0,0.5,,,openfoodfacts,2
2098765850129,preserve raspberry,Well Done,253.0,0.5,65.0,0.2,350 g,,openfoodfacts,2
2098765933082,suris,Tilžės,338.0,25.0,0.0,26.0,100 g,,openfoodfacts,1
20990879,bread emriched fiber white,,230.76923076923,9.6153846153846,48.076923076923,1.9230769230769,2 SLICES (52 g),,openfoodfacts,4
20997076,citron noir saveur the,Lord Nelson,1.0,0.0,0.2,0.0,2g,2g x25 (50g),openfoodfacts,4
2100100950200,quot,Вкусвилл,224.9,5.0,40.2,4.9,1 portion (300 g),,openfoodfacts,1
2100100957780,quotquot,ВкусВилл,360.0,25.0,18.0,21.0,40 g,,openfoodfacts,1
2100776002982,rindwurst,Sutter,286.0,12.0,2.0,26.0,,,openfoodfacts,1
21031717,beaten pahadi red rice taichin,84 Cuisines,335.0,13.0,71.0,3.1,1 portion (100 g),,openfoodfacts,5
2111652005102,bauernspeck,Coop,458.0,20.0,2.2,41.0,,,openfoodfacts,1
2115684006656,beef brisket,Bell,126.0,23.0,1.7,3.0,,,openfoodfacts,2
21156984,basmati rice white,Asda,125.0,2.8,27.0,0.7,1 portion (100 g),,openfoodfacts,3
2130704004542,prsut,Mataš,267.0,32.0,1.0,15.0,100 g,,openfoodfacts,1
2134839007249,ribs,Butchers By Penny,242.0,19.0,1.0,18.0,,,openfoodfacts,1
2148208003022,branza burduf de,,280.0,20.0,1.0,22.0,,,openfoodfacts,3
2150693031350,oroszkrem torta,Auchan,275.0,4.6,29.0,15.0,,,openfoodfacts,2
2151924006277,bbq ribs sous spare vide,Höfstädter,140.0,16.0,7.4,5.1,,,openfoodfacts,5
2153712006551,hachee ip suisse viande,Migros,238.0,18.0,0.8,18.0,100 g,,openfoodfacts,4
2185352002808,buf emince foie,Migros,110.0,19.0,2.0,3.5,,,openfoodfacts,3
2185390008008,hack,Migi,197.0,20.0,1.0,13.0,1 portion (100 g),,openfoodfacts,1
2185603010859,de foie veau,Migros,130.0,19.0,4.5,4.0,,,openfoodfacts,3
21870583,feuerdrachen,"Bravo, Penny",425.0,4.8,68.3,14.0,,125g,openfoodfacts,1
21948084,asia sauce,Penny,97.9923518164436,1.5,16.0,2.8,100 g,1pcs,openfoodfacts,2
2195713005218,marinade nackensteaks paprika schweine,Ja,211.0,18.0,1.0,15.0,,,openfoodfacts,4
2197329001592,pane rustico,Rewe,257.0,8.7,51.0,1.3,,360 g,openfoodfacts,2
2200310594048,kurbiskerne,Muller Hoch Genuss,582.0,37.0,2.0,46.0,,,openfoodfacts,1
2201247010038,irisches ribeye rinder steak,Taste of Ireland,197.0,20.0,0.5,13.0,300 g,,openfoodfacts,4
2201729017715,de tommette yenne,,373.0,22.2,2.3,30.5,,,openfoodfacts,3
22035424,biscuit davoine,Biscotto,468.0,7.0,67.0,18.0,,240 g,openfoodfacts,2
2203644022065,nautaminutusteik,Krónan,107.0,22.1,0.0,2.0,,,openfoodfacts,1
2205154008744,rind rumpsteak vom,Meine Metzgerei (Aldi),138.0,21.0,0.0,6.0,,,openfoodfacts,3
2205159009043,rump steak,Aldi,138.0,21.0,0.0,6.0,100 g,,openfoodfacts,2
2205173006639,entrecote steak,Aldi,147.0,21.0,0.0,7.0,1 portion (100 g),,openfoodfacts,2
2205191004877,huft steak,Aldi,104.0,21.0,0.0,2.2,1 portion (100 g),,openfoodfacts,2
2205496000000,boufin pomme,,274.0,12.3,2.7,23.8,,,openfoodfacts,2
22112514,himbeer konfiture,Grandessa,235.0,0.7,56.0,0.5,,450unknown,openfoodfacts,2
22152039,bauernschnitten,,222.0,6.6,44.4,0.9,,,openfoodfacts,1
2220960002892,ah mais oerdesem pomoen,Albert Heijn,288.0,12.0,46.0,5.5,40 g,400 gram,openfoodfacts,4
2222537007743,boeuf coeur de,,106.0,19.0,0.7,3.0,,,openfoodfacts,3
2225659016662,morbier,,360.0,24.0,1.0,28.0,,0.209 kg,openfoodfacts,1
2225857001811,beau bon,,292.0,10.0,44.0,7.0,,,openfoodfacts,2
2228508060410,aux herbes jambon roti,,139.0,22.0,1.4,5.0,,,openfoodfacts,4
2230080004140,aop comte,,418.0,27.0,0.0,35.0,,,openfoodfacts,2
2240314019291,brie de pointe,,352.0,16.0,0.0,32.0,,,openfoodfacts,3
2242120692262,haferdrink zuckerfrei,DmBio,20.5428,1.5267,5.013,2.901,,1l,openfoodfacts,2
2246231002996,ah hoevebrood wit,AH,302.0,8.5,52.0,6.1,100 g,,openfoodfacts,3
2250394195532,creme de pistache pot,,152.0,3.7,17.0,7.5,,,openfoodfacts,4
2250394468193,cacao cookies,,422.0,6.9,66.0,18.0,,,openfoodfacts,2
22580351,cook why,"Penny, Penny Ready",98.8,6.8,7.9,4.1,1 serving (500 g),500 ml,openfoodfacts,2
2258241003450,eierkoek,Jumbo,283.0,5.9,59.1,2.2,75 g,,openfoodfacts,1
2259691001782,ahumado cerdo de tocino,Sofía,550.0,9.0,0.02,60.0,100 g,,openfoodfacts,4
2259973026373,panes pieds porc,,158.0,17.0,0.0,10.0,,,openfoodfacts,3
2265819005990,chicken fried,Giant Eagle,222.222222222222,21.2121212121212,3.53535353535354,13.6363636363636,1 portion (198 g),17 oz,openfoodfacts,2
2270710005079,tataki,Lidl Tataki,98.0,23.0,0.0,0.7,100 g,,openfoodfacts,1
2273692013780,jambon super u,,151.0,21.0,1.0,7.0,,,openfoodfacts,3
2273716007504,hackbraten,Bigler,259.0,14.0,5.3,20.0,,,openfoodfacts,1
2274730027684,fumees saucisses,,327.0,16.5,0.9,28.0,,,openfoodfacts,2
2274732025398,francfort saucisse,,236.0,14.7,1.2,19.2,,,openfoodfacts,2
2275082003234,krustenbraten,Edeka,157.0,21.0,0.3,8.0,,,openfoodfacts,1
2279997001392,stokbrood wit,AH,265.0,8.2,54.0,0.9,100 g,,openfoodfacts,2
2280634343010,creme,,286.0,13.0,2.3,25.0,,,openfoodfacts,1
2281513013710,fumee poitrine,,306.0,19.6,0.5,24.9,,,openfoodfacts,2
2295033000990,backshop ciabatta,Rewe,258.0,8.5,51.0,1.6,,300 g,openfoodfacts,2
230084920019002500004757,jamon mercadona reserva,,247.0,33.5,1.0,12.2,,,openfoodfacts,3
2302502505082,brie president,AH,347.0,17.0,0.0,31.0,,,openfoodfacts,2
2302599630001,tuna water,Aliada,90.9090909090909,23.6363636363636,0.0,0.0,55 g,,openfoodfacts,2
23026322,jumbo mushrooms,Asda,108.0,1.4,0.5,11.0,1 portion (100 g),250 g,openfoodfacts,2
2303461011218,de entrecot fino vaca,Hacendado,161.0,22.0,0.6,8.0,,,openfoodfacts,4
2304930004908,entrecot,Mercadona,161.0,22.0,0.6,8.0,,,openfoodfacts,1
23050716,bio haferdrink,Food for Future,23.33,0.5,3.75,0.67,120 g,1l,openfoodfacts,2
23056084,natur tofu,"Food for Future,Penny,Plant Republic",146.0,15.0,1.8,8.5,,400g,openfoodfacts,2
2307705003397,bratwurst hahnchen,Bio Gockl,199.0,15.0,1.3,11.0,,,openfoodfacts,2
23077416,berner mini wurstchen,Mühlenhof,296.0,14.0,1.0,26.0,31 g,,openfoodfacts,3
2307966005734,cortado tostado,Viejo Velho,474.0,27.0,1.5,40.0,,,openfoodfacts,2
2308419002973,da febras perna,Mercadona,108.0,22.0,0.0,2.2,,,openfoodfacts,3
2310011102661,pepparbiff,Butchers,111.0,20.0,1.9,2.5,,,openfoodfacts,1
2311682005220,afrutado queso,Mercadona,418.0,27.0,1.0,34.0,,,openfoodfacts,2
2313115010030,notfars,Smak Av Gotland,179.25430210325,20.0,0.0,11.0,100 g,,openfoodfacts,1
23131453,bites chicken,,248.0,11.0,34.0,7.6,,,openfoodfacts,2
23137400,pfeffer roter,Cucina,45.0,2.4,3.8,0.3,,100g,openfoodfacts,2
2316519005183,de fausses jambon tranches,,121.0,21.0,0.7,3.8,,,openfoodfacts,4
2316671011985,decosse fume saumon,"Metro, Metro Chef",178.0,23.0,0.5,9.6,,,openfoodfacts,3
2317252002477,entrecote,Coop,140.0,22.0,0.0,6.1,,,openfoodfacts,1
2319313009296,bondost,Ica,380.0,26.0,0.0,31.0,,,openfoodfacts,1
2319808004621,sauerkase,Dorf Sennerei Schlins,92.0,16.0,1.7,2.4,1 package (300 g),,openfoodfacts,1
2323689103656,bio yorkham,Albert Heijn,137.0,19.0,1.8,6.0,100 g,,openfoodfacts,2
2327849004067,karreesteaks,Greisinger,204.0,19.0,0.5,14.0,,,openfoodfacts,1
23279575,brownies mini,Mike Mitchells,446.940726577438,5.3,51.0,26.0,,,openfoodfacts,2
2330782703539,du pate paysan,,327.0,10.7,2.1,30.7,,,openfoodfacts,3
2350273002941,cortado cunitas en queso tierno,Entrepinares,363.0,21.0,0.5,31.0,,,openfoodfacts,5
2350280007540,queso tierno,Entrepinares,399.0,22.0,1.3,34.0,,,openfoodfacts,2
2350293002198,tierno,Entrepinares,354.0,21.0,1.4,30.0,,,openfoodfacts,1
2350293002341,cremoso mas tierno,Entrepinares,354.0,21.0,1.4,30.0,,,openfoodfacts,3
2350293002402,entrepinares tierno,entrepinares,354.0,21.0,1.3999999761581,30.0,,,openfoodfacts,2
2350385001672,entrepinares queso tierno,entrepinares,362.0,20.0,0.7,31.0,,,openfoodfacts,3
2350943004060,queso semicurado,Hacendado,421.0,25.0,1.6,35.0,,,openfoodfacts,2
2351443509826,sakotis,Jotama,496.0,9.4,55.07,26.41,,,openfoodfacts,1
2353633056356,mikado,,477.0,7.7,67.0,19.0,,,openfoodfacts,1
2356941031107,cheese edamer hard semi,Oldenburger,316.0,26.0,0.1,23.0,1 serving (100 g),,openfoodfacts,4
2363989103659,peper rosbief,Plus,164.0,30.0,0.5,4.7,100 g,,openfoodfacts,2
2365681510308,hvitost,First Price,315.0,27.0,0.1,23.0,,,openfoodfacts,1
2365697004501,bacon biter i,First Price,352.0,12.0,0.4,33.0,,,openfoodfacts,3
2365777002403,finocchiona,Franchi,384.0,28.26,0.0,30.87,1 portion (100 g),,openfoodfacts,1
2370344004155,hinterkochschinken,"Edeka Bio, Von Hof aus Gut",115.0,21.0,1.0,3.0,6.66 pieces (100 g),119g,openfoodfacts,1
2370475002686,beefo corned deutsches,Edeka Salzmann,123.0,23.0,1.0,3.0,,117g,openfoodfacts,3
2380691311585,rostbiff,Chark Food delikatesser,111.0,23.0,2.2,1.5,,,openfoodfacts,1
2383459002305,suris varskes,Rimi Smart,211.0,20.0,3.6,13.0,,,openfoodfacts,2
2389508015890,ceronnee tomme,,361.0,24.0,1.3,29.0,,,openfoodfacts,2
2392007305409,chateaubriand,Ah,108.0,21.0,0.0,2.7,,,openfoodfacts,1
24023412,de manzana tarta,"Choceur, El Horno",392.0,3.1,51.0,19.0,100g,390g,openfoodfacts,3
24045247,fritas patatas,Tesoros del Sur,502.0,6.1,61.1,25.5,,,openfoodfacts,2
2405140003023,beacon,Ok,232.0,13.2,4.3,17.9,100 g,,openfoodfacts,1
24081153,campesinos picos,"Tesoros del Sur,El Horno de Aldi",387.0,9.6,78.4,3.0,30 g,140 g,openfoodfacts,2
24087117,zitronen,bio,27.6,0.25,1.56,0.25,,500 g,openfoodfacts,1
24098762,cherry pera tomate,"ASC, Caparrós",0.0,0.0,0.0,0.0,250 g,250 g,openfoodfacts,3
24101011,cacao protein,Dolciando,76.4818355640534,10.0,8.0,1.3,1 portion (200 g),200 g,openfoodfacts,2
2422875028602,knack,,288.0,13.0,0.6,26.0,,,openfoodfacts,1
2424271032542,bucco de osso veau,Tendre & Plus,109.0,16.0,6.4,2.0,,,openfoodfacts,4
2434637000634,carre frais,,85.0,16.0,4.5,0.3,,,openfoodfacts,2
2436931003083,kepsnys rukytas,Samsonas,93.0,18.5,0.5,1.9,,,openfoodfacts,2
2443772039409,cuit de jambon tranche,Mas,142.0,20.2,1.4,6.2,100 g,,openfoodfacts,4
2444975046119,en pave tournedos,,208.0,20.0,0.5,14.0,,,openfoodfacts,3
2451116110738,croute en jambon,,198.0,16.0,17.0,7.3,,,openfoodfacts,3
2451785015747,arachide wasabi,,468.0,11.4,56.1,21.4,,,openfoodfacts,2
2452129089011,saucisson,,428.0,29.0,2.7,33.0,,,openfoodfacts,1
2458354056811,de pied porc,,169.0,19.0,0.0,10.3,,,openfoodfacts,3
2468228003186,parmesano queso tipo,Colanta,345.0,35.0,6.3,20.0,1 portion (30 g),,openfoodfacts,3
24684078,aux herbes saucisses,,233.0,15.0,1.5,19.0,,,openfoodfacts,3
2473676039366,aux cornichons de pate tete,,253.0,14.0,0.0,22.0,,,openfoodfacts,5
24769570,dunn extra frites pommes,Gustoria,161.0,3.0,27.0,4.1,200 g,600g,openfoodfacts,4
2478872027889,cuite poitrine superieure,,93.0,22.0,0.7,11.0,79g,79g x3 (237g),openfoodfacts,3
2495792013617,steak venison,Gourmet Game,107.552581245,24.0,0.2,1.3,1 portion (100 g),,openfoodfacts,2
2500988004284,de porc presa,Bonpreu,352.0,21.0,0.5,29.0,,,openfoodfacts,3
2501427001703,afumat de piept pui,Pikok,110.0,21.0,1.8,2.0,170 g,,openfoodfacts,4
2518676000005,de pasare pastrama,Elit,170.0,15.3999996185303,1.0,11.6000003814697,100.0g,kg,openfoodfacts,3
25283969,chowder seafood soup,Aldi,70.0,5.5,2.5,4.0,0.5 tub (187 g),,openfoodfacts,3
25782950,pistazien,Bravo,634.0,17.5,15.6,54.3,80.0g,,openfoodfacts,1
25805413,kakao,penny,378.0,4.5,79.9,3.1,,1pcs,openfoodfacts,1
25903669,hinterschinken,"Mühlenhof, Mühlenhof / Penny",100.0,20.0,0.5,2.0,32 g,350g,openfoodfacts,1
2600110039235,abricot sec,,283.0,3.4,63.0,0.5,,,openfoodfacts,2
2600112040017,amandes decortiquees,,645.0,21.0,9.5,50.0,,,openfoodfacts,2
2600128025916,banane chips sucre,,365.0,3.89,78.4,1.81,,,openfoodfacts,3
2600188021910,raisins secs,,348.0,3.1,79.2,0.5,,,openfoodfacts,2
2600205023750,pruneaux,,234.0,2.0,54.0,0.3,,,openfoodfacts,1
2600287010952,arrachid au wasabi,,468.0,11.0,56.0,21.0,,,openfoodfacts,3
2600298026836,cranberry sechee,,340.0,0.8,83.0,0.5,,,openfoodfacts,2
2600343034960,noisette,,632.0,17.0,7.16,56.9,,,openfoodfacts,1
2600446024141,amande truffe,,637.0,24.0,7.9,54.0,,,openfoodfacts,2
2600703021586,cajou de noix poivrees,,618.0,20.5,21.3,48.1,,,openfoodfacts,4
2600727026574,cajou noix truffe,,613.0,25.0,20.0,47.0,,,openfoodfacts,3
2600747015749,arachides au sesame,,457.0,12.0,56.0,19.0,,,openfoodfacts,3
2600756013583,banane chips,,365.0,3.89,78.4,1.81,,,openfoodfacts,2
2600758012928,cerneaux de noix,,688.0,15.0,11.0,64.0,,,openfoodfacts,3
2600988054057,amande decortiquees francaise,,631.0,25.8,8.76,52.5,,,openfoodfacts,3
2601370002588,boczek pieczony,Saltowski,328.0,20.0,1.7,27.0,,,openfoodfacts,2
26024158,brioche tranche,,341.0,8.5,52.0,11.0,,,openfoodfacts,2
26035536,chips paprika,Bravo,535.0,6.5,51.0,33.0,50 g,200 g,openfoodfacts,2
2607843000013,toorjuustu tort,Maxima,309.0,6.5,33.4,16.5,,,openfoodfacts,2
26088808,bio mini wiener wurstchen,"Naturgut, penny",280.0,13.0,0.5,25.0,,,openfoodfacts,4
26131757,brotchen weizen,"Bäckerkrönung, Penny",257.0,8.4,50.0,2.0,60 g,"540g, 9 Stück",openfoodfacts,2
2614143044746,de decoupes dinde,,139.0,20.0,0.6,6.3,,,openfoodfacts,3
26162263,minestrone mix soup,World Market,266.666666666667,16.6666666666667,66.6666666666667,1.66666666666667,30g,281 g,openfoodfacts,3
26210834,mais,Greenland,78.0,2.6,11.0,1.8,,150g,openfoodfacts,1
26307404,pfirsich,Gut und Günstig,61.0,0.5,14.0,0.5,,480g,openfoodfacts,1
2638778054581,de deshydrates fruits quatuor,,352.0,1.0,86.0,0.0,,,openfoodfacts,4
2644764020997,beurre croissant pur,,422.0,8.5,44.0,23.0,,,openfoodfacts,3
2644846013053,donuts frais,,368.0,5.5,47.0,17.0,,,openfoodfacts,2
2687214081407,a cuire saucisson,,301.0,16.0,0.9,26.0,,,openfoodfacts,3
2688490033982,porc pur saucisson sec,,382.0,29.6,1.4,28.7,,,openfoodfacts,4
2693281107452,jambon sec superieur,,159.0,26.0,0.5,6.0,,,openfoodfacts,3
2700856002644,des rooibos vahines,,1.0,0.1,0.0,0.0,,,openfoodfacts,3
2704001002572,cocido jamon,,478.0,15.2,1.4,5.3,,,openfoodfacts,2
272109918011806400000705,dor mont vacherin,Fromagerie André,294.0,19.0,0.5,24.0,,,openfoodfacts,3
272113735007355400000440,krustenschinken,Bell,153.0,20.0,0.0,7.8,,,openfoodfacts,1
2728365011971,tussenrib zesrib,Carrefour,290.0,19.0,0.0,24.0,,,openfoodfacts,2
27422489,bake pasta,Asda,156.0,9.5,16.0,5.7,0.5 pack (400 g),,openfoodfacts,2
2749201004759,huftsteak rinder,Allgäu Fleisch,111.0,21.0,0.0,3.0,,,openfoodfacts,2
27536223,beef mince steak,ASDA Flavourful,222.0,27.0,0.5,12.0,1 portion (100 g),500g,openfoodfacts,3
28014348,kurczak season,,157.0,6.9,15.0,4.6,,,openfoodfacts,2
2803952013054,biscoff dots,,459.0,5.6,46.0,23.0,,,openfoodfacts,2
2812810002536,beef tartare,Maso Rohlik,104.0,21.0,0.0,2.2,250 g,,openfoodfacts,2
2813117003806,spek uzeny,Lidl,796.0,2.8,0.0,88.1,,,openfoodfacts,2
2814511001573,pappudia smoked tofu,Pappudia,171.0,17.0,3.4,9.9,,,openfoodfacts,3
2814524002079,bio tofu,Pappudia,137.0,14.0,2.8,7.8,,,openfoodfacts,2
2814545004120,chuck eye steak us,Metzgerfrisch,230.0,17.3,0.0,17.9,,,openfoodfacts,4
2815672010053,kureci mix rizky,Albertovo Čerstvé,131.0,20.59,0.0,5.5,1 portion (100 g),,openfoodfacts,3
2820707003276,rinder rumpsteak,Lidl,152.0,20.0,0.0,8.0,1 portion (100 g),,openfoodfacts,2
2820954009120,abricot croissant prepousse,,275.0,0.0,33.0,14.0,,,openfoodfacts,3
2822548003187,enteecote rinder,Lidl,165.0,21.0,0.0,9.0,,,openfoodfacts,2
2824664002853,traditionskochhinterschinken,Lidl,137.0,19.7,1.0,6.0,1 portion (60 g),,openfoodfacts,1
2829524001502,cheddar irischer,Kerrygold,392.0,26.0,0.0,32.0,20 g,,openfoodfacts,2
2832928011152,nordique pain,,289.0,12.0,37.0,8.4,,,openfoodfacts,2
2846961050009,acucarado dawnut s,Pingo Doce,410.0,7.4,41.0,24.0,100 g,,openfoodfacts,3
2847484074848,de porc surprise,,127.0,20.0,0.5,4.8,,,openfoodfacts,3
2853249047231,a cuire forte soubressade,,547.0,11.0,18.0,55.0,,,openfoodfacts,4
2853830004810,ardeense op varkenshaas wijze,Westvlees,102.0,19.0,2.0,2.5,,,openfoodfacts,4
2855068037721,fume jambon,,177.0,21.0,0.8,10.0,,,openfoodfacts,2
2860010019687,edam jaune,,325.0,26.0,0.5,24.0,,,openfoodfacts,2
2865254007001,sernik,Cukiernia Lidla,298.0,7.5,31.0,16.0,100 g,,openfoodfacts,1
2868071019684,asiatique wok,,17.381,0.9,2.9,0.3,,429 g,openfoodfacts,2
2868520023484,coco de noix,,362.0,3.6,5.0,37.0,,211 g,openfoodfacts,3
2870162003236,krowka,Kaufland,297.67,3.41,37.74,14.68,,,openfoodfacts,1
2887375031291,de savoie tomme,,267.0,24.0,1.2,30.0,,,openfoodfacts,3
2890070001353,coho koprem osos z,Deluxe Lidl,250.0,22.0,0.0,18.0,,,openfoodfacts,4
2894915001973,sajz,,341.0,25.5,0.2,26.0,,,openfoodfacts,1
29033515,bake pasta tuna,M&S,148.0,9.7,14.4,5.5,1 serving (400 g),380 g,openfoodfacts,3
29061631,sukirschen,"Marks & Spencer, Naturlieblinge",416.0,25.4,0.1,34.9,1 portion (30 g),500 g,openfoodfacts,1
29144600,cheese fat reduced soft,"Marks & Spencer, M&S",162.0,8.8,5.9,11.5,1 serving (30 g),,openfoodfacts,4
29147168,chicken fried southern,Marks & Spencers,173.0,17.5,7.2,7.9,282 g,,openfoodfacts,3
2917729003275,au fume pointe poivre,,272.0,17.0,1.0,22.0,,,openfoodfacts,4
29231874,fire pizza wood,Marks & Spencer,236.0,12.5,27.4,8.1,1 serving (100 g),176g,openfoodfacts,3
2928437341092,fries peppercorn sauce steak with,SuperLean,147.878787878788,12.4242424242424,12.7272727272727,5.15151515151515,1 portion (330 g),,openfoodfacts,5
29398102,basmati microwave rice,M&S,150.0,3.6,29.3,1.7,0.5 pack (125 g),,openfoodfacts,3
29435234,chicken curry red thai,Count on Us,22.8947368421053,6.3,9.9,2.0,,,openfoodfacts,4
29457649,extra houmous smooth,M&S Collection,334.0,6.0,9.8,29.4,1 portion (100 g),,openfoodfacts,3
29459506,cheese mac marmite,M&S,177.0,8.5,20.7,6.5,1 portion (400 g),,openfoodfacts,3
29460472,mixed nuts roasted,M&S,635.0,20.6,10.7,54.6,1 small handful (25 g),,openfoodfacts,3
29481682,side sunny up whips,Marks & Spencer,506.0,6.2,58.9,27.0,1 portion (100 g),,openfoodfacts,4
29493906,cherry drink kefir,M&S FOOD good gut,70.0,2.6,9.3,2.0,1 Bottle (250 ml),,openfoodfacts,3
29508617,honey hot pizza,M&S,201.151631477927,9.0978886756238,25.9884836852207,6.48752399232246,1 portion (521 g),,openfoodfacts,3
29526222,bread farmhouse,Spinneys,263.0,11.0,48.0,3.0,100 g,,openfoodfacts,2
2959319005672,bocourti,Cold Storage,90.0,17.0,0.0,2.5,1 serving (100 g),,openfoodfacts,1
29670949,pie shepards,Spinneys,113.066666666667,12.0,6.4,4.26666666666667,1 portion (375 g),,openfoodfacts,2
2971154023871,requefort,,367.0,19.0,0.8,32.0,,,openfoodfacts,1
2996509001502,cuerno mini,Carrefour,512.0,6.9,49.0,31.0,,,openfoodfacts,2
3005743101080,amino carb,TommiNutrition,343.75,14.0625,71.875,0.0,32 g,,openfoodfacts,2
3011360001603,aux cepes deshydratee knorr sauce,Knorr,510.0,11.0,36.0,35.0,,,openfoodfacts,5
3011360010940,maizena,Maizena,355.0,0.5,86.0,0.5,,,openfoodfacts,1
3017760524797,dormi,Dörmi,386.666666666667,6.1,58.0,15.0,30g,30 g,openfoodfacts,1
3017800251683,kidneybohnen,D‘aucy,104.0,7.8,13.0,0.8,100.0g,110g,openfoodfacts,1
3017800507551,coupes haricots verts,D'aucy Bio,27.0,1.6,2.8,0.3,,400g,openfoodfacts,3
3017800514719,au cidre porc,,82.0,7.1,7.2,2.2,300.0g,300 g,openfoodfacts,3
3017800522318,bio petit pois,,376.0,5.4,12.0,0.9,,,openfoodfacts,3
3021760291474,ajoutes compotes sans sucres,"MATERNE, Sans sucres ajoutés",65.0,0.5,14.0,0.5,,2 x (6 x 100 g) : 1200 g,openfoodfacts,4
3021760407301,pom potes,,53.0,0.5,11.0,0.5,,,openfoodfacts,2
3021990209010,caroyye rapee,,36.0,0.7,6.45,0.26,,,openfoodfacts,2
3023260001362,queso roquefort societe,Societe,365.0,19.0,0.8,31.7,,100g,openfoodfacts,3
3023260028680,aop cave roquefort saveur,Société,357.0,17.86,0.0,32.14,1 ONZ (28 g),150 g,openfoodfacts,4
3023260033424,schafskase,Salakis,272.0,16.0,0.8,23.0,90 g,180g,openfoodfacts,1
3023290009116,citron de mousse secret,"Nestlé, La Laitière",133.0,3.7,18.4,4.7,,236g (4 x 59 g),openfoodfacts,4
3023290032312,framboise skyr,siggi's,88.0,8.9,8.9,1.9,140 g,140 g,openfoodfacts,2
3023290076880,cappuccino,Nescafé,75.0,3.3,9.7,2.4,1 portion (205 ml),,openfoodfacts,1
3023290078976,squashums,"Munch Bunch, Nestlé",62.54425,3.624675,7.525875,1.373525,1 portion (120 g),2 x 60 g,openfoodfacts,1
3023470020016,roudor,St Michel,515.0,6.2,63.0,26.0,12.5 g,150 g,openfoodfacts,1
3027030012541,creme patissiere,Alsa,111.0,2.6,22.0,1.2,125g,125g,openfoodfacts,2
3032220061872,bonne smeerkaaspuntjes vache,Bonne Vache,262.0,7.5,8.5,22.0,17 gram,17 gram,openfoodfacts,3
3033491139437,activia,Danone,62.0,3.4,4.4,3.4,125g,2 kg,openfoodfacts,1
3033491350795,activia bifidus citron saveur,Danone,51.4340344168259,3.6,12.6,3.1,125 g (Pot),4 x 125g,openfoodfacts,4
3033491485756,drink fraise framboise protein,Danone,60.0,8.4,5.5,0.5,300 g (Pot),300g,openfoodfacts,4
3033491993138,doux kefir nature,DANONE,59.0,3.3,4.1,3.3,,280 g,openfoodfacts,3
3033610067986,saumon,Labeyrie,198.0,22.0,0.6,12.0,,,openfoodfacts,1
3033610079651,aven fish fume saumon,Fish Aven,198.0,22.0,0.6,12.0,1 serving (100 g),100 g,openfoodfacts,4
3033710031160,deshydratee sauce tomate,"Nestlé,Chef",351.0,11.8,52.8,9.1,,,openfoodfacts,3
3036810201280,dijon senf,"Maille,GB Foods",151.0,7.0,3.5,11.0,12 g,215g,openfoodfacts,2
3038350013507,coudes rayes,PANZANI,361.0,12.0,72.0,2.0,0 g (0),500 g,openfoodfacts,2
3038351484009,chifferini panzani pates,Panzani,361.0,12.0,72.0,2.0,,500 g,openfoodfacts,3
3038359914041,torti,Panzani,361.0,0.35,72.0,2.0,,,openfoodfacts,1
3038680711517,cuit et fume saumon,Delpierre,246.0,22.0,1.3,17.0,,,openfoodfacts,4
3041091963451,compote,,47.0,0.4,9.9,0.2,,6 x 100 g,openfoodfacts,1
3041092058927,bebe compotes,,52.0,0.4,11.2,0.2,,6 x 100 g,openfoodfacts,2
3045320076127,compote de morceaux pommes,Andros,89.0,0.2,21.0,0.2,,740 g,openfoodfacts,4
3045320077636,dessert fruitier nature pomme,Andros,70.0,0.3,16.0,0.1,100g,"1,2 kg",openfoodfacts,4
3045320082616,confiture pruimen,Bonne maman,241.0,0.4,59.0,0.1,,370 gr,openfoodfacts,2
3045320082623,bosbessen confiture,Bonne Maman,241.0,0.3,59.0,0.1,,370 g,openfoodfacts,2
3046829001269,brioche pate viande,,326.0,12.4,24.0,19.9,,450 g,openfoodfacts,3
3046920010603,framboise intense,Lindt & Sprüngli,535.0,6.1,52.0,32.0,1 square (10 g),100 g,openfoodfacts,2
3046920021845,zartbitter,"Lindt, Lindt & Sprüngli",534.0,6.5,51.0,32.0,,100g,openfoodfacts,1
3046920028417,intense mint,Lindt,535.0,6.0,52.0,32.0,,100g,openfoodfacts,2
3046920047364,creation frappee menthe,Lindt,340.0,4.8,55.0,29.0,,150 g,openfoodfacts,3
3052910010218,cream irish monin syrup,Monin,325.0,0.0,80.400001525879,0.0,,,openfoodfacts,4
3052910015961,mint mojito sirop,Monin,282.0,0.0,70.0,0.0,,700ml,openfoodfacts,3
3052910018900,sirop spicy,Monin,328.0,0.0,80.0,0.0,,,openfoodfacts,2
3052910033125,fraise monin,Monin,338.0,0.7,83.2,0.0,,1L,openfoodfacts,2
3052911169380,bois des fraises sirop,Monin,328.0,0.0,81.3,0.0,,70 cL,openfoodfacts,4
3052911222474,brownie sirop,Monin,339.0,0.0,84.2,0.0,,70cl,openfoodfacts,2
3052911222535,pumpkin spice syrup,Monin,326.0,0.0,80.9,0.0,,,openfoodfacts,3
3052911556661,pumpkin spice,MONIN,327.0,0.0,81.2,0.0,5 ml,5 ml,openfoodfacts,2
3060921508488,cheddar fume,Les délices d'Amélie,417.0,25.0,0.5,35.0,,,openfoodfacts,2
3061432105562,coco de noix tarte,,372.0,5.8,38.0,21.0,,,openfoodfacts,4
3068111706225,au crepes mes sarrasin,Francine,337.0,10.5,67.4,1.8,19g,"2 sachets pour 20 crêpes, 440 g",openfoodfacts,4
3068111708229,a ma pate pizza,Francine,332.0,9.8,68.6,1.1,50g (une part non garnie),510 g,openfoodfacts,4
3068320080000,evian,BJORG,0.0,0.0,0.0,0.0,1g,1 l,openfoodfacts,1
3070050570201,brie,Marcilat PLAISIR de ROY,343.21223709369,17.0,0.0,31.0,100 g,200g,openfoodfacts,1
3073338111110,daifuku mochi,Oriental Delight,377.0,1.7,91.5,0.5,,268 g,openfoodfacts,2
3073419330324,brute cacao extra poudre,Barry,384.0,19.0,8.8,23.0,10 g,,openfoodfacts,4
3073781065923,cremeux tradition,"Bel, Maredsous",334.0,21.0,0.1,27.0,28,200 g,openfoodfacts,2
3073781103397,crunch dip,Kiri,285.714285714286,8.0,22.0,18.0,1 portion (35 g),280 g,openfoodfacts,2
3073781112535,cheese dippers,The Laughing Cow,257.142857142857,11.4285714285714,22.8571428571429,13.1428571428571,1 tub (35 g),4 x 35 g,openfoodfacts,2
3073781131888,kase kiri,Kiri,303.0,9.0,2.0,29.0,18g,144 g,openfoodfacts,2
3073781135879,dippi kiri,Kiri,287.0,8.0,22.0,18.0,,5x35g,openfoodfacts,2
3073781175172,tranchettes,La vaca que rie,196.0,13.5,5.0,13.5,,"7 lonchas. 131,25 g",openfoodfacts,1
3073781207842,croq pick,Vache Qui Rit,263.1,10.5,25.5,13.0,,,openfoodfacts,2
3076017392039,de pate piment,,344.0,1.8,6.3,0.0,,,openfoodfacts,3
3083680001663,branco conserva em feijao,Bonduelle,90.0,6.6,11.0,0.7,200 g,425 ml,openfoodfacts,4
3083680043151,bohnen kidney,Bonduelle,111.0,7.6,15.0,0.6,125g,125 g,openfoodfacts,2
3083681006964,chiches kikkererwten pois,Bonduelle,19.0302680471878,6.4,15.0,2.2,130 g,265 g,openfoodfacts,3
3083681023602,vorosbab,Bonduelle,94.4,7.2,11.4,0.8,130 g,340 g,openfoodfacts,1
3083681025484,crispy mais,Bonduelle,73.0,2.7,11.0,1.4,140 g,285 g,openfoodfacts,2
3083681052848,bio kichererbsen,Bonduelle,121.0,6.4,15.0,2.2,200 g,265 g,openfoodfacts,2
3083681152883,bohnen weie,Bonduelle,101.0,7.2,14.0,0.4,,160g,openfoodfacts,2
3083681153415,bio bohnen weie,Bonduelle,112.0,7.0,17.0,0.4,,250 g,openfoodfacts,3
3083681158021,erbsen mohrchen,Bonduelle,61.0,3.6,8.3,0.5,,130 g,openfoodfacts,2
3083681179026,mix quinoa wheatred,Bonduelle restauration,178.0,5.3,31.0,2.5,,800 g,openfoodfacts,3
3092718637002,citron de sirop,Teisseire,281.0,0.0,66.0,0.0,200ml,60 cl,openfoodfacts,3
3092718637514,de kiwi sirop,Teisseire,332.0,0.0,81.0,0.0,60 cl,,openfoodfacts,3
3092718638207,teisseire zero,Teisseire,24.0,0.0,3.5,0.0,,60 cl,openfoodfacts,2
3102870048599,menthe,,43.0,3.71,3.48,0.63,,,openfoodfacts,1
3103220009208,banans,Haribo,361.0,2.8,87.0,0.5,25 g,125 g,openfoodfacts,1
3103220035238,pik rainbow,Haribo,380.0,1.2,87.0,3.1,,,openfoodfacts,2
3103220035771,haribo pik,Haribo,352.0,6.0,80.0,0.5,25g,275 g,openfoodfacts,2
3103220036211,cherry happy,Haribo,332.0,6.6,75.0,0.5,25 g,220 g,openfoodfacts,2
3103220037201,miami pik,Haribo,342.0,0.8,81.0,1.3,,120 g,openfoodfacts,2
3103220045640,schtroumpfs,Haribo,332.0,6.6,75.0,0.5,100g,300 g,openfoodfacts,1
3103220047699,peaches,Haribo,354.0,4.0,83.0,0.5,,,openfoodfacts,1
3103220049266,pasteques,Haribo,339.0,3.6,83.0,0.5,,220g,openfoodfacts,1
3103224009389,croqui ice mao tea,Maoam,409.0,0.9,87.0,6.1,1 portion (30 g),200 g,openfoodfacts,4
3119073706096,tonic water,Kaskad,30.4,0.0,7.0,0.0,20 cl,20 cl,openfoodfacts,2
3123932502804,roquefort,,368.0,19.0,1.0,32.0,,,openfoodfacts,1
3144550005782,bearnaise sauce,,291.0,1.7,7.0,30.0,,,openfoodfacts,2
3147690089704,de oporto vino,Cruz,5.0,6.0,2.0,10.0,,0.75l,openfoodfacts,3
3155250001554,creme epaisse fraiche,Bridélice,169.0,2.5,6.0,15.0,,199 g,openfoodfacts,3
3155251205524,beurre doux tendre,Président,745.0,0.7,1.0,82.0,,250g,openfoodfacts,3
3161710000128,caprice des dieux,Caprice des Dieux,333.0,15.0,0.8,30.0,25 g,200 g,openfoodfacts,3
3161710001569,camoscio doro,"Camoscio d'Oro, Savencia",357.0,17.0,1.6,32.0,,200 g,openfoodfacts,2
3161712996146,brie petit,"Ile de France,Savencia",308.0,18.9,1.5,25.2,,125g,openfoodfacts,2
3165433714010,en poudre sucre,Daddy,400.0,0.0,100.0,0.0,,750 g,openfoodfacts,3
3173287404407,herisson petit,CEMOI,442.0,4.2,63.0,19.0,,,openfoodfacts,2
3173660032289,bio porc pur saucisse seche,,394.0,31.0,0.1,30.0,,,openfoodfacts,5
3175681015739,boisson cafe frappe hyperproteinee repas,Gerlinea,99.0,6.8,12.0,2.4,1 portion (236 g),,openfoodfacts,5
3175681248472,isotonic,,372.0,0.0,93.0,0.0,,,openfoodfacts,1
3175681286665,citron hydrate perform,Isostar,374.0,0.0,88.0,0.0,,,openfoodfacts,3
3175681288140,cranberry hydrate isostar perform,Isostar,385.0,0.0,94.0,0.0,3 scoops (40 g),,openfoodfacts,4
3175681306936,basquaise facon riz,SOY,112.0,6.0,13.0,3.2,,,openfoodfacts,3
3175681851849,noisette pomme,Gerblé,453.0,9.8,62.0,17.0,100g,230 g,openfoodfacts,2
3176582033327,camembert,Le Rustique,268.0,21.0,1.0,20.0,30 g,250 g,openfoodfacts,1
3178530423570,instant the,Sondey,449.0,8.4,73.0,13.0,,,openfoodfacts,2
3179142054725,coco de noix rapee,Vahiné,670.0,6.9,7.4,65.0,19g,115 g,openfoodfacts,4
3179142065608,crayon patissier vahine,Vahine,243.0,0.0,59.6,0.0,,25 grs,openfoodfacts,3
3184670024218,aop chaource,GERMAIN FROMAGERIE,270.0,17.0,1.0,22.0,,500 g,openfoodfacts,2
3191220051075,banana,Kbio,547.0,1.0,70.0,28.0,,200g,openfoodfacts,1
3217690063209,abricot passion sirop,Oasis,30.0,0.0,7.4,0.0,,,openfoodfacts,3
3218260004653,spataetze,,169.0,7.3,26.0,3.7,,,openfoodfacts,1
3222475588198,chasseur sauce,Casino,337.0,7.3,67.0,3.1,,25 g,openfoodfacts,2
3222476755667,pain rustique,"Casino,Terre & Saveurs",256.0,11.3,47.8,1.4,,700 g,openfoodfacts,2
3222476758170,poivre sauce vert,Casino,339.0,10.0,60.0,5.5,100 g,29 g,openfoodfacts,3
3222477364011,menthe noir,"Casino, Casino Bio",547.0,7.0999999046326,44.0,36.0,,100 g,openfoodfacts,2
3228021000114,cream fresh president,President,291.0,2.2999999523163,2.9000000953674,30.0,,,openfoodfacts,3
3228021000244,cheddar com president queijo,President,242.0,14.0,6.0,18.0,,120g,openfoodfacts,4
3228022000311,butter creamy president,President,745.0,0.7,1.0,82.0,10 g,100 g,openfoodfacts,3
3228022910023,beurre doux,PRÉSIDENT,740.0,0.7,1.0,82.0,1 serving (100 g),200gr,openfoodfacts,2
3228023020110,beurre president,President,745.0,0.7,1.0,82.0,,4 x 250 g,openfoodfacts,2
3228857000913,de mie nature pain,Harrys,266.0,7.0,48.0,4.3,25 g,650 g,openfoodfacts,4
3228857001378,brioche de moins sucre,Harry's,322.0,8.5,46.0,10.0,27 g (1 tranche),485 g,openfoodfacts,4
3229820797465,coco creme de,Kara,242.0,2.3,2.0,25.0,,,openfoodfacts,3
3229820802442,soyeux tofu,Bjorg,66.0,6.7,2.9,3.0,,300 g,openfoodfacts,2
3229820806150,coco cuisine curry facon,,171.0,1.2,1.0,18.0,,,openfoodfacts,4
3230890019753,de dinde hache,Maître Coq,117.0,17.0,2.6,4.1,100 g,,openfoodfacts,3
3230890051777,a cuisiner hache,Maître CoQ,114.244741873805,18.0,1.3,4.3,,,openfoodfacts,3
3245390233714,aop dambert fourme,"Carrefour, Reflets de France",340.0,20.0,2.0,28.0,,250 g,openfoodfacts,3
3245414510128,a chaud chevre dorer pret,Carrefour,319.0,14.0,13.0,23.0,50 g,100 g,openfoodfacts,5
3245415911672,de paupiette porc,,264.0,16.0,0.5,22.0,,,openfoodfacts,3
3250390001614,citron de jus,"Antartic, Intermarché, Paquito, paquito2",17.0,0.5,1.1,0.0005,,70 cl,openfoodfacts,3
3250390259701,cafe chicoree,Planteur des tropiques,377.0,8.3,81.0,0.7,100g,250 g,openfoodfacts,2
3250390502869,cricfies,,507.0,5.0,61.1,26.7,,60 g,openfoodfacts,1
3250391073634,de fond veau,Netto,313.0,6.2,62.0,3.9,5 g,110 g,openfoodfacts,3
3250391411429,aux noix printendre,Pâturages,261.0,6.0,3.0,25.0,20 g,125 g,openfoodfacts,3
3250391567058,amandes aux financiers,"Les Comtes de la Marche,Netto",447.2,7.6,51.0,23.0,25 g,200 g,openfoodfacts,3
3250392332679,beurre biscuits petit,Chabrior,110.0,2.0,19.0,2.8,,,openfoodfacts,3
3250392383862,choc crica,Chabrior,417.0,8.0,66.5,12.7,40g,400 g,openfoodfacts,2
3250392409524,amande boisson riz,Regain,67.4,0.7,11.0,2.2,200 ml,1000 ml,openfoodfacts,3
3250392743574,crackers mini,,473.0,19.0,43.9,22.4,,,openfoodfacts,2
3250392744250,chevre de des,Pâturages,357.0,21.7,0.5,30.0,,150 g,openfoodfacts,3
3250392868321,espresso forte,Planteur des tropiques,1.0,0.2,0.3,0.0,,114 g,openfoodfacts,2
3250393122705,boeuf hachee pur viande,Jean roze,211.0,19.0,0.0,15.0,100 g,400 g,openfoodfacts,4
3250393122736,entieres fraises,Paquito,37.0,0.6,7.6,0.1,45 g,450 g,openfoodfacts,2
3250393436390,buche mandarine yaourt,Les creations,209.1,2.8,32.0,7.5,55 g,440 g,openfoodfacts,3
3250393437960,haricot petit pois vert,Pommette,36.0,2.6,4.9,0.5,120 g,240 g,openfoodfacts,4
3250393467615,entremets foret noir,Sans marque,284.0,3.6,33.0,15.0,,190 g,openfoodfacts,3
3250393468063,banane de nectar,,49.0,0.5,12.0,0.5,,,openfoodfacts,3
3250393470523,amande biscuits cranberries framboise saveur,Intermarché,464.0,7.2,71.0,16.0,100g,,openfoodfacts,5
3250393470608,sauce yakitori,,205.0,3.5,47.0,0.5,,,openfoodfacts,2
3250393472596,pinsa,Chabrior,230.0,10.0,41.0,2.4,,230 g,openfoodfacts,1
3250393473128,au boisson menthe pasteque the,Netto,17.6,0.0,4.4,0.0,150 ml,2000 ml,openfoodfacts,5
3250393473418,abricot peche saveurs,Netto,24.4,0.0,6.1,0.0,150 ml,2000 ml,openfoodfacts,3
3250393585449,de dijon nonnettes,,340.0,4.6,76.0,1.7,,200 g,openfoodfacts,3
3250541021058,moutarde,Amora,100.0,6.0,5.0,7.0,10 g,5000 g,openfoodfacts,1
3251490481009,cerecof,Gerblé,7.0,0.1,1.7,0.0,100ml,125g,openfoodfacts,1
3254560010154,cuisine et patisserie,Auchan,631.0,0.5,0.5,70.0,10 g (Valeurs nutritionnelles moyennes pour 10 g (soit 1 portion)),0.5 kg,openfoodfacts,3
3254560045217,de dijon forte moutarde,Auchan,149.0,7.2,3.2,12.0,10 g (10 g),0.28 kg,openfoodfacts,4
3254560046429,nature puree,Auchan,76.0,2.5,14.0,0.7,220 g,0.5 kg,openfoodfacts,2
3254560082816,pizza pizzapero saveur,Auchan,523.0,9.8,54.0,29.0,17 g,0.085 kg,openfoodfacts,3
3254560217553,nem porc,Auchan,214.0,6.0,22.0,11.0,,280 g,openfoodfacts,2
3254560269446,petit suissenature,"Auchan, Auchan Production",132.0,9.0,3.4,9.2,120 g (120 g),0.72 kg,openfoodfacts,2
3254560321434,buche chevre de maure sainte,Auchan,291.0,20.0,1.0,23.0,25 g,200 g,openfoodfacts,5
3254560378063,porc pur saucisses seche superieure,Auchan,442.0,28.0,2.4,35.0,"25 g (1 portion, soit 5 tranches environ)",0.25 kg,openfoodfacts,5
3254560447615,a cur,Auchan,353.0,18.0,0.5,31.0,30 g (Valeurs nutritionnelles moyennes pour 1 portion de 30 g),0.2 kg,openfoodfacts,2
3254566570638,des pyrenees saucisson sec,"Auchan, Terroir",373.0,31.1,1.9,26.8,25 g. (3 rondelles),0.25 kg,openfoodfacts,4
3256220503570,pomme pruneaux,"U, U Saveurs",72.0,0.8,15.0,0.5,,625 g,openfoodfacts,2
3256220861670,ananas au dananas jus morceaux,U,56.0,0.5,13.0,0.5,,567 g,openfoodfacts,5
3256224221203,nature yaourt,super u,43.0,3.8,4.7,1.0,1 portion (125 g),1.5000 kg,openfoodfacts,2
3256226643645,de jus tomate,,17.0,0.7,3.0,0.5,,,openfoodfacts,3
3256227108327,crevettes cuites decortiquees nordiques,U,66.0,15.0,0.5,0.7,200 g,200 g,openfoodfacts,4
3256228433923,brandade de morue,U,135.0,5.6,10.0,7.8,,600 g,openfoodfacts,3
3256229019638,aux chips piments,U,503.0,7.7,52.0,28.0,,100 g,openfoodfacts,3
3256229080331,cassis confiture de,"U, U Bio",244.0,0.7,57.0,0.5,,370 g,openfoodfacts,3
3256229110113,beurre extra fins haricots,U,69.0,3.8,8.5,0.5,250 g,1 kg,openfoodfacts,4
3256229292635,de eau peche saveur source,"Super U, U",1.0,0.5,0.5,0.5,150 ml,1.5000 l,openfoodfacts,5
3256229864146,des hetres source,,0.0,0.0,0.0,0.0,,,openfoodfacts,3
3256540035119,brioche tranchee tressee,Brioche Pasquier,342.0,8.0,50.0,13.0,1 slice (45 g),500 g,openfoodfacts,3
3256549999870,briochettes,Pasquier,359.0,7.9,54.0,13.0,40,480 g,openfoodfacts,1
3256830009370,aux country herbes potatoes,McCain,145.0,2.5,20.0,5.0,,750 g,openfoodfacts,4
3256830010062,dauphine pommes,MC CAIN,286.0,3.5,26.0,16.0,,600 g e,openfoodfacts,2
3258561021096,cookies noisette,Belle France,524.0,6.8,57.1,29.1,,184g,openfoodfacts,2
3258561021140,biscuits cacao,Belle France,492.0,5.0999999046326,67.0,22.0,22g,154 g,openfoodfacts,2
3258561120553,riz thai,Belle france,354.0,6.7,80.0,0.4,,500 g,openfoodfacts,2
3258561138251,samourai sauce,Belle France,271.0,0.8,8.2,26.0,,340 g,openfoodfacts,2
3258561139814,cornichons extra fins,Belle France,15.0,1.2,0.6,0.5,,350 g (égoutté : 185 g),openfoodfacts,3
3258561140131,capres surfines,Belle France,11.0,1.0,1.0,0.3,,90 g,openfoodfacts,2
3258561140773,ketchups,Belle France,124.0,1.1,26.5,0.5,,340 g,openfoodfacts,1
3258561140995,crudites sauce,Belle France,299.47388125,0.231855,5.76491375,30.3805803125,,500 ml,openfoodfacts,2
3258561160658,noir poivre,Belle France,0.0,0.0,0.0,0.0,,,openfoodfacts,2
3258561202631,compote de pomme,"Belle France, Le Réflexe Bio",65.0,0.3,15.1,0.0,,360 g (4 x 90 g),openfoodfacts,3
3258561412023,au chorizo pizza,Belle France,186.9,8.3,24.1,5.9,200 g,400 g,openfoodfacts,3
3258561412054,au pizza thon,Belle France,186.0,9.9,23.2,5.4,,400 g,openfoodfacts,3
3258561419886,brebis de nature yaourt,belle France,67.0,5.5,4.4,3.0,125g,2x125g,openfoodfacts,4
3258561421223,cotta framboise panna,Belle France,239.0,2.9,24.9,12.9,,240 g (2 * 120 g),openfoodfacts,3
3258561429274,edam,Belle France,312.0,24.0,0.0,24.0,,200 g,openfoodfacts,1
3258561430911,mascarpone,Belle France,355.0,5.8,3.0,35.5,,250 g,openfoodfacts,1
3258561450292,chorizo doux,Belle France,445.0,19.5,3.1,38.9,,225 g,openfoodfacts,2
3258561450520,porc pur rosette,Belle France,334.0,29.0,2.9,23.1,,100 g,openfoodfacts,3
3258561450605,cru jambon,Belle France,244.0,30.3,0.2,13.6,,100 g,openfoodfacts,2
3258561462394,creme de foie,belle france,279.0,10.0,3.4,25.0,45.0g,,openfoodfacts,3
3258561470290,a pate pizza,Belle France,291.0,7.2,46.0,6.7,65 g,260 g e,openfoodfacts,3
3258563180401,douceur,Les Délices de Belle France,211.0,12.0,49.0,0.0,,25 cl,openfoodfacts,1
3258565070182,bonbons tendres,,383.0,0.5,87.0,4.0,,,openfoodfacts,2
3259010005063,fumees soycis,Soy,195.0,16.0,1.7,13.0,80 g,160 g,openfoodfacts,2
3260711090739,kuverture weie,Donckels,555.0,7.4,57.0,33.0,,200g,openfoodfacts,2
3261341004455,bio cafe intense,,396.6,14.4,40.2,15.4,500g,,openfoodfacts,3
3261830216062,stephan,,314.0,13.0,2.6,28.0,,180 g,openfoodfacts,1
3263292000395,bio crema,,1.0,0.2,0.3,0.0,,,openfoodfacts,2
3263670113815,sardines,Connétable,234.48275862069,24.0,0.0,12.0,87 g égoutté,115 g,openfoodfacts,1
3263670425901,entier thon,Connétable,108.0,25.0,0.0,0.89999997615814,,,openfoodfacts,2
3263850047114,bio citron de jus,Leader Price,29.4,0.4,6.1,0.29,,250 ml,openfoodfacts,4
3263850425660,crudites nature sauce,LeaderPrice,386.0,0.6,5.8,40.0,,,openfoodfacts,3
3263851129017,au poivre sauce vert,"Leader Price,DLP (Distribution Leader Price),Groupe Casino",350.0,9.7,59.4,7.1,,29 g (3/4 Pers.),openfoodfacts,4
3263852650213,trancetto,"Leader Price, Balconi",372.0,5.3,53.5,16.2,28g,10X28g,openfoodfacts,1
3263852924611,aux boudoirs frais ufs,Leader Price,387.0,7.1,82.0,3.0,,175 g,openfoodfacts,4
3263859370114,chevre doux pur,Leader Price,158.0,9.6,3.0,12.0,,150 g,openfoodfacts,3
3263859453428,mini saucissons secs,Le porc français,528.0,29.0,4.1,44.0,25 g,75 g,openfoodfacts,3
3264432349527,dhuitre sauce,,50.0,3.0,9.3,0.1,,280 g,openfoodfacts,2
3265470166077,quick sauce spicy supreme,,429.0,1.5,9.3,43.0,,,openfoodfacts,4
3265980310953,extra haches tendre,Tendre & Plus,215.0,18.0,1.3,15.0,,1 kg (10 x 100 g),openfoodfacts,3
3267616001068,bisque de homard soupe,Alain Martin,51.0,3.9,3.6,2.0,100.0g,780 g,openfoodfacts,4
3268350120572,framboise twibio,Le moulin du pivert,444.0,4.5,78.0,12.0,25 g,150 g 6 sachets de 1 biscuit,openfoodfacts,2
3270020003214,confiture de extra fraise provence,,256.0,0.5,62.0,0.3,,,openfoodfacts,5
3270160473441,croque mini monsieur,Picard,174.0,9.2,17.0,7.5,,240 g,openfoodfacts,3
3270160845033,berry choc,,386.0,4.6,34.0,25.0,,100g,openfoodfacts,2
3270160864171,kimbap,Picard,159.0,5.9,27.0,2.9,1 portion (200 g),200 g,openfoodfacts,1
3270160865765,tonyu udon,Picard,75.0,2.8,7.7,3.5,350g,350g,openfoodfacts,2
3270160894451,mini roses tacos,Picard,258.0,7.2,21.0,15.0,,120 g,openfoodfacts,3
3270160895069,fine inedite tarte,Picard,217.0,7.5,25.0,9.2,260 g,260 g,openfoodfacts,3
3270160896004,au bouchees homard,Picard,282.0,6.9,23.0,18.0,,,openfoodfacts,3
3270160897070,au focaccias mini thym,Picard,231.0,5.6,21.0,14.0,,140 g,openfoodfacts,4
3270160897087,mini quiches,Picard,296.0,8.7,27.0,17.0,100g,270 g,openfoodfacts,2
3270190021179,bio frais oeufs,"Carrefour BIO,Carrefour",140.0,13.0,0.5,9.8,50g,6 pcs,openfoodfacts,3
3270190149316,poire pomme,Carrefour,26.0,0.0,6.0,0.0,1 verre (200 ml) Cette bouteille contient 10 verres de 200 ml.,2 l,openfoodfacts,2
3270190199359,de des jambon,"Carrefour, Carrefour Classic",125.0,19.0,1.1,5.0,75 g,150 g (2 x 75 g),openfoodfacts,3
3271560000770,dambert fourme,Carrefour,340.0,20.0,2.0,28.0,100 g,,openfoodfacts,2
3272036009099,poire sirop,,319.0,0.5,78.1,0.5,,,openfoodfacts,2
3272550009728,saucisson sec,Porcdeshautspays,399.0,37.2,0.7,27.5,,200 grs,openfoodfacts,2
3273120015095,creme davoine,celnat,380.0,9.8,68.1,6.8,,250g,openfoodfacts,2
3273220083000,citron sojasun,Sojasun,77.0,3.7,11.0,2.0,100 g,400 g,openfoodfacts,2
3273221098775,chanvre noisette,SON,94.0,0.12,13.0,4.1,,150g,openfoodfacts,2
3274490970465,bio cerise fizz hibiscus,,30.0,0.1,7.5,0.1,,,openfoodfacts,4
3274935701302,tomatsuppe,Maison Georges,35.0,0.7,6.4,0.5,1000 g,,openfoodfacts,1
3275179196190,macarons,Marquis DE Sévigné,531.78776290631,5.8,53.0,33.0,1 piece (15 g),270 g,openfoodfacts,1
3275550007374,sriracha,,94.0,1.0,20.1,0.6,,,openfoodfacts,1
3275760002602,moutarde sauce siracha,,102.0,2.7,16.5,2.6,,,openfoodfacts,3
3276000693499,m wurzt,,468.5,15.0,49.0,22.0,,,openfoodfacts,2
3276558825007,cerises tomates,Carrefour,19.3,0.86,2.49,0.26,,300 g,openfoodfacts,2
3276558958361,carottes,,40.2,0.63,7.59,0.5,,,openfoodfacts,1
3276559998953,crakers,,432.0,11.0,68.0,12.0,,,openfoodfacts,1
3276650102211,pimentee samourai sauce,Samia,504.9672,1.366308,0.587407,55.09766,,350 ml,openfoodfacts,3
3277390000409,and apricot peach suckies,The Collective,66.6666666666667,4.0,6.66666666666667,2.55555555555556,1 pouch (90 g),100 g,openfoodfacts,4
3279231552016,de douceur riz,La fermière,196.0,1.9,16.0,14.0,,,openfoodfacts,3
3280220872015,baby carottes,Florette,38.0,1.0,6.5,0.0,,250 g,openfoodfacts,2
3280960080039,saucisse seche,,404.0,31.0,2.6,30.0,,250 g,openfoodfacts,2
3281780065008,jambon ma piemontaise,Pierre Martinet,127.0,3.7,7.9,11.0,300 g,300 g,openfoodfacts,3
3286790110236,amandes aux macaron,Astruc,476.0,14.0,48.0,27.0,,1000g,openfoodfacts,3
3287360772281,croute en pate,,272.0,12.0,16.0,17.0,,,openfoodfacts,3
3289196100641,jus pomme pressees pus,Jardin Bio,40.0,0.0,10.0,0.0,,,openfoodfacts,4
3291330008119,caraibe douceur,,82.0,4.3,13.0,0.8,,125 g,openfoodfacts,2
3291330008201,brasse nature yaourt,,108.0,4.9,5.6,6.9,,,openfoodfacts,3
3292090000030,fanta fraise kiwi saveur,,42.0,0.0,10.1,0.0,,,openfoodfacts,4
3297566901378,exotique,,35.0,0.0,8.7,0.0,,,openfoodfacts,1
3297760097174,cerises pomme,Charles & Alice,61.4,0.5,12.8,0.6,,4x 100 g,openfoodfacts,2
3301594003185,compote dabricots,,106.0,0.8,25.0,0.0,,,openfoodfacts,2
3302762203499,sauce thon tomate,,161.0,8.5,4.3,12.0,,,openfoodfacts,3
3307901030080,daffinois pave,"Fromagerie Guilloteau,Pavé d'Affinois",257.0,16.0,1.0,21.0,30 g,150 g,openfoodfacts,2
3322693001308,azuki haricots,Monbio,275.0,21.5,28.4,0.8,,500 g,openfoodfacts,2
3324976125015,fermier nature yaourt,Laitière De La Motte,70.0,4.5,5.0,3.6,,500 g (4 x 125 g),openfoodfacts,3
3327272108096,choco peanut,menguy's,607.0,19.0,32.5,46.0,100 g,430 g,openfoodfacts,2
3327750002557,de porc terrine,,334.0,14.8,4.8,28.4,,,openfoodfacts,3
3328880146135,noir piment poivrons tapenade,,260.0,1.6,3.4,26.7,,,openfoodfacts,4
3329151013835,chairpattes crabe,Nautilus,59.0,12.0,1.5,0.6,,800 g,openfoodfacts,2
3329488115004,de quinoa trio,Markal,381.0,14.0,64.0,6.0,,500 g,openfoodfacts,3
3329489901613,bio concassees tomate,Markal,23.0,1.0,3.3,0.0,,400 g,openfoodfacts,3
3329770058521,de fraise panier,Yoplait,93.0,3.2,13.1,2.6,125 g,500 g (4 x 125 g),openfoodfacts,3
3329770062467,frubes,yoplair,91.0,3.7,12.0,2.7,,9×39g,openfoodfacts,1
3329770063273,a aromatise boire sucre yaourt,YoplaitYop,65.0,3.0,10.4,0.8,150g,825 g,openfoodfacts,5
3329770082403,creme entiere fraiche,Yoplait,295.0,2.3,2.8,30.0,,190 g,openfoodfacts,3
3329770086197,abricot cerise fraise peche yaourts,Yoplait,90.0,3.3,13.1,2.3,,2 kg (4 x (4 x 125 g)),openfoodfacts,5
3330410003306,edam en tranches,Les Fromagers de Saint-Omer,320.0,25.0,1.0,24.0,,200 g,openfoodfacts,3
3330720217455,bio fraise,,178.0,0.5,45.0,0.5,,,openfoodfacts,2
3330720649010,du duo terroir,,249.0,17.0,0.9,20.0,,,openfoodfacts,3
3332621032083,camenbert de normandie,Le Fermier,279.0,20.0,0.2,22.0,250g,250 g,openfoodfacts,3
3332621045205,aop camembert de normandie,Réo,284.0,20.4,1.0,21.9,,250 g,openfoodfacts,4
3337040002280,bio crepes nad ty,Bertel,243.0,7.0,45.5,3.3,,100 g,openfoodfacts,4
3337730909424,aperitif coffret,,295.0,2.7000000476837,8.0,29.700000762939,,,openfoodfacts,2
3338310001521,de pommes rapes terre,Maison Tino,147.272727272727,4.1,19.0,7.1,110 g,4 x 110g,openfoodfacts,4
3338310002405,pasta tartufata,Maison Tino,178.0,5.6,21.0,7.3,325 g,325 g,openfoodfacts,2
3343929326002,chips de sarrazin,Le Floch,400.0,13.6,74.1,5.5,,100 g,openfoodfacts,3
3345100102535,au pate piment superieur,,289.0,16.9,2.9,23.4,,,openfoodfacts,4
3346650275304,de joue porc,,161.8,19.0,0.5,8.5,,,openfoodfacts,3
3347430018630,cacao noisette puree,Moulin des Moines,628.0,14.9,10.5,55.9,,200 g,openfoodfacts,3
3347430021678,decortiquees noisettes,Moulin de Moines,647.0,15.0,11.0,60.0,,,openfoodfacts,2
3350030219291,boeuf carpaccio pur,Monoprix,195.0,17.6,0.0,13.7,1 serving (100 g),200 g,openfoodfacts,3
3350034047289,piquant thon,,278.0,8.0,3.7,25.0,,120 g,openfoodfacts,2
3352260302408,hey rose you,Hey you,73.2,0.72,15.7,0.16,,,openfoodfacts,3
3352392000142,tapenade verte,,228.0,2.1,1.5,23.0,,,openfoodfacts,2
3352530547669,chicken katsu,Mac Mac,251.0,12.3,14.0,15.9,1 portion (100 g),,openfoodfacts,2
3355200791300,bio fume saumon,Compagnie du Saumon,204.0,22.0,0.5,13.0,,80 g,openfoodfacts,3
3362530004086,confiture,Val de Sournia,200.0,0.5,45.0,0.4,,,openfoodfacts,1
3366760042191,assortiments vapeurs,Agis,153.0,3.9,24.0,4.3,,240 g,openfoodfacts,2
3375610001868,skyr vache,,62.0,10.0,4.3,0.5,,,openfoodfacts,2
3375610002346,nature skyr soja,Les Prés d'Ariège,63.0,6.5,1.6,3.4,,400g,openfoodfacts,3
3376370112955,au sirop tiramisu,Vedrenne,0.0,0.0,11.0,0.0,,,openfoodfacts,3
3377440001629,forestiere terrine,,323.0,15.5,1.59,28.2,,,openfoodfacts,2
3380380055027,nerone riz,Primeal,347.0,9.6,68.8,2.8,,500 g,openfoodfacts,2
3380380057953,bio buchweizen knusperbrot,"Blumenbrot, Le Pain des Fleurs",388.0,13.0,75.0,2.7,,150g,openfoodfacts,3
3380380078033,avena con crujiente pan,Le pain des fleurs,383.0,8.3,76.2,3.7,,,openfoodfacts,4
3380380113833,nems sauce,,142.0,0.0,35.0,0.0,,,openfoodfacts,2
3385570077247,jambon sec,Charcuterie Serres,222.0,27.5,0.4,12.4,,100 g,openfoodfacts,2
3386030007507,aux crevettes nem,Merveille d'Asie,223.0,7.3,21.0,12.0,30 g,,openfoodfacts,3
3389382040031,de pommes terre,,76.4,1.88,15.9,0.3,,,openfoodfacts,3
3392590205659,brotchen schoko,Knack & Back,373.913043478261,6.52173913043478,41.304347826087,18.9130434782609,46 g,6pcs,openfoodfacts,2
3395503045885,fizzy sweet,,265.0,0.0,66.0,0.0,,,openfoodfacts,2
3413880004049,arabica cafe pur,Artisans du Monde,0.0,0.0,0.0,0.0,,250 g,openfoodfacts,3
3415171040200,decafeine,,1.0,0.2,0.0,0.0,,,openfoodfacts,1
3415581176025,cheesecake cream ice strawberry,Häagen-Dazs,253.0,3.6,28.8,13.6,87 g,400 g,openfoodfacts,4
3418659107822,ananas mix papayes,Meyva,342.0,0.0,85.0,0.0,,200 g,openfoodfacts,3
3418916001252,au cumin munster,,322.0,19.3,0.5,27.0,,,openfoodfacts,3
3421331314005,croqcraq,,652.0,34.0,0.9,57.0,,,openfoodfacts,1
3421371524181,bio fantaisies truffes,Chevaliers d'Argouges,624.0,6.9,35.0,49.0,,160 g,openfoodfacts,3
3425471317032,crem de marron,,266.0,1.4,62.0,0.8,,350 g,openfoodfacts,3
3428883606701,bio menthe poivree,Herbesan,1.0,0.1,0.0,0.0,,,openfoodfacts,3
3435079016329,biscuit rose,Fossier,403.0,7.6,83.0,4.1,,300 g,openfoodfacts,2
3435079024218,framboises pepites,,71.0,6.5,71.0,16.0,,,openfoodfacts,2
3435649871259,erbsen mit mohren,K-Classic,55.0,35.0,64.0,0.0,,400g,openfoodfacts,3
3435760953100,derwan oeufs,Les œufs d Erwan,140.0,12.7,0.27,9.83,,10 pcs,openfoodfacts,2
3436598138943,de poitrine veau,Oriental Viandes,133.0,16.0,0.7,7.4,,300 g,openfoodfacts,3
3437340081944,abricot de jus peche pomme,,48.0,0.0,11.0,0.0,,,openfoodfacts,5
3439495408966,citronade,,23.0,0.5,5.6,0.0,,,openfoodfacts,1
3439495901788,chabichou du poitou,La Maison du Fromage,292.0,18.0,1.0,24.0,,150 g,openfoodfacts,3
3439496304694,chorizo extra fort porc pur,Rochambeau,469.0,26.0,0.9,40.0,,200 g,openfoodfacts,5
3439496623115,premium tarama,Metro Chef,505.0,8.6,2.7,51.0,,500 g,openfoodfacts,2
3447870001084,citron jus pomme pur,les vergers de la manse,42.0,0.5,9.1,0.5,200g,1 l,openfoodfacts,4
3449865241116,juste saucisse seche superieure,"Juste Sèche, Justin Bridou",445.0,26.0,2.0,37.0,100 g,275 g,openfoodfacts,4
3449865264429,assiette charcuterie de,Gaul,129.0,23.0,1.3,3.5,,250 g,openfoodfacts,3
3449865373077,aoste jambon sec superieur,,249.0,30.0,0.8,14.0,100.0g,,openfoodfacts,4
3450970060752,croissants jambon,Eco+,339.0,8.8,36.0,17.0,,280g,openfoodfacts,2
3454840007243,bio fraise mixe,YOgourmand,87.0,3.6,11.6,3.0,100g,400 g,openfoodfacts,3
3455542017127,brown cakes quinoa rice with,Ceres Organics,361.16422344,7.22222222222222,74.4444444444444,3.88888888888889,2.5 piece (18 g),,openfoodfacts,5
3456580050145,normande tarte,"Tartefrais, Hafner",279.0,4.2,40.0,11.0,1 part 91 g,550 g,openfoodfacts,2
3456770005986,cafe creme dessert saveur,,108.0,2.5,16.0,3.8,,4 x 125 g,openfoodfacts,4
3458881301643,bio crevettes decortiquees,Oso,582.0,20.0,16.0,6.0,,2 x 200 g,openfoodfacts,3
3459860005729,de dinde jambon,Isla Mondial,97.0,14.9,2.1,3.2,100.0g,120 g,openfoodfacts,3
3460875550708,doryaki,,285.0,5.1,64.0,0.5,,,openfoodfacts,1
3466250000448,pave porc pur,,395.0,30.0,3.4,29.0,,,openfoodfacts,3
3480341002685,aperifrais batouta bn provence tartare,"Ile de France, Savencia",328.0,8.8,3.2,32.0,25 g,100g (20*5g),openfoodfacts,5
3483000480787,ardennais croute en pate,,270.0,15.3,15.2,16.0,,230 g,openfoodfacts,4
3483981902179,cafe decafeine honduras,,1.0,0.2,0.0,0.0,,,openfoodfacts,3
3487400006325,basmati bodenkiste reis,"BEN’S ORIGINAL Express-Reis, Ben's Original, Uncle Ben:s, Uncle Bens REIS, 01.05.2024",142.0,3.1,29.0,1.6,1 Portion (110 g),220g,openfoodfacts,3
3487400006363,mascarpone mit reis,"Ben's Original,Mars,Oncle BENS Reis",182.0,4.0,29.0,5.0,110 g,220g,openfoodfacts,3
3487400006387,bisi express reis risi,Ben's Original,151.0,3.3,29.0,2.2,110 g,220g,openfoodfacts,4
3487400006400,basmati,Bens Original Reis,171.0,3.4,35.0,2.0,,220g,openfoodfacts,1
3490941708931,cacahuetes crackys,Menguy's,467.0,13.0,59.0,19.0,,270gr,openfoodfacts,2
3497917004141,bier cheddar chips,Brets,527.0,6.4,51.0,32.0,30 g,,openfoodfacts,3
3502490259397,de dente france pruneaux,Domino,232.0,1.6,55.0,0.5,,1 kg,openfoodfacts,4
3520833340069,en jambon serrano tranches,,243.0,29.0,0.5,14.0,100.0g,,openfoodfacts,4
3520836130148,citron de jus pur,PHILIA,29.4,0.4,6.1,0.29,,25 cl,openfoodfacts,4
3521041211028,crabe rape saveur,,123.0,6.7,13.0,4.9,,,openfoodfacts,3
3523230034340,chauds chevres,Soignon,324.0,16.0,13.0,23.0,25g,4x100g,openfoodfacts,2
3523230038997,buchettte chevre past,Soignon,291.0,20.0,1.0,23.0,,180 g,openfoodfacts,3
3523230046404,chaud chevre,Soignon,324.0,16.0,13.0,23.0,,100 g,openfoodfacts,2
3523680459496,beurre citron sauce,Carrefour,229.0,0.5,0.5,25.0,,100 g,openfoodfacts,3
3523680502109,iconic menu,Sushi Daily,180.0,7.1,21.0,7.3,,399 g,openfoodfacts,2
3528780140022,citron de jus vert,Le Citronnier,40.19397,1.1298305,3.139529,0.1499775,,200 ml,openfoodfacts,4
3530180002541,kapnor pain,kapnor,263.0,12.4,32.2,8.1,50g,,openfoodfacts,2
3542861350155,aop dor mont,Fromageries Arnaud,303.0,18.0,0.0,25.0,,,openfoodfacts,3
3554983011449,jamon serrano,,208.0,24.0,1.0,12.0,,500 g,openfoodfacts,2
3560070028054,duchesse pommes,"Carrefour,Carrefour Extra",215.0,2.1,26.0,11.0,125 g,600 g,openfoodfacts,2
3560070128778,dautrefois puree saveur,Carrefour Original,76.5217391304348,2.52173913043478,13.0434782608696,1.30434782608696,230g,500 g (4 x 125 g),openfoodfacts,3
3560070323036,extra fins haricots verts,Carrefour Classic,28.0,1.7,3.0,0.5,110 g,400 g,openfoodfacts,4
3560070335060,entieres tomates,"Carrefour, Produits Blancs",19.0,1.1,3.0,0.0,,400 g,openfoodfacts,2
3560070345519,cassis framboise pomme,Carrefour,23.0,0.0,5.5,0.0,1 verre (200 ml) Cette bouteille contient 10 verres de 200 ml.,2 l,openfoodfacts,3
3560070393763,crevettes petites roses,Carrefour,65.0,13.0,0.0,0.7,,125 g,openfoodfacts,3
3560070543816,de francfort saucisse,Carrefour,285.0,12.0,1.0,26.0,,220 g,openfoodfacts,3
3560070601127,peche pomme,"Carrefour, Carrefour baby",53.0,0.01,12.0,0.0,,4 x 100 g,openfoodfacts,2
3560070621712,buf de sechee viande,Carrefour,187.0,36.0,0.5,4.5,38 g,80 g,openfoodfacts,4
3560070751488,kebab sauce,CRF,275.0,1.0,9.5,26.0,15 g,340 g,openfoodfacts,2
3560070807963,framboise parfum yab,Carrefour,60.0,2.8,10.0,0.8,170 g,825 g,openfoodfacts,3
3560070880973,de naranja nectar,Carrefour,30.0,0.5,7.2,0.0,,1 l,openfoodfacts,3
3560070894444,cerise de sirop,,24.0,0.0,6.0,0.0,,,openfoodfacts,3
3560070939022,crakeo,"Carrefour Sensation, Carrefour",492.0,5.9,66.0,22.0,22 g (2 biscuits),154 g,openfoodfacts,1
3560070959716,brisee pate,Carrefour,347.0,7.0,45.0,15.0,38 g,230 g,openfoodfacts,2
3560070964253,aux poivres pour preparation sauce,"Carrefour,En Cuisine,Promocash",359.0,6.9,65.0,7.0,,800 g,openfoodfacts,5
3560071000035,de morceaux thon,Simpl,102.0,24.0,0.5,0.7,130 g,130 g,openfoodfacts,3
3560071003661,empanada masa para,Carrefour,385.0,5.8,44.0,19.0,,280 g,openfoodfacts,3
3560071009854,assortiment charcuteries de,"Carrefour, En Cuisine, Interdis, Promocash",207.0,31.0,0.5,9.0,,400 g,openfoodfacts,3
3560071083991,cajou de noix,Carrefour,615.0,19.0,21.0,49.0,,125 g,openfoodfacts,3
3560071085674,aop di parma prosciutto,Carrefour,258.0,28.0,0.5,16.0,,70 g,openfoodfacts,4
3560071094034,citron sirop,Carrefour,254.2205,0.108,69.7605,0.0783,,1 L,openfoodfacts,2
3560071096090,bizcocho con fruta,Carrefour,386.0,4.7,57.0,15.0,25 g,300 g,openfoodfacts,3
3560071096489,empanadas,Carrefour,329.0,10.0,30.0,18.0,,300 g,openfoodfacts,1
3560071099213,creme entiere epaisse semi,Carrefour,298.0,2.0,5.0,30.0,20g,20 cl x 3,openfoodfacts,4
3560071181598,americaine sauce,Crf,497.0,1.4,11.0,50.0,,350 g,openfoodfacts,2
3560071183844,boeuf cheddar crousty pizz,Carrefour,243.0,11.0,30.0,8.2,132g,530 g,openfoodfacts,4
3560071197124,de foie morue,Carrefour,576.0,4.9,1.8,61.0,,121 g,openfoodfacts,3
3560071239626,houmous,"Carrefour BIO, Carrefour",313.0,6.2,9.2,27.0,,180 g,openfoodfacts,1
3560071252052,chorizo fort,Carrefour,497.0,20.0,2.9,45.0,,225 g,openfoodfacts,2
3560071252212,bacon mimosa uf,Carrefour,241.0,11.0,32.0,7.5,,130 g,openfoodfacts,3
3560071262457,de farine sarrasin,"Carrefour BIO, Carrefour",373.0,13.0,70.0,3.5,,1 kg,openfoodfacts,3
3560071268992,du pacifique rose saumon,Carrefour,101.0,21.0,0.0,1.9,,160 g (112g net égoutté),openfoodfacts,4
3560071273958,tomate triturado,Carrefour,20.0,0.9,3.4,0.0,,390 g,openfoodfacts,2
3560071283933,carotte et panais saumon,Carrefour,64.0,2.5,7.7,2.3,,400 g,openfoodfacts,4
3560071284213,carottepanaispatate dinde douce et,Carrefour,71.0,3.3,8.6,2.2,,230 g,openfoodfacts,4
3560071284398,carottes et pates,Carrefour,184.0,7.0,30.0,3.0,,260 g,openfoodfacts,3
3560071360702,fourres,Carrefour,449.0,5.7,74.0,14.0,,500 g,openfoodfacts,1
3560071370039,doux mais,"Carrefour BIO,Carrefour",77.0,2.4,13.0,1.2,1 portion (100 g),3X 150 g (140 g égoutté),openfoodfacts,2
3560071379742,haricot verts,Carrefour,24.0,1.6,2.4,0.5,,200 g,openfoodfacts,2
3560071411817,morceaux petits sucre,Carrefour,400.0,0.0,100.0,0.0,,1 kg,openfoodfacts,3
3560071413170,knacks porc pur,Carrefour,259.0,11.0,1.5,23.0,,,openfoodfacts,3
3560071446543,a cacher oeufs,Carrefour,547.0,7.5,54.0,33.0,,100 g,openfoodfacts,3
3560071450120,fresh tonic,Carrefour,19.0,0.0,4.4,0.0,,198 cl (6 x 33 cl),openfoodfacts,2
3560071463199,sensation,Carrefour,70.0,6.2,11.0,0.0,,150 ml,openfoodfacts,1
3560071475604,surimi,"CARREFOUR CLASSIC', Carrefour",120.0,8.2,9.5,5.5,1.0 portion (17.0 g),400 g,openfoodfacts,1
3560071481414,abricots demi fruits,Carrefour,63.0,0.0,15.0,0.0,,410 g,openfoodfacts,3
3560071484989,peches,Carrefour,59.0,0.600000023841858,13.0,0.5,140.0g,230 ml,openfoodfacts,1
3560071500153,arachides coque en,"Carrefour,Simpl",636.0,25.0,13.0,52.0,,1 kg,openfoodfacts,3
3560071501785,confiture dananas,Carrefour,247.0,0.0,61.0,0.0,,370 g,openfoodfacts,2
3560071509309,saveur the vert,Carrefour,14.0,0.0,3.5,0.0,,"1,5 l",openfoodfacts,3
3560071530426,beurre cacahuetes de pur,Carrefour,654.0,25.0,8.9,56.0,,350 g,openfoodfacts,4
3560071532284,iced tea,Carrefour,8.0,0.0,2.1,8.4e-06,,1 l,openfoodfacts,2
3560071534028,framboise iced saveur tea,Carrefour,8.0,0.00119,1.9,0.0008084,,"1,5 l",openfoodfacts,4
3560071566234,brownie pocket,Carrefour,458.0,4.8,50.0,28.0,,240 g,openfoodfacts,2
3560071575694,cappuccino nature,Carrefour,36.0,1.3,6.2,0.5,,,openfoodfacts,2
3560071575908,ananas raisin,Carrefour,59.0,0.485,14.0,0.205,,20 cl,openfoodfacts,2
3560071585105,amandes croquant noisettes quinoa,Carrefour,216.0,7.2,20.0,11.0,,220 g,openfoodfacts,4
3560071590833,de esprit fete,Carrefour,534.0,5.1,59.0,31.0,,90 g,openfoodfacts,3
3560071592080,maasdam,Carrefour,347.0,26.0,0.0,27.0,,,openfoodfacts,1
3560071593360,chevre rape,Carrefour,376.0,23.0,1.7,31.0,,,openfoodfacts,2
3560071593698,concombre navette sandwich thon,Carrefour,288.0,8.7,27.0,15.0,,85 g,openfoodfacts,4
3560071593728,beurre jambon navette sandwich,Carrefour,264.0,12.0,29.0,11.0,,85 g,openfoodfacts,4
3560071597566,moussaka,Carrefour,119.0,4.1,5.9,8.5,,850 g,openfoodfacts,1
3564700006252,noisettes pommes,"Marque Repère, Pom' lisse, Pom'Lisse",160.0,2.5,27.0,7.6,150 g,1 kg,openfoodfacts,2
3564700081891,choco,,544.0,7.2,59.0,31.0,,,openfoodfacts,1
3564700565384,brasses yaourts,"Délisse, Marque Repère",99.0,3.6,15.0,2.7,125 g,8 x 125 g,openfoodfacts,2
3564700839546,aux brasse fruits mixes yaourt,"Délisse, Marque Repère",88.0,3.0,14.0,2.0,125 g,4 x 125 g,openfoodfacts,5
3564706504653,tonic,"Marque Repère, Sprink's",31.0,0.5,7.8,0.5,33 g,6 x 33 cl,openfoodfacts,1
3564706599703,carotte conserve en,"Notre Jardin,Marque Repère",20.0,0.6,3.4,0.5,100g,130g,openfoodfacts,3
3564706618848,pistaches,"Marque Repère, Tokapi",643.0,21.0,16.0,54.0,,125,openfoodfacts,1
3564706700697,bayonne de jambon,"Saint Azay,Marque Repère",252.0,32.0,0.9,13.0,,150 g,openfoodfacts,3
3564706774537,tropic,X-tense,23.90057361,0.0,5.4,0.0,500 ml,,openfoodfacts,1
3564706803565,nectarine peche tense x,,2.0,0.13,0.5,0.5,,,openfoodfacts,4
3564706804951,bisous,,345.0,6.2,79.0,0.5,,,openfoodfacts,1
3564706840072,biscuit the,,450.0,7.1,73.0,14.0,,,openfoodfacts,2
3565270003764,cakes raisin rhum,,373.0,4.9,58.0,13.0,,700 g,openfoodfacts,3
3565430004228,fermier yaourt,,62.0,3.3,3.2,4.0,125,2 x 125 g,openfoodfacts,2
3569160286039,tir,,467.0,11.0,63.0,18.0,,,openfoodfacts,1
3569880001813,raisin sec,,292.0,2.65,68.4,0.51,,350 g,openfoodfacts,2
3574300033640,crevettes decortiquees,,95.0,22.0,0.5,0.5,,,openfoodfacts,2
3579074961243,brasse caresse fraise yaourt,YOPLAIT,106.1,5.2,13.1,3.2,,4,openfoodfacts,4
3580281223109,dattes,,329.0,2.4,75.0,0.4,,,openfoodfacts,1
3580281223376,sahra,,329.0,2.4,75.0,0.5,,,openfoodfacts,1
3582730000583,makrout,,416.0,4.8,56.0,18.0,,,openfoodfacts,1
3583787133842,cookies cream protein whey,DECATHLON,367.272147864882,70.0,14.0,3.7,2 Scoop,450 g,openfoodfacts,4
3583787458679,fraise protein whey,Decathlon,110.0,21.0,5.4,1.1,1 portion (30 g),900 g,openfoodfacts,3
3585810082844,aquarosa the,Kusmi Tea,1.0,0.1,0.2,0.0,,100g,openfoodfacts,2
3585810108643,infusion menthe verveine,Kusmi Tea,1.0,0.1,0.0,0.0,,,openfoodfacts,3
3595279001133,boeuf hache,,209.0,20.0,0.5,14.0,,,openfoodfacts,2
3595279001140,buf de hache,,130.0,22.0,0.5,4.6,,,openfoodfacts,3
3596710003976,de fumet poisson,Auchan,292.0,13.0,52.0,2.6,,0.09 kg,openfoodfacts,3
3596710021741,rocamadour,"Auchan, Auchan Gourmet, Mmm!, Terroir",290.0,18.0,0.5,24.0,35 g (Valeurs nutritionnelles moyennes pour 35 g (1 rocamadour)),0.105 kg,openfoodfacts,1
3596710082919,nature toasts,Auchan,293.0,7.2,51.0,6.2,16 g (2 toasts),0.28 kg,openfoodfacts,2
3596710131877,assortiment coffret,"Pouce, pouce Auchan",468.0,12.0,63.0,17.0,,0.1 kg,openfoodfacts,2
3596710211821,depices fondant pain,Auchan,306.0,2.9,70.0,0.7,21 g (1 tranche),0.55 kg,openfoodfacts,3
3596710216369,fruite maasdam,Auchan,352.0,27.0,0.5,27.0,30 g (Valeurs nutritionnelles moyennes pour 1 portion de 30 g),0.33 kg,openfoodfacts,2
3596710256150,mache,Auchan,26.0,2.1,2.2,0.5,40 g (40 g),0.125 kg,openfoodfacts,1
3596710256167,format mache maxi,Auchan,27.0,2.2,1.8,0.5,40 g,0.2 kg,openfoodfacts,3
3596710275007,aux poireaux tarte,Auchan,201.0,5.6,22.0,9.9,100 g,0.4 kg,openfoodfacts,3
3596710284436,frites sauce,Auchan,277.0,0.5,13.0,25.0,,0.35 kg,openfoodfacts,2
3596710295616,basmati express nature riz,Auchan,159.0,3.8,31.0,2.0,125 g,0.25 kg,openfoodfacts,4
3596710319701,aop feta,Auchan,283.0,15.0,0.8,24.0,25 g (Valeurs nutritionnelles moyennes pour 1 portion de 25 g),0.2 kg,openfoodfacts,2
3596710320820,au beurre sprits,Auchan,527.0,5.3,58.0,30.0,20.8 g (1 biscuit),0.25 kg,openfoodfacts,3
3596710329182,cafe et mascarpone sauce tiramisu,Auchan,257.0,4.4,31.0,11.0,80 g (80 g soit 1 pot),0.32 kg,openfoodfacts,5
3596710332953,natures pancakes,Auchan,346.0,7.1,50.0,13.0,40 g (2 pancakes),0.36 kg,openfoodfacts,2
3596710333011,broyes du poitou,"Auchan, Auchan Gourmet, MMM!, Terroir",516.0,6.0,63.0,27.0,18.5 g (Valeurs nutritionnelles pour 1 biscuit (environ 18.5 g)),0.28 kg,openfoodfacts,3
3596710333363,chaource,"Auchan, Produit de terroir, Terroir",268.0,17.0,0.5,22.0,31 g (Valeurs nutritionnelles moyennes pour 1 portion de 31 g),0.25 kg,openfoodfacts,1
3596710333387,beaufort,"Auchan, Terroir",412.0,26.0,0.5,34.0,20 g (Valeurs nutritionnelles moyennes pour 20 g (1 portion)),0.22 kg,openfoodfacts,1
3596710333813,epoisses,"Auchan, Auchan Gourmet, Terroir",285.0,17.0,0.5,24.0,30 g (Valeurs nutritionnelles moyennes pour 1 portion de 30 g),0.25 kg,openfoodfacts,1
3596710336302,dasiesauce mam nuoc recette,Auchan,101.84345,1.16413,24.092265,0.004075,,0.1 l,openfoodfacts,4
3596710337545,biobuche chevre de,"Auchan, Auchan Bio",265.0,19.0,0.5,21.0,30 g (Valeurs nutritionnelles moyennes pour 30 g),0.15 kg,openfoodfacts,3
3596710338528,bio jeunes pousses,"Auchan, Auchan Bio",17.0,2.1,0.5,0.5,40g,0.1 kg,openfoodfacts,3
3596710350216,bio rosette tranchee,"Auchan, Auchan Bio",277.0,30.0,0.1,17.0,,0.08 kg,openfoodfacts,3
3596710355914,auchan nature,Auchan,540.0,5.9,50.0,34.0,30 g (30 g),0.2 kg,openfoodfacts,2
3596710355969,auchan bio chips nature,"Auchan, Auchan Bio",542.0,4.8,49.0,35.0,30 g (30 g),0.125 kg,openfoodfacts,4
3596710356546,sechees tomates,"Auchan, Auchan Bio",173.0,8.8,25.0,1.6,,0.1 kg,openfoodfacts,2
3596710365463,des pyrenees tomme,Auchan,360.0,22.0,0.5,30.0,20 g (Valeurs nutritionnelles moyennes pour 20 g),0.2 kg,openfoodfacts,3
3596710382538,bresse creme de epaisse,"Auchan, Auchan Gourmet, Mmm!, Terroir",319.0,2.4,3.0,33.0,20 g (valeurs nutritionnelles moyennes pour 1 portion de 20 g),0.4 l,openfoodfacts,4
3596710383467,chorizos fort ptit,Auchan,526.0,25.0,5.1,45.0,"25 g (1 portion, soit 4 p'tit chorizo environ)",0.075 kg,openfoodfacts,3
3596710388769,framboises tarte,Auchan,264.0,3.3,43.0,8.2,78 g (78 g soit 1 part),0.47 kg,openfoodfacts,2
3596710391684,demorbier tranches,"Auchan, L'Oiseau",357.0,23.0,1.0,29.0,,0.2 kg,openfoodfacts,2
3596710394678,coeurs dartichauts,Auchan,26.0,1.4,4.0,0.5,,0.24 kg,openfoodfacts,2
3596710395095,branches en epinards,Auchan,27.0,2.7,1.9,0.5,130 g (130 g),0.265 kg,openfoodfacts,3
3596710396108,sardines sauce tomate,Auchan,170.0,18.0,1.6,10.0,,0.088 kg,openfoodfacts,3
3596710396139,citron marinade sardines,Auchan,158.0,22.0,1.2,7.2,"47,5 g",0.095 kg,openfoodfacts,3
3596710396696,macaroni,Auchan,361.0,12.0,72.0,2.0,,1 kg,openfoodfacts,1
3596710396764,paniers petits,Auchan,361.0,12.0,72.0,2.0,60,0.5 kg,openfoodfacts,2
3596710401352,assortiment bonbons de,"Auchan, Pouce",394.0,0.5,94.0,1.8,,0.72 kg,openfoodfacts,3
3596710401994,tortis,Auchan,361.0,12.0,72.0,2.0,100g,1 kg,openfoodfacts,1
3596710402502,yaourtbrassenature,Auchan,69.0,3.9,5.4,3.4,125 g (1 pot 125 g),0.5 kg,openfoodfacts,1
3596710403301,chips nature,Auchan,158.0,1.8,14.1,10.2,30 g (30 g),0.2 kg,openfoodfacts,2
3596710404575,corn mais pop pour,Auchan,335.0,10.0,61.0,3.0,50 g (50 g),0.5 kg,openfoodfacts,4
3596710406258,munster,"Auchan, Terroir",327.0,20.0,1.0,27.0,33 g (Valeurs nutritionnelles moyennes pour 1 portion de 33 g),0.2 kg,openfoodfacts,1
3596710406364,biomascarpone,"Auchan, Auchan Bio",355.0,5.8,3.0,36.0,50 g (valeurs nutritionnelles moyennes pour 1 portion de 50 g),0.25 kg,openfoodfacts,1
3596710414215,au cheddar cheesy fondu,Auchan,255.0,17.0,4.0,19.0,20 g (Valeurs nutritionnelles moyennes pour 1 tranche de 20 g.),0.2 kg,openfoodfacts,4
3596710418695,abondance,"Auchan, Auchan Gourmet, Terroir",397.0,25.0,0.5,33.0,20 g (Valeurs nutritionnelles moyennes pour 20 g (1 portion)),0.2 kg,openfoodfacts,1
3596710423828,sauce soja sucree,Auchan,238.63925,1.23945,58.278475,0.018625,10 ml (10 ml),0.15 l,openfoodfacts,3
3596710423835,mam nuoc sauce,Auchan,110.88,18.095,0.0,4.2504,10 ml (10 ml),0.15 l,openfoodfacts,3
3596710424078,daveyron perche saucisse,"Auchan, Terroir",428.0,29.0,0.9,34.0,,0.28 kg,openfoodfacts,3
3596710430628,chips crevettes,Auchan,555.0,0.7,61.0,34.0,25 g,0.05 kg,openfoodfacts,2
3596710432387,bio de eminces fume saumon,"Auchan, Auchan Bio",193.0,22.0,0.5,11.0,50 g,0.1 kg,openfoodfacts,5
3596710439737,brisee,"Auchan, Pouce",375.0,6.0,44.0,18.0,38 g (38 g),0.23 kg,openfoodfacts,1
3596710440979,brebis de tomme,Auchan,398.0,22.0,1.0,34.0,20 g (Valeurs nutritionnelles moyennes pour 1 portion de 20 g),0.18 kg,openfoodfacts,3
3596710441815,pesto verde,"Auchan, AuchanMmm !, Tavola in Italia",336.0,3.7,4.4,33.0,,0.185 kg,openfoodfacts,2
3596710443796,cheddarextra mature,"Auchan, Auchan Gourmet, Auchan Collection",390.0,26.0,0.5,32.0,20 g (Valeurs nutritionnelles moyennes pour 1 portion de 20 g),0.2 kg,openfoodfacts,2
3596710444694,fins haricots tres verts,Auchan,24.0,1.3,2.3,0.5,110 g (110 g),440 g,openfoodfacts,4
3596710447879,caramchoco,Auchan,446.0,3.2,69.0,17.0,7.5 g (1 bonbon de 7.5 g),0.296 kg,openfoodfacts,1
3596710447947,acid mix,Auchan,345.0,4.8,80.0,0.5,,0.6 kg,openfoodfacts,2
3596710448241,oeufs party,Vendome,559.0,7.6,53.0,35.0,,0.45 kg,openfoodfacts,2
3596710448388,cacahuete snacks,Auchan,483.0,13.0,52.0,24.0,30 g,0.09 kg,openfoodfacts,2
3596710450367,beurre mini pur viennoiseries,Auchan,361.0,7.4,35.0,21.0,50 g (2 mini viennoiseries crues soit 50 g),0.3 kg,openfoodfacts,4
3596710450671,au comte saucisson sec tranche,Auchan,394.0,28.0,0.5,31.0,20 g (1 barquette = 120 g),0.12 kg,openfoodfacts,5
3596710450770,de diots nature savoie,"Auchan, Terroir",327.0,16.0,1.0,29.0,,0.36 kg,openfoodfacts,4
3596710450787,de diots fumes savoie,"Auchan, Mmm !, Terroir",327.0,16.0,1.0,29.0,90 g,0.36 kg,openfoodfacts,4
3596710454709,chorizo de des doux,Auchan,394.0,28.0,5.6,29.0,,0.12 kg,openfoodfacts,4
3596710457328,mixapero,Auchan,511.0,9.1,59.0,26.0,17 g,0.085 kg,openfoodfacts,1
3596710457533,carre de mie nature,Auchan,276.0,9.7,51.0,3.1,21.6 g (1 tranche (environ 21.6 g)),0.345 kg,openfoodfacts,4
3596710458783,depices fondant nature pain,Auchan,293.0,2.8,66.0,0.9,55 g (1 tranche),0.275 kg,openfoodfacts,4
3596710463244,citron tiramisu,Auchan,231.0,3.6,33.0,8.4,100g,0.2 kg,openfoodfacts,2
3596710466023,biobeurre doux,"Auchan, Auchan Bio",743.0,0.7,0.6,82.0,10 g (Valeurs nutritionnelles moyennes pour 1 portion de 10 g),0.25 kg,openfoodfacts,2
3596710466061,ufs,"Auchan, Auchan Bio",140.0,13.0,0.5,9.8,113 g (Valeurs nutritionnelles moyennes pour 2 oeufs 126 g (113 g jaune + blanc)),12 pièces (0.932 kg),openfoodfacts,1
3596710467709,coupes extra fins haricots verts,Auchan,28.0,1.6,3.3,0.5,,0.33 kg,openfoodfacts,5
3596710467808,au saumon tarama,Auchan,575.0,6.4,1.9,60.0,,0.1 kg,openfoodfacts,3
3596710470495,buche chevre de,Auchan,289.0,20.0,0.5,23.0,29 g (Valeurs nutritionnelles moyennes pour 1 portion de 29 g),0.2 kg,openfoodfacts,3
3596710470891,biocomte rape,"Auchan, Auchan Bio",410.0,26.0,0.0,34.0,20 g (Valeurs nutritionnelles moyennes pour 1 portion de 20 g (soit 2 cuillères à soupe environ)),0.1 kg,openfoodfacts,2
3596710470952,chevre,Auchan,391.0,25.0,0.5,32.0,40 g (Valeurs nutritionnelles moyennes pour 1 portion de 40 g (2 tranches)),0.15 kg,openfoodfacts,1
3596710471249,pave poivre,"Auchan, Auchan Gourmet",348.0,23.0,1.0,28.0,"12.5 g (1 barquette = 100 g (12,5 g))",0.1 kg,openfoodfacts,2
3596710473588,saucisson sec tranche,Auchan,384.0,25.0,1.1,31.0,20 g (1 barquette = 120 g),0.12 kg,openfoodfacts,3
3596710473595,aux noisettes saucisson sec tranche,Auchan,401.0,21.0,4.3,33.0,20 g (1 barquette = 120 g (20 g)),0.12 kg,openfoodfacts,5
3596710474622,four munsterau,"Auchan, Auchan Gourmet, Terroir",327.0,20.0,1.0,27.0,125 g (Valeurs nutritionnelles moyennes pour 125 g soit 1 portion),0.5 kg,openfoodfacts,2
3596710475520,cococrack,Auchan,395.0,7.1,82.0,3.1,30 g (30 g),0.375 kg,openfoodfacts,1
3596710477265,banane brasse pomme,"Auchan, Auchan Baby Bio",80.0,2.4,14.0,1.4,85 g (85 g),0.34 kg,openfoodfacts,3
3596710477272,cacao creme dessert,"Auchan, Auchan Baby Bio",91.0,3.4,11.0,3.4,85 g (85 g),0.34 kg,openfoodfacts,3
3596710477401,biscuits oursons,Auchan Baby Bio,456.0,6.8,76.0,13.0,15 g,150 g,openfoodfacts,2
3596710479351,oeuf,"Auchan, Groupe Auchan",140.0,13.0,0.5,9.8,55 g,6 pièces (0.378 kg),openfoodfacts,1
3596710480623,avec couenne cuit jambon superieur,Auchan,97.0,20.2,0.5,1.8,40g,0.08 kg,openfoodfacts,5
3596710481118,amande sans sucres,Auchan,12.26,0.5397425,0.2203725,1.06989175,200 ml (Valeurs nutritionnelles moyennes pour 200 ml soit 1 verre),1 l,openfoodfacts,3
3596710482450,bacon biscuits saveur,Auchan,524.0,14.0,52.0,28.0,20 g,0.085 kg,openfoodfacts,3
3596710483884,croquant mais,Auchan,77.0,2.4000000953674,12.0,1.7000000476837,,0.495 kg,openfoodfacts,2
3596710484140,carottes rapees,"Auchan, Groupe Auchan",78.0,0.9,6.3,4.8,,0.3 kg,openfoodfacts,2
3596710485109,animaux dej ptit,"Auchan, Kids",468.0,5.8,71.0,17.0,50 g (1 sachet de 4 biscuits),0.3 kg,openfoodfacts,3
3596710485246,iraty ossau,"Auchan, Auchan Gourmet, Terroir",412.0,23.0,0.5,36.0,20 g (Valeurs nutritionnelles moyennes pour 1 portion de 20 g),0.18 kg,openfoodfacts,2
3596710486823,chips crevettes curry saveur,Auchan,540.0,0.9,62.0,32.0,25 g,0.05 kg,openfoodfacts,4
3596710489053,petits pois vapeur,Auchan,79.0,5.7,8.8,0.9,,0.265 kg,openfoodfacts,3
3596710489060,doux petits pois vapeur,Auchan,79.0,5.7,8.8,0.9,132 g (132 g de produit égoutté),0.53 kg,openfoodfacts,4
3596710492879,crak et nuts,Auchan,500.0,7.7,62.0,24.0,29 g (2 biscuits (env. 29 g)),0.228 kg,openfoodfacts,3
3596710493272,crevettes des froides mers,Auchan,95.0,22.0,0.5,1.0,100.0g,0.09 kg,openfoodfacts,4
3596710495214,brisure de fume saumon,Auchan,188.0,22.0,0.5,11.0,,0.15 kg,openfoodfacts,4
3596710496419,auchan,Auchan,8.0,0.5,1.9,0.5,150 ml (1 verre (150 ml)),1.5 l,openfoodfacts,1
3596710506989,batonnets de panes poisson,"Auchan, Pouce",197.0,12.0,16.0,9.1,,0.45 kg,openfoodfacts,4
3596710513727,brioche chorizo doux pain piperade,Auchan,279.0,9.0,38.0,9.4,,0.2 kg,openfoodfacts,5
3596710513741,brioche chevre pain,Auchan,325.0,9.7,36.0,15.0,,0.2 kg,openfoodfacts,3
3596710513758,nature ptits saucissons secs,Auchan,538.0,26.0,4.7,46.0,,0.4 kg,openfoodfacts,4
3596710513765,aux noix ptits saucissons secs,Auchan,540.0,25.0,4.0,47.0,,0.4 kg,openfoodfacts,5
3596710515738,pates,Auchan,355.0,12.0,71.0,1.8,,0.5 kg,openfoodfacts,1
3596710515776,panier petit,Auchan,355.0,12.0,71.0,1.8,,0.5 kg,openfoodfacts,2
3596710516452,couenne jambon sans superieur,Auchan,111.0,20.0,1.0,3.0,,0.24 kg,openfoodfacts,4
3596710520855,oeufs,"Auchan, Pouce",140.0,13.0,0.5,9.8,,6 pièces (0.378 kg),openfoodfacts,1
3596710522934,patissiers yaourts,Auchan,98.0,3.4,14.0,3.0,125 g (125 g),1.5 kg,openfoodfacts,2
3596710522996,avena bebida de,"Auchan,Auchan Bio",43.0,0.5,7.2,1.2,1 portion (100 g),1 l,openfoodfacts,3
3596710523016,break nuts,Auchan,510.0,6.8,59.0,27.0,,0.105 kg,openfoodfacts,2
3596710525669,menthe saveur the vert,Auchan,16.0,0.5,3.9,0.5,,0.116 kg,openfoodfacts,4
3596710526734,etuve nature riz,Auchan,134.0,2.8,29.0,0.5,125 g,0.25 kg,openfoodfacts,3
3596710526765,caraibes riz,Auchan,156.0,3.6,30.0,2.1,125 g (de),0.25 kg,openfoodfacts,2
3596710526864,riz sushi,Auchan,354.0,6.7,80.0,0.5,,0.5 kg,openfoodfacts,2
3596710526901,au biscotte froment,Auchan,381.0,11.0,75.0,3.2,"16.7 g (2 biscottes soit 16,7 g)",0.3 kg,openfoodfacts,3
3596710531240,fins haricots verts,Pouce,24.0,1.3,2.3,0.3,110 g (110 g),0.44 kg,openfoodfacts,3
3596710531806,et framboise mascarpone tiramisu,Auchan,208.0,3.7,30.0,6.7,,0.3 kg,openfoodfacts,4
3596710533770,croque monsieur pour tranchettes,Pouce,241.0,18.0,4.1,17.0,20 g (Valeurs nutritionnelles moyennes pour 20 g soit 1 tranchette),0.2 kg,openfoodfacts,4
3596710535460,chiffonnade de rosette,Auchan,349.0,23.0,2.3,27.0,,0.08 kg,openfoodfacts,3
3596710536009,au four frites,Auchan,120.0,2.4,19.0,3.2,,1 kg,openfoodfacts,3
3596710536160,et puree steak,Auchan,105.0,7.9,6.9,5.0,300 g (soit 300 g),0.3 kg,openfoodfacts,3
3596710537167,de miette thon,Pouce,129.0,14.0,3.9,6.4,,0.16 kg,openfoodfacts,3
3596710537204,sardines tomate,Pouce,195.0,16.0,2.7,13.0,,0.12 kg,openfoodfacts,2
3596710538355,a croquer piment saucisse,"Auchan, La cocina en Espana",462.0,34.0,2.0,35.0,,0.15 kg,openfoodfacts,4
3596710538546,coppa,Pouce,180.0,20.0,0.5,11.0,,0.07 kg,openfoodfacts,1
3596710538584,noisettes saucisse sec tranche,Pouce,301.0,28.0,2.7,20.0,,0.07 kg,openfoodfacts,4
3596710538591,nature saucisse sec tranche,Pouce,315.0,30.0,1.4,21.0,,0.08 kg,openfoodfacts,4
3596710538607,forestiere mousse,Pouce,238.0,10.0,4.4,20.0,,0.2 kg,openfoodfacts,2
3596710538614,fuet,Auchan,467.0,31.0,4.4,36.0,1 serving (100 g),0.17 kg,openfoodfacts,1
3596710539109,crackers nature,Auchan,432.0,9.8,72.0,11.0,,0.25 kg,openfoodfacts,2
3596710540020,de poissons soupe,Auchan,34.0,4.8,1.2,1.0,250 g (250 g),1 kg,openfoodfacts,3
3596710540068,de foie mousse,Auchan,312.0,11.0,3.9,28.0,,0.18 kg,openfoodfacts,3
3596710540594,aux fruits mixes yaourt,Auchan,95.0,3.6,14.0,2.5,125 g,2 kg,openfoodfacts,4
3596710541171,anchois entiers,"Auchan, Terroir",195.0,23.0,0.5,11.0,,0.115 kg,openfoodfacts,2
3596710541485,auchan douceur instant nature,Auchan,106.0,3.3,5.5,7.9,1258 g (1258 g),1 kg,openfoodfacts,4
3596710541508,auchan citron douceur instant,Auchan,129.0,2.8,14.0,6.8,125 g (125 g),0.5 kg,openfoodfacts,4
3596710541553,creme dessert pistache saveur,Auchan,105.0,2.4,17.0,3.0,125 g (1 pot),0.5 kg,openfoodfacts,4
3596710543632,hachis parmentier,Auchan,143.0,7.4,11.0,7.5,300 g (300 g),0.3 kg,openfoodfacts,2
3596710543830,nature petit suisse,Auchan,146.0,8.6,4.3,10.0,,0.72 kg,openfoodfacts,3
3596710544400,basmati butter chicken riz,Auchan,134.0,8.6,18.0,3.1,350 g (barquette),0.35 kg,openfoodfacts,4
3596710544912,betteraves des en,Auchan,31.0,0.9,4.9,0.5,130 g,0.42 kg,openfoodfacts,3
3596710545308,epinards haches,Auchan,34.0,3.4,1.5,0.9,,0.395 kg,openfoodfacts,2
3596710546091,fume petites saumon tranches,Auchan,169.0,23.0,0.5,8.3,15 g,0.1 kg,openfoodfacts,4
3596710548880,doux kefir,Auchan,43.0,3.4,4.8,1.1,,0.75 l,openfoodfacts,2
3596710550319,brut cidre,Pouce,32.0,0.5,1.8,0.5,,1.5 l,openfoodfacts,2
3596710550326,cidre doux,Pouce,34.0,0.5,5.8,0.5,,1.5 l,openfoodfacts,2
3596710551125,cakes fraise mini,Pouce,433.0,4.7,56.0,21.0,30 g (1 gâteau),0.42 kg,openfoodfacts,3
3596710552269,auchan craquantes saveur spicy,Auchan,521.0,6.1,52.0,31.0,30 g (30 g),0.135 kg,openfoodfacts,4
3596710552566,cheddar rape,Pouce,412.0,24.0,2.5,34.0,20 g (Valeurs nutritionnelles moyennes pour 1 portion de 20 g (soit 2 cuillères à soupe environ)),0.2 kg,openfoodfacts,2
3596710552764,cao duo pasta,Auchan,565.0,2.1,59.0,35.0,,0.4 kg,openfoodfacts,3
3596710553686,cookies maxi pepites,Auchan,512.0,6.7,59.0,27.0,,0.184 kg,openfoodfacts,3
3596710555161,de oeufs truite,Auchan,178.0,24.0,5.6,6.7,,0.08 kg,openfoodfacts,3
3596710558148,nems porc,Auchan,178.0,5.2,19.0,8.7,140 g (Valeurs nutritionnelles moyennes pour 140 g soit (2 nems avec sauce)),0.28 kg,openfoodfacts,2
3596710558575,daquitaine fumee truite,"Auchan, Terroir",153.0,22.0,0.5,6.9,30 g (30 g soit 1 portion),0.12 kg,openfoodfacts,3
3596710559886,chips paysannes,Auchan,528.0,7.0,50.0,32.0,,0.27 kg,openfoodfacts,2
3596710559909,chips craquantes nature,Auchan,539.0,6.7,49.0,34.0,,0.27 kg,openfoodfacts,3
3596710560592,cassis sirop,Auchan,311.0,0.5,77.0,0.5,,0.75 l,openfoodfacts,2
3596710561674,abricot nictar,Pouce,40.0,0.5,8.6,0.5,150 ml (1 verre 150 ml),1 l,openfoodfacts,2
3596710743681,sprits,"Auchan,Pouce",521.0,5.3,61.0,28.0,20 g,0.4 kg,openfoodfacts,1
3596710753659,crevettes decortiquees nic pic,"Auchan, Pouce",89.0,19.0,1.0,1.0,,0.121 kg,openfoodfacts,4
3608580006664,banane dessert fruitier pomme,Andros,68.0,0.4,15.0,0.2,100g,400g,openfoodfacts,4
3608580013785,benuts,,628.0,27.0,15.0,49.0,,,openfoodfacts,1
3608580056065,aardbeien framboos,Bonne Maman,164.0,0.5,39.0,0.1,,,openfoodfacts,2
3608580125358,creme erdnuss,Bonne Maman,598.0,20.0,24.0,46.0,88 g,325g,openfoodfacts,2
3608580160854,cacahuate crema cremosa de,Bonne Maman,605.0,21.0,20.0,49.0,,,openfoodfacts,4
3608580161967,cur de fruits,Andros,71.0,0.6,13.0,0.5,97 g,2 x 97 g,openfoodfacts,3
3608580185239,b confiture,,172.0,3.0,39.0,0.4,,,openfoodfacts,2
3608580748830,foret noire,Bonne Maman,246.0,2.6,26.0,13.0,100 g,200g (2 x 100 g),openfoodfacts,2
3608580758686,confiture de extra fraises,Bonne Maman,241.0,0.4,59.0,0.1,320 g,320g,openfoodfacts,4
3608580934332,cherry reserve,Bonne Mama,243.0,0.7,59.0,0.2,,,openfoodfacts,2
3614070059355,chevre pur,Chavroux,317.0,17.0,1.0,27.0,1 serving (100 g),150 g,openfoodfacts,2
3616096592519,abricot confiture franprix,,164.0,0.8,39.0,0.0,,,openfoodfacts,3
3660140948258,savane,Brossard,431.0,5.9,45.0,24.0,28.2 g (28.2),310 g,openfoodfacts,1
3660140958950,de max savane sensations,Brossard,439.0,5.6,54.0,21.0,,7 x 30 g,openfoodfacts,4
3660140967853,ptit savanne,Brossard,427.0,5.9,44.0,24.0,,,openfoodfacts,2
3660407054807,framboise starfruit,,80.0,1.3,14.0,0.5,,1,openfoodfacts,2
3660603004842,au poivre sauce,Benedicta,478.0,0.5,5.8,50.3,,260 g,openfoodfacts,3
3660603081423,caesar sauce,Heinz,327.0,1.5,9.2,32.0,,,openfoodfacts,2
3660992019403,citrons,,27.6,0.5,1.56,0.5,,,openfoodfacts,1
3661112603342,cote echine,,198.0,18.0,0.1,14.0,,680 g,openfoodfacts,2
3661112908010,boeuf de foie,L'Atelier Boucherie,130.0,21.0,3.7,3.6,160g,320g,openfoodfacts,3
3661344113336,bio fraise yaourt,Les Deux Vaches,88.0,3.5,12.5,2.7,115,4X115G,openfoodfacts,3
3661344997257,jaune peche,Les 2 Vaches,84.0,3.5,11.5,2.6,,4 x 120 g,openfoodfacts,2
3662072151867,fraise proteine pure whey,Pure AM Nutrition,390.0,76.6666666666667,8.0,5.66666666666667,1 scoop (30 g),,openfoodfacts,4
3663350223627,papa parfait,,558.0,6.5,55.0,35.0,,,openfoodfacts,2
3663362003316,poireaux,Priméales,62.0,1.5,12.4,0.3,,500 g,openfoodfacts,1
3664335051280,crevette cuites entieres et,,95.0,22.0,0.5,0.5,,,openfoodfacts,4
3664335056889,au endive jambon,,138.0,7.1,6.5,9.0,,,openfoodfacts,3
3664335057497,chiffonnade coppa de,,313.0,29.0,0.5,22.0,,,openfoodfacts,3
3664346305570,batna,Krema,389.0,1.4,79.0,7.1,,150 g,openfoodfacts,1
3664346314930,pikotas,Dulciora,370.0,2.0,89.0,0.0,24g,100g,openfoodfacts,1
3664346344029,bonbon,Lutti,331.0,5.0,76.0,0.0,,,openfoodfacts,1
3665206002769,cezanne infusion,,1.0,0.1,0.0,0.0,,,openfoodfacts,2
3665707001278,noisettes torrefiees,,690.0,13.0,4.4,65.0,,350 g,openfoodfacts,2
3666964850302,dattes denoyautees,,329.0,2.4,75.0,0.4,,250 g,openfoodfacts,2
3683080368474,du poivre vert wayanad,,330.0,13.3,39.5,7.5,,,openfoodfacts,4
3683080625935,arome assaisonnement,,33.0,4.1,3.6,0.0,,,openfoodfacts,2
3700146205808,bio cajou crues de noix,Juste Bio,593.0,21.0,21.0,46.0,40 g,,openfoodfacts,5
3700152891309,champs des marianne,,281.0,11.0,52.0,4.3,,,openfoodfacts,3
3700152891316,marianne sesame,,293.0,11.0,51.0,4.2,,,openfoodfacts,2
3700238340738,au crepe mini rhum,,261.0,3.6,51.0,4.5,,,openfoodfacts,4
3700279301507,au cafe creme dessert,"Crème Dessert, MONT BLANC",138.0,3.8,21.0,4.5,,570 g,openfoodfacts,4
3700337100608,au de foie mousse piment,Le Fleuron de la Réunion,310.0,7.9,4.5,29.0,,90g,openfoodfacts,5
3700392473396,au beurre creme,,395.0,0.1,99.0,0.1,,,openfoodfacts,3
3700392499884,cookies maison pour preparation,,383.0,6.7,75.0,4.4,,,openfoodfacts,4
3700477662110,dambert et fourme poireaux tarte,Carte Nature,260.0,9.0,20.0,15.0,230g,2 x 115 g,openfoodfacts,5
3700483800117,casses pois verts,Mosaïque,382.0,32.5,53.53,4.17,,1 kg,openfoodfacts,3
3700566453599,mais pates penne riz,Céliane,341.0,8.4,71.0,2.1,,300 g,openfoodfacts,4
3700569030094,and cheese mac,,164.0,10.0,12.0,8.1,,300 g,openfoodfacts,3
3700569030315,basmati butter chicken et riz,Kitchen,158.0,8.8,21.0,4.1,,280 g,openfoodfacts,5
3700656404081,de jambon parme,Corte del Gusto,253.0,27.0,0.5,16.0,,,openfoodfacts,3
3701002405950,cassis de purees,BISSARDON,106.0,1.2,21.0,0.7,,250 g,openfoodfacts,3
3701002412552,mini scamorza,,310.0,25.0,0.8,23.0,,150 g,openfoodfacts,2
3701002413696,pinsa romana,,225.0,9.2,41.0,2.3,,,openfoodfacts,2
3701002414198,coco trianon,,315.0,6.2,30.0,18.0,,,openfoodfacts,2
3701184000240,furikake ume,,348.0,14.9,37.3,11.3,,,openfoodfacts,2
3701215617058,de farine mais,,383.5,5.23,78.1,2.1,,500 g,openfoodfacts,3
3701254900333,cepes sechees,,290.0,21.6,27.7,3.4,,,openfoodfacts,2
3701269703424,bio cajou curry de noix,Greenweez,557.0,17.0,30.0,41.0,,1 kg,openfoodfacts,5
3701292400628,au chips citron,,438.0,7.7,62.0,16.0,,,openfoodfacts,3
3701352522277,fume poitrine tranche,,234.0,15.6,0.9,18.9,,,openfoodfacts,3
3701363300581,des jambon pyrenees,,247.0,28.0,0.5,15.0,,60 g,openfoodfacts,3
3701557301448,axoa de veau,,155.05,24.51,2.0,5.47,,,openfoodfacts,3
3701690411363,ramyun,,208.0,4.1,25.0,9.8,,,openfoodfacts,1
3701805308724,boisson frappee matcha,,381.0,0.3,95.5,0.45,,,openfoodfacts,3
3760000754194,basquaise et riz son thon,Le Marin Vendéen,251.0,8.7,36.0,7.6,,750 g,openfoodfacts,5
3760002690384,citronnade verveine,,22.0,0.5,5.3,0.5,,,openfoodfacts,2
3760003781890,confitures,,247.0,0.2,61.1,0.2,,,openfoodfacts,1
3760011133995,damour jasmin,,1.0,0.1,0.0,0.0,,,openfoodfacts,2
3760026371764,confites tomates,SN Saveurs Traiteur,807.0,3.99,13.3,14.0,100g,1kg,openfoodfacts,2
3760032007091,fines frites,,181.0,0.0,17.9,11.1,,,openfoodfacts,2
3760033153926,de pomme puree,Nature de pomme,61.0,0.0,14.0,0.0,,,openfoodfacts,3
3760037931506,crema,,191.0,0.0,45.0,0.0,,,openfoodfacts,1
3760039410733,kairoun makrout,,437.12,3.6,43.1,26.9,,,openfoodfacts,2
3760049790214,bio de mie pain,"La Boulangère,La Boulangère Bio",268.0,8.1,47.0,4.2,35.7 g (1 tranche (environ 35.7 g)),500 g,openfoodfacts,4
3760049795530,de mie pain sandwich,La Boulangère,264.0,7.9,51.0,2.6,,,openfoodfacts,4
3760050489619,detox red,,51.0,0.8,12.0,0.0,,,openfoodfacts,2
3760066063506,fraise tiramisu,Nuri,265.0,4.39,28.94,14.0,,,openfoodfacts,2
3760084210159,biscuits citron craquants saveur,"Karelea, Léa nature",467.0,7.2,63.0,23.0,33 g (Pour/Per 4 biscuits/koekjes (33 g)),132 g,openfoodfacts,4
3760085328518,cafe carre de,,527.0,7.1,35.5,35.2,,,openfoodfacts,3
3760094107401,chorizo haricot,,281.0,6.6,7.3,24.2,,,openfoodfacts,2
3760094313444,moutains,,434.0,15.0,46.0,19.0,,,openfoodfacts,1
3760096963029,spid,,196.0,0.1,47.6,0.1,,,openfoodfacts,1
3760097430087,de epicees saucisses tofu,Soja Santé,204.92,9.87,10.76,13.6,,180 g,openfoodfacts,4
3760099531362,au crepes froment,Osé Bio,271.0,6.8,38.0,9.4,100 g,240 g,openfoodfacts,3
3760105520151,mentchikoff,chocolaterie de Chartres,526.0,5.04,63.8,28.4,,100 gr,openfoodfacts,1
3760113765520,speck,SALUMIFICI GRANTERRE S.P.A.,266.0,30.0,0.5,16.0,,70 g,openfoodfacts,1
3760121214089,ajoutes puree sans sucres,Biocoop,63.0,0.3,12.0,0.6,,12 x 90 g,openfoodfacts,4
3760121216816,forte france moutarde,Biocoop,158.0,7.7,2.2,12.0,,275 g,openfoodfacts,3
3760145704078,sauce sesam,,394.0,2.3,15.0,36.0,,,openfoodfacts,2
3760150110536,bio oeuf,auchan,140.0,12.7,0.27,9.83,,6 pcs,openfoodfacts,2
3760154263160,biscuits fourres,,513.0,9.1,51.0,30.0,,,openfoodfacts,2
3760165986546,aux framboises tarte,,473.0,7.2,62.0,22.0,,,openfoodfacts,3
3760187541525,tripous,,127.4,18.8,0.0,5.8,,,openfoodfacts,1
3760197940783,assaisonnement,Walima,1.0,0.0,0.1,0.0,,,openfoodfacts,1
3760199050633,avec cru maki mix poisson,,147.0,6.9,26.0,1.7,,,openfoodfacts,5
3760236771071,noir the,,1.0,0.1,0.0,0.0,,,openfoodfacts,2
3760247830774,roquette,,28.0,0.7,2.1,0.7,,100 g,openfoodfacts,1
3760249074275,paste taro,,369.0,2.6,64.7,10.8,,500 g,openfoodfacts,2
3760253292559,cookie pistache,,485.0,7.7,52.0,27.0,,75 g,openfoodfacts,2
3760255410104,brut kombucha,,14.0,0.1,3.0,0.1,,,openfoodfacts,2
3760257090984,test yuka,,147.0,14.0,3.5,7.2,,2 x 125 g,openfoodfacts,2
3760269315372,carotte compote framboise,,44.0,0.8,6.9,0.6,100g,,openfoodfacts,3
3760270250075,sandwich sidonie,Crous Resto',170.0,9.4,17.7,6.3,,,openfoodfacts,2
3760271200901,cerises compote et pomme,,55.0,0.5,12.0,0.2,,,openfoodfacts,4
3760271200963,compote poires,,56.0,0.4,11.0,0.2,,,openfoodfacts,2
3760272828227,cookies mini,,512.0,6.7,66.0,24.0,,,openfoodfacts,2
3760274680199,maison pain pour preparation,,333.0,10.98,65.46,1.61,,,openfoodfacts,4
3760278562118,mandy,,473.0,6.1,67.0,20.0,,,openfoodfacts,1
3760281455865,cheddar deshydratee paprika sauce,,398.0,19.6,28.2,20.7,,,openfoodfacts,4
3760287010129,craquise,,471.0,4.8,73.5,17.5,,135 g,openfoodfacts,1
3760287430071,nettoyees petites seiches,,76.3,16.2,0.51,1.05,,500 g,openfoodfacts,3
3760287430521,entieres mures,Fresh Cueillette,42.0,1.4,8.1,0.5,,,openfoodfacts,2
3760287430729,en morceaux poivrons,,31.0,0.94,4.71,0.5,,,openfoodfacts,3
3760291422482,chef mon sushi,Mon chef sushi,208.0,6.7,20.0,11.0,100.0g,,openfoodfacts,3
3760293231211,super transit,,1.0,0.1,0.1,0.1,,,openfoodfacts,2
3760293232447,quiero tea the,,2.0,0.0,0.5,0.5,,,openfoodfacts,3
3760294961773,chorizo crackers,Elibio,472.0,11.9,54.5,22.7,1 portion (100 g),,openfoodfacts,2
3760298511936,au chevre prefou,,313.0,5.8,30.0,19.0,,,openfoodfacts,3
3760298511998,chorizo prefou,,336.0,7.3,35.0,18.0,,,openfoodfacts,2
3760298512001,chorizo piperade prefou,,318.35565,7.6,37.0,15.0,,,openfoodfacts,3
3760299639417,confitire parisienne,,218.0,1.6,41.0,4.1,,,openfoodfacts,2
3760313531215,noir,Chocolaterie Castelain,594.0,9.4,19.0,49.0,,,openfoodfacts,1
3760325840039,creme croque de jambon parmesan,My Pie,293.0,13.0,28.0,14.0,,250g,openfoodfacts,5
3760336041593,tanzanie,,646.35,11.6,23.3,56.4,,,openfoodfacts,1
3760336202031,chevre pizza tomates,Comme j'aime,418.0,21.9,39.7,18.4,,,openfoodfacts,3
3760339881875,poke saumon,Super U,162.0,6.0,20.0,6.2,400.0g,,openfoodfacts,2
3760341070564,parfume riz,taureau ailé,353.0,8.1,78.0,0.8,100 g,,openfoodfacts,2
3760344350564,bap bokum,,132.0,4.3,18.0,4.6,300.0g,,openfoodfacts,2
3760344350809,chois ramyeon,,82.0,1.3,13.0,2.8,,,openfoodfacts,2
3760344350847,bibimmyeon carbonara chois,Sias,222.0,3.2,34.0,7.9,,131 g,openfoodfacts,3
3760346021004,bio chiche farine poisson,Sans détour,379.0,16.6,66.2,7.5,100 gr,500 g,openfoodfacts,4
3760346023268,detour sans,Sans détour,900.0,0.0,0.0,100.0,,75cl,openfoodfacts,2
3760346870770,douceur terra,,92.0,17.0,4.0,0.4,,,openfoodfacts,2
3760348980323,de herbes moutarde provence,,213.0,6.1,4.4,19.0,,,openfoodfacts,4
3760350682956,avocat chesse cream,,194.0,2.4,1.8,19.0,120.0g,123 g,openfoodfacts,3
3760363434993,maki tartaro,Sushi daily,182.0,5.7,23.0,7.5,,,openfoodfacts,2
3760363780168,thon,,121.0,28.6,0.0,0.8,,,openfoodfacts,1
3760365330422,crousty pop,,141.0,3.1,4.8,12.1,,,openfoodfacts,2
3760373402494,poke tofu,Shaki Shaki,145.0,6.3,22.0,4.1,,380 g,openfoodfacts,2
3760377560305,de soupe tomate,Le Fourgon,19.0,0.5,1.99,0.73,,1 l,openfoodfacts,3
3760377560312,de potimarron soupe,Le Fourgon,252.5989,2.33925,9.654735,24.626005,,1 l,openfoodfacts,3
3760378621166,aux kebab poivrons,,142.0,14.2,2.1,8.77,,,openfoodfacts,3
3760381260666,puree,Mousline,348.0,7.4,74.0,0.8,100g,195g,openfoodfacts,1
3760381261915,batata de pure,Mousline,61.7511520737327,7.2,71.4,1.1,125 g,,openfoodfacts,3
3760381262202,douces patates,Mousline,74.0,2.2,13.4,1.0,,90 g,openfoodfacts,2
3760384161090,concentree native whey,Nutri&Co,352.0,72.0,12.3,2.2,30 g,,openfoodfacts,3
3760385730004,kiwi nectar,,58.2,0.4,12.5,0.3,,,openfoodfacts,2
3760408280110,sucisson,,348.0,16.0,2.1,30.0,,,openfoodfacts,1
3760412582163,bonbon naruto,,364.0,2.8,81.0,2.1,,,openfoodfacts,2
3760415340388,confiture et framboise poire,,233.0,0.48,55.5,0.1,,,openfoodfacts,4
3760415340623,framboise saveur yaourt,,89.0,3.0,12.0,3.3,,,openfoodfacts,3
3760445990003,dattes de noyaux poudre,,286.0,6.1,5.0,9.0,,,openfoodfacts,4
3760868132868,fraise jus pomme,,41.0,0.5,9.3,0.0,,,openfoodfacts,3
3765673544318,croque monsieur,,180.0,11.0,23.0,6.2,,,openfoodfacts,2
3770001499291,a farine pizza,,345.0,11.6,66.2,1.21,,,openfoodfacts,3
3770003937890,hedene,,192.0,0.6,46.0,0.6,,,openfoodfacts,1
3770007763983,parmesan poireau quiche,my pie,285.0,8.1,19.3,19.2,,160g,openfoodfacts,3
3770008034631,abricota abricoti,J'Aime Boc'Oh,199.0,1.0,55.0,0.0,,350 g,openfoodfacts,2
3770008500228,beurre cacahuete de,Go Nuts,608.0,28.3,10.6,49.5,,5000g,openfoodfacts,3
3770011110582,cerise,,221.0,0.9,52.0,0.0,,,openfoodfacts,1
3770011182152,brasse citron yaourt,LA FERME DESIRIS,90.0,3.19,11.82,3.37,,500g,openfoodfacts,3
3770011182190,brasse noisette yaourt,,107.0,3.5,12.1,4.9,,,openfoodfacts,3
3770011182213,brasse citron vert yaourt,,97.0,3.2,13.3,3.3,,,openfoodfacts,4
3770013130168,menthe the vert,Kéfir de Sylvie,10.0,0.1,2.0,0.0,,25 cl,openfoodfacts,3
3770015053175,chiche crackers pois romarin,GRAAM,423.333333333333,8.0,76.0,8.7,,,openfoodfacts,4
3770016865265,aux burrata truffes,,278.0,19.0,1.0,22.0,,,openfoodfacts,3
3770017589290,cerise crunchy fruit,,338.0,5.7,63.0,3.2,,,openfoodfacts,3
3770018383477,curry de riz,,490.0,15.5,63.6,15.5,,,openfoodfacts,3
3770019857205,de srop yacon,Yacon&Co,197.0,2.1,24.9,0.2,100g,220 grammes,openfoodfacts,3
3770021160492,boeuf marine seche,,254.0,50.7,2.1,4.9,,,openfoodfacts,3
3770021299277,chouchou,La Confiserie de César & Léon,517.0,15.0,57.0,26.0,,130 g,openfoodfacts,1
3770022926295,de fruits kefir,,12.0,0.0,3.0,0.0,,,openfoodfacts,3
3770024769760,curcuma furikake poivre,,536.2,23.1,11.9,43.9,,45 g,openfoodfacts,3
3770024769791,furikake,,15.0,0.169,47.0,15.0,,,openfoodfacts,1
3770027396956,creme dartichauts,,125.0,1.4,13.0,7.0,,,openfoodfacts,2
3770027847151,verveine yaourt,Fromaville,76.8,4.7,10.3,4.2,,450g,openfoodfacts,2
3770028524044,bao,,178.23,1.71,21.7,9.46,,,openfoodfacts,1
3770028686827,a saupoudrer wakame,Zalg,165.0,13.7,40.7,2.1,,30 g,openfoodfacts,3
3770029595111,buttumak kimchi tranche,,57.0,2.9,9.0,7.0,,,openfoodfacts,3
3770029595135,kimchi tranche,,50.7,2.9,9.8,0.7,,,openfoodfacts,2
3770030756198,dattes sukkari,,274.0,0.0,0.0,0.0,,,openfoodfacts,2
3770033065297,myaonnaise spicy,,679.0,2.4,1.7,73.5,,,openfoodfacts,2
3770033452011,bonjour,Bonjour,8.4,0.2,1.7,0.0,6 g,,openfoodfacts,1
3770034105381,arabian sweet,,552.0,7.7,57.3,32.3,,,openfoodfacts,2
3770035257034,farine,,334.0,10.03,70.0,1.1,,,openfoodfacts,1
3770035861071,du pasta sancy,,336.0,12.6,65.8,1.79,,,openfoodfacts,3
3770037280047,ciao citron kombucha,Squeezie,17.0,0.0,2.9,0.0,330 ml,330 g,openfoodfacts,3
3770037466120,de kiwi pomme puree,,54.8,0.6,11.1,0.5,,,openfoodfacts,4
3770040031032,araw,,347.0,4.0,73.0,0.0,,,openfoodfacts,1
3770040031063,premium ube,,468.0,4.3,53.6,30.0,,,openfoodfacts,2
3770040031070,nature poudre premium ube,,6.0,0.007,1.22,0.0,,,openfoodfacts,4
3770040825037,frick,,378.0,14.0,70.0,2.0,,,openfoodfacts,1
3796182609984,de dijon mayonnaise,,648.0,12.0,1.6,70.0,,,openfoodfacts,3
3800048305221,cocoa danette duo,Danone,136.0,2.6,17.0,6.4,1 pot (115 g),,openfoodfacts,3
3800058546447,random sandwich,Kenar,241.0,6.56,20.9,14.0,,,openfoodfacts,2
3800092633486,fit kick,Kick Fit,414.0,29.0,27.0,22.0,50 g,,openfoodfacts,2
3800100629432,campese corn sweet,Campese,102.0,2.7,19.0,0.9,100 g,"285g, 340g",openfoodfacts,3
3800205875109,bruschette chips,maretti,453.0,9.1,71.0,14.0,100g,70g,openfoodfacts,2
3800205876755,motto my,My Motto,537.0,5.0,61.0,30.0,,34g,openfoodfacts,2
3800205877325,bruschette cream sour,Maretti,453.0,9.1,71.0,14.0,,70 г,openfoodfacts,3
3800222151378,crudo prosciutto,delta traind,238.0,28.0,0.0,14.0,,,openfoodfacts,2
3800225564014,choco nuts,Vale1,593.0,2.4,60.0,35.5,,750g,openfoodfacts,2
3800233070149,brown cheese chips rice,rice UP!,460.0,8.0,68.0,17.0,60 g,,openfoodfacts,4
3800233071993,brown chips popped rice,Rice Up,448.0,8.0,68.0,17.0,60 g,60 g,openfoodfacts,4
3800233072518,brown chips pizza rice,Rice Up! (nuhealth),438.0,7.2,67.0,15.0,60 g,60g,openfoodfacts,4
3800237480616,mr stix,Mr Stix Cheese,530.0,3.5,67.0,27.0,,125g,openfoodfacts,2
38011474,cheese smoked,Dobrev,281.0,21.8,2.4,20.5,100 g,,openfoodfacts,2
3830055190558,antiox e kombucha piwer,Mediterra,16.0,0.0,4.0,0.0,1 portion (330 ml),,openfoodfacts,4
3830055190565,booster kombucha,Mediterra,16.0,0.0,4.0,0.0,1 portion (330 ml),,openfoodfacts,2
3830075731199,arasidov namaz,Pajs Brez Obresti,587.0,24.0,21.0,50.0,100 g,,openfoodfacts,2
3830085171503,koruzni kruh,Pekarna Grosuplje,256.0,8.3,46.0,3.6,1 portion (100 g),,openfoodfacts,2
3831115341736,njoki piscanec spinacni,Spar Enjoy,174.0,9.1,9.7,11.0,350 g,,openfoodfacts,3
3838471034470,cockta,Cockta,42.0,0.1,10.36,0.1,1 portion (100 ml),,openfoodfacts,1
3838471048613,paprika rdeca,Argeta veggie,194.0,6.0,9.0,14.0,1 can (95 g),95g,openfoodfacts,2
3838800066325,kefir mu,Ljublanske Mlekarne,66.0,2.8,10.8,1.3,1 bottle (500 g),,openfoodfacts,2
3838900962480,breakfast cookies,Free Zone,467.0,6.7,58.0,21.0,100 g,,openfoodfacts,2
3838975566514,aufstrich huhner junior,Argeta,232.967696487873,12.0,4.0,19.0,,95 g,openfoodfacts,3
3838975566668,pate tuna,Argeta,319.0,13.0,3.79999995231628,28.0,47.0g,9.5g,openfoodfacts,2
3838977042733,piscanc,Perutnina Ptuj Natur,149.0,17.0,0.0,9.0,1 pack (450 g),,openfoodfacts,1
3850104075513,fant,Podravka,270.0,9.5,52.0,1.5,1 portion (60 g),60g,openfoodfacts,1
3850104232107,fruty kocke,Podravka,490.0,3.0,72.0,21.0,,,openfoodfacts,2
3850108023961,choco cookie protein,Zbregov,64.0,10.0,5.0,0.4,300 ml,,openfoodfacts,3
3850108023985,pistacija protein,Vindija Z'Bregov,61.0,10.0,4.9,0.2,100 ml,,openfoodfacts,2
3850354015925,baktiv smoothie,Dukat,30.0,1.236,5.436,0.56,,,openfoodfacts,2
3856015321275,ketchup majoneza,Zvijezda,397.0,1.2,13.0,37.0,1.0 portion (100.0 g),165g,openfoodfacts,2
3856021200007,burek sa sirom svjezim,Spar,237.0,6.7,30.0,10.0,,,openfoodfacts,4
3856027801963,bio drink rice,Boom Box,56.0,0.5,11.0,1.2,,,openfoodfacts,3
3856031202916,kasa zobrna,Valley,377.0,10.0,62.0,8.0,1 bag (60 g),4 x 60 g,openfoodfacts,2
3858888594930,sir svjezi,Zdenka,128.0,11.0,3.0,8.0,100 g,,openfoodfacts,2
3858889333064,smokva suha,Vedrini,0.0,0.0,0.0,0.0,100 g,,openfoodfacts,2
3858893130987,kruh mijesani razeni,,239.0,6.8,48.0,2.3,,,openfoodfacts,3
3858893730033,seeds toast,Panero,299.0,8.5,52.7,4.9,1 portion (100 g),500g,openfoodfacts,2
3859891515769,dzem ekstra narancom s smokva,Dida Boža,277.0,0.6,68.0,0.0,100 g,,openfoodfacts,5
3859892293697,concentrate protein whey,Spin,396.0,78.0,6.5,6.0,,,openfoodfacts,3
3870174001014,riza,Seti,356.0,7.53,78.4,0.84,,,openfoodfacts,1
3871832005528,burek,Domovina GmbH,360.0,9.0,55.0,11.0,1 piece (100 g),,openfoodfacts,1
3875000031272,dunja exotic smokva,Vitinka,35.0,0.0,8.6,0.0,500 ml,,openfoodfacts,3
3897978847983,chia,Mercado Silvestre,374.0,13.1,69.0,5.8,20g,500gr,openfoodfacts,1
3900167230395,cranberry juice,,36.0,0.5,11.0,0.2,,,openfoodfacts,2
3902634650095,chips ketchup,,608.5,10.2,58.2,35.2,,,openfoodfacts,2
3948764092800,maaza,coco-cola,50.0,0.0,12.5,0.0,,200ml,openfoodfacts,1
3963220035214,croco,,350.1,5.7,79.0,0.5,,,openfoodfacts,1
4000186037100,croutons kase,LEIMER,448.0,10.5,58.4,18.5,,1pcs,openfoodfacts,2
4000398550039,basta einfach pasta,Buck,353.0,12.0,71.0,1.6,,,openfoodfacts,3
4000400117717,schweinebraten soe zu,Knorr,46.0,0.8,5.1,2.5,,250g,openfoodfacts,3
4000404121857,art frankfurter wurstchen,"Böcklunder, Böklunder",247.0,13.5,1.0,21.0,,5pcs,openfoodfacts,3
4000417602510,marzipan,RITTER SPORT,496.0,7.0,52.0,27.0,,100g,openfoodfacts,1
4000417620613,ritter smarties sport,Ritter Sport,527.0,6.3,59.0,29.0,,100g,openfoodfacts,3
4000417621412,knusperkeks,RITTER SPORT,540.0,6.4,57.0,31.0,25 g,100g,openfoodfacts,1
4000417670113,nuss weie,Ritter Sport,583.0,7.9,48.0,40.0,,100g,openfoodfacts,2
4000417960009,e fondente rotterdam sport te,Ritter,609.0,9.4,20.0,52.0,1 Chocolate (100 g),,openfoodfacts,5
4000521007041,marzipan rohmasse,Dr. Oetker,476.0,12.0,37.0,29.0,,200g,openfoodfacts,2
4000521007126,amandes rasees,Dr. Oetker,620.0,23.0,5.7,54.0,,100g,openfoodfacts,2
4000521030193,muffins schoko,Dr. Oetker,456.0,5.7,46.0,27.0,1 portion (45 g),345g,openfoodfacts,2
4000521037956,brookies,Dr. Oetker,451.0,6.1,61.0,20.0,16 g,1pcs,openfoodfacts,1
4000521170516,sahnesteif,"Dr. Oetker, De.Oetker",368.0,0.3,92.0,0.0,,8g,openfoodfacts,1
4000539626142,erdbeeren minis und wei,Lind,572.0,6.1,53.0,37.0,,20pcs,openfoodfacts,4
4000540013238,knipser schokokeks,Kölln,449.0,8.7,63.0,17.0,,,openfoodfacts,2
4000540033571,knusper krokant schoko,Kölln,444.0,8.5,64.0,16.0,40,1050 g,openfoodfacts,3
4000582184491,curry hahnchenbrust mit,Herta,111.0,22.0,1.0,2.0,,100 g,openfoodfacts,3
4000582309894,saftschinken,Herta,104.0,19.8,0.6,2.4,,100g,openfoodfacts,1
4000607055102,aero,Trumpf,542.0,6.3,56.0,32.0,,100g,openfoodfacts,1
4000607529702,fritt strawberry,"Chewy Candy,Fritt",401.0,2.0,79.0,8.5,11.7 g,70g,openfoodfacts,2
4000832220009,zaziki,Apostels,112.0,4.4,8.0,6.4,100 g,200 g,openfoodfacts,1
4000915100129,fondu nature petit,BIO VERDE,283.0,11.0,3.5,25.0,,140 g,openfoodfacts,3
4001242108239,cheese dip hot,Chio,150.0,2.7,15.0,8.8,1 tégely (200 ml),200ml,openfoodfacts,3
4001686000052,kokos konfekt,Haribo,388.0,3.1,77.0,7.1,,175g,openfoodfacts,2
4001686002919,sourmix,Haribo,339.0,2.9,80.0,0.5,1 portion (25 g),,openfoodfacts,1
4001686010082,haribo harry potter ron,Haribo,338.0,5.7,77.0,0.5,25 g,160g,openfoodfacts,4
4001686019276,erdbeerrn haribo mit sahne,,345.0,4.9,79.0,0.8,,,openfoodfacts,4
4001686019399,berry kracher shake,Maoam,409.0,0.9,87.0,6.1,200 g,,openfoodfacts,3
4001686370704,bonnen haribo zoute,Haribo,360.0,2.0,88.0,2.0,25.0g,,openfoodfacts,3
4001686370742,bommen zure,Haribo,344.0,0.5,86.0,0.5,25 g,,openfoodfacts,2
4001686370780,haribo muizen witte,Haribo,349.0,6.0,81.0,0.5,,,openfoodfacts,3
4001686370827,harten,Haribo,387.0,2.6,94.0,0.5,25 g,,openfoodfacts,1
4001686370865,berries,Haribo,350.0,1.1,86.0,0.5,25 g,,openfoodfacts,1
4001686374269,or sour sweet,Haribo,336.0,4.7,78.0,0.5,,350g,openfoodfacts,3
4001686391716,haribo,Haribo,334.0,0.5,82.0,0.5,,185g,openfoodfacts,1
4001686806241,kuken mini,Haribo,343.0,6.9,77.0,0.5,,200g,openfoodfacts,2
4001724038962,pizza prosciutto ristorante,Dr. Oetker,230.0,10.0,24.1,9.41,340 g,340 g,openfoodfacts,3
4001724038993,pizza ristorante tonno,Dr. Oetker,232.39,10.0,23.38,10.42,355 g,355g,openfoodfacts,3
4001724041184,casa di mama,Dr. Oetker,187.0,7.9,28.0,4.1,415 gram,415 gram,openfoodfacts,3
4001724048350,creamy pepper tomato,Dr. Oetker,231.0,7.0,38.0,5.1,,,openfoodfacts,3
4001726221003,brauner kandisfarin zucker,Diamant,396.0,0.0,99.0,0.0,,500g,openfoodfacts,3
4001743754539,bensdorp kakao,Bensdorp,366.0,20.0,8.9,21.0,,125g,openfoodfacts,2
4001743760288,cappuccino creme,Alpia,569.0,4.8,54.0,37.0,,,openfoodfacts,2
4001762030799,maccaroni,zabler,363.0,13.0,71.0,3.0,,1pcs,openfoodfacts,1
4002015493712,kapern,Krini,34.0,1.7,3.9,0.7,,1pcs,openfoodfacts,1
4002171008904,pizza prosciutto,Girone Pizza & Pasta,215.0,11.0,28.5,5.9,200 g,,openfoodfacts,2
4002184506015,winterpunsch,Auricher Süssmost,46.0,0.0,11.0,0.0,,1pcs,openfoodfacts,1
4002221007482,ostfriesentee,Meßmer,1.0,0.0,0.2,0.0,,5pcs,openfoodfacts,1
4002221040045,kirsche sue,Meßmer,2.0,0.0,0.6,0.0,,1pcs,openfoodfacts,2
4002239634106,ajvar scharf,"Feinkost Dittmann, Dittmann",78.0,1.2,7.5,5.5,100 g,340ml,openfoodfacts,2
4002239854504,pfefferonen,Feinkost Dittmann,27.0,1.4,2.4,0.5,100g,,openfoodfacts,1
4002309014487,nussano,K Classic,558.0,7.0,49.0,36.0,20 g,400g,openfoodfacts,1
4002334113001,erdbeere,"Bauer,Der große Bauer",85.0,3.2,11.5,2.9,250 g,250g,openfoodfacts,1
4002334113032,kirsche,"Bauer, Der große Bauer",88.0,3.2,12.2,2.9,250 g,250g,openfoodfacts,1
4002334118617,kaiserschmarrn typ,"Bauer, Der große Bauer",97.0,3.2,14.3,3.0,250 g,250g,openfoodfacts,2
4002359015229,ananas extra sauce sauer suss,"BENS ORGINAL, Ben's Original, Bens Original, Fach 3, Mars, Uncle Ben's Original, Uncle BENS ORGINAL",72.0,0.5,17.0,0.5,100 g,400g,openfoodfacts,5
4002359021763,cheese cheesy extra mac,Dolmio Feasts,93.2,5.2,12.0,2.72,1 portion (250 g),,openfoodfacts,4
4002359021848,udon,Suzi Wan,154.0,5.5,30.0,1.0,1 portion (150 g),2 x 150 g,openfoodfacts,1
4002359640667,carbonara pasta pouch sauce,Dolmio,92.8404503784,4.62222222222222,6.22222222222222,5.06666666666667,1 serving (112.5 g),150g,openfoodfacts,4
4002442813008,aprikosen,BelSun,69.0,0.8,15.0,0.5,,1pcs,openfoodfacts,1
4002468200035,hofkase,Hochland,386.0,21.0,0.5,34.0,,130 g,openfoodfacts,1
4002468231503,to,Hochland,329.0,22.0,3.0,25.0,1 portion (100 g),,openfoodfacts,1
4002473966353,eintopf erbsen mit wurstchen,Sonnen Bassermann,86.0,4.1,9.2,2.8,,800g,openfoodfacts,4
4002652001912,assorted wafers,Desiree,570.0,3.5,57.0,36.0,,,openfoodfacts,2
4002671118646,branza crema cu de verdeata,"Hochland,Almette",251.0,7.0,4.1,23.0,1 serving (100 g),"150 g,",openfoodfacts,5
4002671165640,branza crema cu de hribi,Almette,257.0,5.8,4.4,24.0,1 portion (100 g),150g,openfoodfacts,5
4002671168993,huttenkase,Gervais,87.0,12.3,1.5,3.2,300 g,300g,openfoodfacts,1
4002676650066,pfannkuchen shaker,MiNuTo,209.0,7.4,39.0,2.5,1 portion (86 g),205g,openfoodfacts,2
4002971200607,mousse schoko,Grand Dessert,157.0,4.2,15.0,8.7,170 gram,170 gram,openfoodfacts,2
4002971281408,mousse zitrone,"Almighurt, Ehrmann",111.0,4.4,14.0,4.2,,200g,openfoodfacts,2
4003082007857,bihun suppe,BUSS Fertiggerichte GmbH,39.0,1.5,5.7,1.0,,800g,openfoodfacts,2
4003084319422,kiss,Trolli,345.0,4.8,80.0,0.0,,,openfoodfacts,1
4003084813197,chick parade,Trolli,333.0,4.6,77.0,0.1,6 gram,175 gram,openfoodfacts,2
4003084880458,critters sea,,342.0,0.4,79.0,4.5,,9 g,openfoodfacts,2
4003185260258,amarena kirsche senfsauce tessiner,Wolfram Berge,397.0,1.8,94.0,0.7,,200ml,openfoodfacts,4
4003586100306,chipsfrisch peperoni,Funny-frisch,532.0,5.9,49.0,33.0,1.0 portion (100.0 g),150g,openfoodfacts,2
4003586102676,jumpys,Funny Frisch,488.0,5.0,61.0,24.0,,75g,openfoodfacts,1
4003786956253,mixnuts pikant,MAX,589.0,25.0,15.0,46.0,,,openfoodfacts,2
4004154030339,johannisbeer spritzer,Burkhardt,27.0,0.1,7.0,0.1,,"0,33 l",openfoodfacts,2
4004154069339,eistee pfirsich,Burkhardt,32.0,0.1,6.0,0.1,,,openfoodfacts,2
4004661018011,traubensaft,Jacoby,73.2,0.72,15.7,0.16,,1 l,openfoodfacts,1
4004787051947,fruhstucksmettwurst,Heidemetzger,180.0,18.0,1.0,11.5,100g,150g,openfoodfacts,1
4004790017565,bio hafer natur,Berief,40.0,0.6,6.0,1.4,,1l,openfoodfacts,3
4004790110303,bio ohne soja zucker,Berief,0.0,3.795,2.288,2.112,,1 l,openfoodfacts,4
4004931187584,currywurst,,277.0,12.0,1.0,25.0,,,openfoodfacts,1
4004953005514,bio eier frische,Eifrisch,128.57,10.71,0.57,9.29,70 g,10pcs,openfoodfacts,3
4004980400504,erdnusse,ültje,620.0,24.3,11.0,50.0,1 portion (30 g),450g,openfoodfacts,1
4005009100337,sauce tomate,Bio-Zentrale,30.5927342208,1.4,4.5,0.5,,690g,openfoodfacts,2
4005049056038,mini schinkenknacker,Ilmenauer,295.0,21.0,0.5,23.0,100 g,,openfoodfacts,2
4005394200773,ersatz mit ruhrei speck,BioVegan,328.0,18.0,43.0,5.4,,50g,openfoodfacts,4
4005394201053,main pumkpkin spice tassenkuchen,Biovegan,371.0,3.4,84.0,1.2,1 portion (55 g),,openfoodfacts,4
4005517004172,o saft,Amecke,43.0,0.5,9.6,0.1,,1l,openfoodfacts,2
4005831456527,extra mousse noire,Käfer,373.0,4.5,16.3,32.3,85 g,,openfoodfacts,3
4005979001030,brechbohnen,Kaufland,29.0,1.9,3.4,0.2,,750g,openfoodfacts,1
4006034111299,croquettes oven,Wernsing,200.0,3.0,26.0,9.0,1 portion (20 g),,openfoodfacts,2
4006040004011,bio de puree sesame,Rapunzel,649.0,25.0,3.0,58.0,,250g,openfoodfacts,4
4006040125440,rosinen,Rapunzel,331.0,2.8,75.0,0.6,,250g,openfoodfacts,1
4006040167754,bohnen jumbo weie,Rapunzel,284.0,21.0,35.0,1.6,,500g,openfoodfacts,3
4006040175117,bohnen festkochend soja,Rapunzel,399.0,36.0,8.1,20.0,,500g,openfoodfacts,3
4006040307723,zitronat,Rapunzel,314.0,0.0,76.0,0.0,,100g,openfoodfacts,1
4006040370949,crunchy samba,Rapunzel,612.0,11.0,32.0,48.0,,250g,openfoodfacts,2
4006237640336,reis risotto,Oryza,342.0,7.8,73.0,1.1,100g,300g,openfoodfacts,2
4006259010612,safthinterschinken,Hit,109.0,19.5,1.0,3.0,28.6 g,,openfoodfacts,1
4006363113360,brauner rohrzucker,"Frießinger Mühle, K-Classic, Kaufland",396.0,0.0,99.0,0.0,,500g,openfoodfacts,2
4006363113971,speisestarke,"K Classic, K. Klassik.",353.0,0.5,86.0,0.5,,400g,openfoodfacts,1
4006544205006,rubenzucker,Südzucker,400.0,0.0,100.0,0.0,,1000g,openfoodfacts,1
4006544307007,puderzucker zucker,Südzucker,400.0,0.0,100.0,0.0,,250g,openfoodfacts,2
4006544467107,kandis weisser,Südzucker,400.0,0.0,100.0,0.0,,443g,openfoodfacts,2
4006581020020,kaffee,Eilles,396.6,14.4,40.2,15.4,,500g,openfoodfacts,1
4006743650218,schinkenwurst,Lutz,239.0,14.1,0.2,20.2,,125g,openfoodfacts,1
4006743650560,bierwurst,"Lutz, Lutz (Könecke Fleischwarenfabrik)",304.0,12.6,0.4,27.9,,125g,openfoodfacts,1
4006789310817,kase mause,Baackes&Heimes,357.0,24.0,0.1,29.0,10 g,80g,openfoodfacts,2
4006814020216,nappo zartbitter,Nappo,430.0,1.6,79.0,11.0,,,openfoodfacts,2
4006814056260,christmas festive merry sprouts,Rose,543.0,6.0,62.0,30.0,,,openfoodfacts,4
4006824000970,sauce sauer su,Develey,204.0,0.6,45.9,1.3,,250ml,openfoodfacts,3
4006824003551,ketchup tomaten,Develey,103.0,1.9,21.5,0.2,,500ml,openfoodfacts,2
4006824006552,suer weiwurstsenf,Develey,107.889968055556,0.893997222222222,22.5402730555556,1.4115625,,250 ml,openfoodfacts,2
4006824007252,doner kebab soe,Develey,332.0,0.5,12.0,30.9,,300ml,openfoodfacts,3
4006824007344,doner sode,Develey,260.0,0.9,18.4,19.7,,,openfoodfacts,2
4006894477504,bio cookie hafer,Lambertz,482.0,8.0,57.6,22.7,9 g,,openfoodfacts,3
4007801106401,braten sauce zum,Knoor,30.0,0.6,4.0,1.5,,1kg,openfoodfacts,3
4008088247511,studentenfutter,,498.0,6.2,39.0,31.0,150.0g,,openfoodfacts,1
4008088909143,rohrzucker,Kluth,387.0,0.0,96.4,0.0,,1000g,openfoodfacts,1
4008088919821,nusse pur snack,Maryland,608.0,27.0,13.0,48.0,,275 g,openfoodfacts,3
4008100164635,paprika tomatenmark,Hengstenberg,96.0,3.6,13.0,1.8,,100g,openfoodfacts,2
4008100168695,scharf tomatenmark,"Oro di Parma, famila Oro di Parma",83.0,0.05,22.0,1.1,,200g,openfoodfacts,2
4008100169159,mark tomaten,Sauce Tomatenmark Tube,88.0,3.9,15.0,0.5,,70g,openfoodfacts,2
4008137002580,menstruations tee,Bad Heilbrunner,1.0,0.0,0.2,0.0,,,openfoodfacts,2
4008194300216,ajvar,Sofko,98.0,1.3,10.1,5.0,1 portion (50 g),350g,openfoodfacts,1
4008258155004,cashew cranberry mix,Seeberger,482.0,12.0,45.0,26.0,150g,150g,openfoodfacts,3
4008258274019,bananenchips,Seeberger,528.0,1.9,59.0,31.0,1 serving (100 g),150g,openfoodfacts,1
4008258424001,exotic mix,,405.0,3.4,59.0,15.0,30.0g,,openfoodfacts,2
4008287935530,fassbrause himbeere,Krombacher,29.0,0.0,7.2,0.0,330 ml,330ml,openfoodfacts,2
4008287941371,fassbrause naturtrub zitrone,Krombacher,29.0,0.0,7.2,0.0,,330ml,openfoodfacts,3
4008287962727,fassbrause,Krombacher,21.0,0.0,4.9,0.0,330 ml,"0,33l",openfoodfacts,1
4008366001347,curry hahnchen,"FRoSTA HUHN, Fertigessen, Frosta, FRoSTA Tk-HUHN",105.0,5.5,14.4,2.5,500 g,500g,openfoodfacts,2
4008366003587,butter chicken,FRoSTA,122.0,5.2,14.7,4.5,1 Portion (500 g),500g,openfoodfacts,2
4008366008582,huhnerfrikassee,FRoSTA,144.0,6.1,10.9,8.2,100 g,500g,openfoodfacts,1
4008366010042,hahnchen pfanne reis,FRoSTA,117.0,4.9,15.3,3.6,1 portion (800 g),800g,openfoodfacts,3
4008366010387,fischstabchen frosta,"FRoSTA, Fisch, Bofrost",184.0,13.0,13.8,8.3,1 Stück (30 g),450g,openfoodfacts,2
4008381178000,puderzucker,Diamant,400.0,0.0,100.0,0.0,100g,250g,openfoodfacts,1
4008400101521,cheri mon,Ferrero,455.0,3.0,52.8,20.3,,105 g,openfoodfacts,2
4008400159027,ferrero kusschen,Ferrero,630.0,8.3,40.3,47.3,8.9 g,178g,openfoodfacts,2
4008400224022,kinder maxi,"Ferrero, Kinder, Mixte",566.0,8.7,53.5,35.0,21 g (Portion),42 g,openfoodfacts,2
4008400260921,country kinder,Kinder,561.0,8.6,54.9,33.8,23.5 g (Portion),211.5 g,openfoodfacts,2
4008400284620,bons kinder schoko,Kinder,576.0,8.3,52.5,36.6,"5,8 g",46 g,openfoodfacts,3
4008400460925,darkchoc ferrero kusschen,Ferrero,602.0,8.7,39.6,44.1,,178g,openfoodfacts,3
4008400570525,joy kinder,Kinder,550.0,8.2,56.5,32.0,20g,2x 20 g,openfoodfacts,2
4008400836423,cocoa happy hippo,FERRERO SCANDINAVIA AB,594.202898550725,6.76328502415459,53.6231884057971,38.6473429951691,1 serving (20.7 g),103.5g,openfoodfacts,3
4008400935225,bueno kinder,"Kinder, Ferrero",572.0,8.6,49.5,37.3,43 g,43g,openfoodfacts,2
4008401610152,bockwurst,"Metten, Sauerländer",251.0,13.2,1.0,21.5,,400g,openfoodfacts,1
4008432082614,bayrische butter,Almbua,744.0,0.7,0.7,82.0,,250g,openfoodfacts,2
4008452023413,kochen sahne weihenstephan zum,"Weihenstephan, Molkerei Weihenstephan GmbH & Co. KG",163.0,2.9,4.0,15.0,,250g,openfoodfacts,4
4008452044449,creme koch,Weihenstephan,106.0,3.7,6.4,7.2,100 ml,250ml,openfoodfacts,2
40084633,mint tac tic,Tic Tac,397.0,0.1,97.5,0.5,,18g,openfoodfacts,3
4008467052071,crevettes du pacifique,Costa,84.0,18.0,1.0,0.9,,270g,openfoodfacts,3
4008467055621,costa di frutti mare premium,Costa,94.0,17.0,2.0,2.0,1 serving (100 g),750.0 g,openfoodfacts,5
4008471500278,speisequark,Paul Söbbeke,142.0,9.0,3.7,10.0,,250g,openfoodfacts,1
4008534039950,ayran,Körfez,34.0,1.7,2.6,1.9,,,openfoodfacts,1
4008596503468,erbsen fein mohren sehr und,K Classic,47.0,2.8,6.3,0.3,,800 g,openfoodfacts,5
4008601247240,fasschen weinbrand,Friedel,444.0,1.7,54.3,21.4,,125g,openfoodfacts,2
4008867000610,bayerische karotten,Hochholzer,30.0,1.0,5.5,0.2,100g,670g,openfoodfacts,2
4009097010684,brotchen kaiser mohn sesam,Sinnack,256.0,10.0,45.0,2.9,55 g,220g,openfoodfacts,4
4009097020041,feinen unsere weizenbrotchen,Kaufland,254.0,8.7,51.0,1.0,,360g,openfoodfacts,3
4009176514614,biscuit sandwich,Kaufland,471.48288973384,5.32319391634981,68.4410646387833,19.0114068441065,1 biscuit (26.3 g),,openfoodfacts,2
4009233003624,chicken pizza steinofen,Wagner,200.0,10.2,26.0,6.4,350 g,350g,openfoodfacts,3
4009233003976,mini pizzas,Fiesta!,226.666666666667,10.7777777777778,28.3333333333333,7.44444444444444,3 Mini Pizzas (90 g),9 x 30 g,openfoodfacts,2
4009233004850,pitza,"Original Wagner, Fertigessen",231.0,9.7,25.5,9.5,1 portion (350 g),,openfoodfacts,1
4009233005833,cheese spinach,Wagner,240.439770554493,8.4,28.0,10.0,435 g,,openfoodfacts,2
4009249001843,harmonie korner sandwich,"Golden Toast, Lieken",299.0,10.1,42.7,8.53,1 serving (37.5 g),750g,openfoodfacts,3
4009249022503,buttertoast,"Golden Toast, Lieken",267.0,8.2,48.5,3.8,,250g,openfoodfacts,1
4009249044901,proteinbrot,Leken Urkorn,237.81071,24.5,13.3,8.0,55 g,500 g,openfoodfacts,1
4009286150085,pfeffer pfefferkorner steak,Block House,237.2521875,7.487845703125,33.695791015625,4.869169921875,,50g,openfoodfacts,3
4009300014584,tee winterzeit,Teekanne,2.0,0.2,0.3,0.1,,1pcs,openfoodfacts,2
4009300018070,schneetraumchen tee,Teekanne,2.0,0.0,0.4,0.0,,"40,5 g (18 x 2,25 g)",openfoodfacts,2
4009300019374,fruchtetee kiss sweet,Teekanne,2.0,0.0,0.4,0.0,,"45 g (20 x 2,25 g)",openfoodfacts,3
4009309680612,bambussprossen,Marschland,13.0,1.5,0.7,0.2,,175g,openfoodfacts,1
4009700071187,coconut yopro,Danone,56.25,9.375,3.6875,0.375,1 portion (160 g),,openfoodfacts,2
4009900008433,orbit peppermint,"Orbit,Wrigley's",149.0,0.0,62.0,0.0,,,openfoodfacts,2
4009900403825,aux bonbons fruits,Sugus,406.0,0.0,84.4,7.3,1 Sugu (4 g),150 g,openfoodfacts,3
4009900513791,crazy pouch sours sweets,Skittles,396.0,0.0,88.0,4.0,100 g,152g,openfoodfacts,4
4009900541862,extra strawberry,"Wrigley's,Extra",168.0,0.0,68.0,0.0,,60,openfoodfacts,2
4009900546324,starbucks strawberry,Mars,406.521739130435,0.0,84.7826086956522,7.39130434782609,1 portion (46 g),138g,openfoodfacts,2
4009900549899,crazy sours,Skittles,396.0,0.0,88.0,4.0,1 bag (45 g),,openfoodfacts,2
4009932008432,direct sport,Doppelherz,0.0,0.0,0.0,0.0,2 g,40 g,openfoodfacts,2
40099415,extra white,extra,399.0,0.0,99.8,0.0,,1pcs,openfoodfacts,2
4010321003556,mit sardinien zitrone,K-Classic,189.0,19.9,0.5,12.0,1 portion (100 g),125g,openfoodfacts,3
4011316013307,ahornsirup,Kaufland,365.0,0.0,91.0,0.5,250 ml,250ml,openfoodfacts,1
4011316013338,ahornsirup bio,Kaufland,365.0,0.0,91.0,0.5,1 portion (100 g),250ml,openfoodfacts,2
4011753041604,aufbacken bayerische bio brezen zum,Bäcker Bachmeier,249.0,7.3,49.0,1.9,85g,698g,openfoodfacts,5
4011800000530,sauerkirsch,"Mövenpick,Schwartau",199.0,0.5,47.0,0.3,,250g,openfoodfacts,1
4011800001858,brownies choc corny dark protein,,363.0,30.0,33.8,16.5,,45g,openfoodfacts,5
4011800521219,corny schoko,Corny,433.0,6.5,64.7,15.7,25 g,150g,openfoodfacts,2
4011800596620,cookie crunchy protein,CORNY PROTEIN,375.555555555556,30.0,39.1111111111111,16.0,45 g,45g,openfoodfacts,3
4012200032107,fort raifort rape,Kühne,181.0,2.3,16.0,11.0,,140 g,openfoodfacts,3
40122885,omacka teriyaki,"Kühne,Kühne Made for Veggies,Made for Veggies",94.0,1.1,21.0,0.1,10 ml,235ml,openfoodfacts,2
40122946,sauce spicy thai,"Kühne, Trader Joe’s",190.0,4.0,9.0,16.0,32.0 g,250ml,openfoodfacts,3
4012359010056,amande fume sesame tofu,Taifun,97.0,19.0,1.5,12.0,,200g,openfoodfacts,4
4012359114907,spinacia tofu,Taifun,155.0,18.0,1.6,8.1,1 Block (200 g),200g,openfoodfacts,2
4012359115003,seidentofu,Taifun,48.0,5.3,1.8,2.1,1 serving (100 g),400g,openfoodfacts,1
4012359136107,mini tofu viennoises,Taifun,275.0,15.3,6.5,20.4,,160g,openfoodfacts,3
4012359144409,aux petits pois tofu,Taifun,254.0,17.0,2.1,19.0,80.0g,160g,openfoodfacts,4
4012625434715,basmati rijst,Lezzeti Shahane,353.0,8.06,77.8,0.84,,,openfoodfacts,2
4012842111116,wurstchen,Döbelner,278.0,13.0,0.2,25.0,,250g,openfoodfacts,1
4012860000171,senf,Bautzener,45.6803571428571,1.48714285714286,3.6675,2.41071428571429,,1pcs,openfoodfacts,1
4012860004001,brotaufstrich krauter senf,Bautz'ner,235.0,4.5,13.7,17.1,,200ml (210g),openfoodfacts,3
4012860004032,brotaufstrich eier senf,Bautz'ner,257.0,3.9,7.4,22.8,,200ml,openfoodfacts,3
4012860005480,bautzener sandwich sauce,"Bautz'ner, Bautzner",335.0,0.6,12.5,30.9,,300ml,openfoodfacts,3
4012941832745,schinkenknacker,Rostocker,364.0,18.0,1.0,32.0,100g,,openfoodfacts,1
4013143310413,pfirsich traube zitrone,Bad Liebenwerda,18.0,0.0,4.5,0.0,,1l,openfoodfacts,3
4013182022179,bruschetta tomate,Nabio,92.0,2.0,9.4,4.5,,140g,openfoodfacts,2
4013182024203,krauter streichcreme tomate,"Naba Feinkost, Nabio",180.0,3.7,8.5,14.0,,135g,openfoodfacts,3
4013200862145,curry paste,Sabita,279.0,4.0,10.0,24.0,,50g,openfoodfacts,2
4013200880026,reis sushi,"Lien Ying, LienYing",352.0,6.7,79.0,0.9,,250g,openfoodfacts,2
4013200880040,reispapiee,Lien Ying,354.0,4.4,81.0,1.2,,36pcs,openfoodfacts,1
4013200881412,curry paste rot scharf thai,Lien Ying,114.0,5.4,23.0,0.0,100g,125g,openfoodfacts,5
4013200881429,austernsauce,Lien Ying,137.0,1.7,32.0,0.0519375,,200ml,openfoodfacts,1
4013200881436,fisch sauce,"Liebe Ying, Lien-Ying",71.0,7.1,11.0,0.0,,200ml,openfoodfacts,2
4013200881467,sauce teriyaki,Lien Ying,99.0,5.2,19.0,0.0676642857142857,,200ml,openfoodfacts,2
4013200881498,hoi paste sin,Lien Ying,214.0,1.5,52.0,0.0,,250g,openfoodfacts,3
4013200881535,saate sauce,Lien Ying,216.0,7.0,14.0,14.0,,,openfoodfacts,2
4013423920073,chips makkaroni,Riesa,358.0,12.0,72.0,1.7,,1000g,openfoodfacts,2
4013752019004,brandt markenzwieback,Brandt,395.0,11.0,74.0,0.7,"9,4g",225g,openfoodfacts,2
4013752019547,der markenzwieback,Brandt,395.0,11.0,74.0,5.2,"9,4g",338g,openfoodfacts,2
4014400900576,toffifee,Storck,521.0,6.0,58.9,29.0,8.3 g,48pcs,openfoodfacts,1
4014400914269,kaffee merci sahne,Storck,560.0,8.3,51.2,35.5,,100g,openfoodfacts,3
4014400933239,edition winter,"Storck, merci",569.0,7.3,49.7,37.2,12.5,250g,openfoodfacts,2
4014472648130,naturtrube zitrone,Bionade,24.0,0.5,5.8,0.5,,"0,4 l",openfoodfacts,2
4014500036830,maxi monte,Zott,183.0,2.6,15.5,12.2,100g,400g,openfoodfacts,2
4014500518343,pfirsich zottis,Zott,79.0,2.1,16.7,0.1,,1pcs,openfoodfacts,2
4014500520247,dessert protein rice,Zott,108.73786407767,9.80582524271845,10.1456310679612,3.10679611650485,206 g,,openfoodfacts,3
4014500520780,creamcookies drink protein,Zora,77.0,10.8,5.5,1.1,100 ml,250ml,openfoodfacts,3
4014500522012,kokos schoko weie,Zott,151.0,2.5,14.0,9.0,140 g,140g,openfoodfacts,3
4015000000383,dejeunette,,391.0,13.0,82.0,1.2,,,openfoodfacts,1
4015345135535,biere isotonique,,26.0,0.5,5.4,0.1,,,openfoodfacts,2
4015481008946,bio hahnchenbrust,BioLust,110.0,22.0,1.0,2.0,,,openfoodfacts,2
4015533048821,cuisine hafer,Voelkel,148.0,0.6,5.2,14.0,,0.33l,openfoodfacts,2
4015537002058,schokohase,,600.0,2.9,48.3,43.0,,,openfoodfacts,1
4015537002416,banane crunchy schoko,Hammer Mühle,441.0,8.7,67.0,14.0,100g,350g,openfoodfacts,3
4015637013329,brownies cheesecake,Bauck Hof,383.0,3.7,84.0,2.9,,1pcs,openfoodfacts,2
4015637019109,beeren crunchy hafer,Bauck Mühle,432.0,9.89999961853027,68.0,12.0,100.0g,,openfoodfacts,3
4015637825458,hafer hot schoko,Bauck Mühle,394.0,12.0,58.0,10.0,,400 g,openfoodfacts,3
4015637836072,aus bio mais speisestarke,"Bauck Hof, Denn's",348.0,0.4,86.0,0.1,,250g,openfoodfacts,4
4016241040565,aardbei skyr,Arla Skyr,53.3333333333333,8.5,7.5,0.0,450 gram,450 gram,openfoodfacts,2
4016241043016,fat free quark,Arla,65.0,11.0,4.0,0.2,450 g,,openfoodfacts,3
4016249017033,pinienkerne sabines spinat,Allos,233.0,4.9,9.5,19.0,,135g,openfoodfacts,3
4016249017071,paprika peters trio,Allos,231.0,5.1,11.0,18.0,,135g,openfoodfacts,3
4016249068288,date my raw,Allos,381.0,7.3,56.0,13.0,2 ball (32 g),,openfoodfacts,3
4016337915043,chicken fried honey soy,bibigo,164.0,12.4,11.7,7.3,1 serving (100 g),350g,openfoodfacts,4
4016900416090,djuvec reis,Menzi,81.0,2.0,12.0,2.3,,800g,openfoodfacts,2
4017040014078,cake carrot muffin,,380.0,5.7,42.0,20.7,,,openfoodfacts,3
4017040228444,choco donut,Milka,461.538461538462,6.46153846153846,49.6923076923077,25.6923076923077,1 donut (65 g),1pcs,openfoodfacts,2
4017074131703,wasser,Sawell,0.0,0.0,0.0,0.0,1 l,1 l,openfoodfacts,1
4017100115516,haferkeks,Leibniz,467.0,7.8,66.0,18.0,,230g,openfoodfacts,1
4017100131004,abc brot russisch,Bahlsen,395.0,6.6,89.0,1.0,,100 g,openfoodfacts,3
4017100407413,mini pick up,Bahlsen,510.0,6.6,63.0,25.0,,106 g,openfoodfacts,3
4017100412615,pick,Bahlsen,483.96226415094,6.0377359390258,58.490566037736,24.528301886792,,106 g,openfoodfacts,1
4017100450211,kuchen marmor,Bahlsen,453.0,5.1,51.0,25.0,350 g,350g,openfoodfacts,2
4017100833731,mix weinachts,Bahlsen,424.0,6.8,66.0,14.0,,500 g,openfoodfacts,2
40173894,bayreuther,Bayreuther Brauhaus,39.0,1.0,3.1,0.5,0g,0.5l,openfoodfacts,1
4017602700012,compass fresh mints,Compass,244.0,0.0,98.0,1.1,,,openfoodfacts,3
4018077004896,nicnacs,Lorenz,543.0,17.0,37.0,35.0,,110g,openfoodfacts,1
4018077014314,chips hot paprika,Lorenz,537.0,5.6,50.0,34.0,100 g,,openfoodfacts,3
4019041001057,chana roasted skin with,Schani,210.0,14.0,34.0,2.0,100g,800g,openfoodfacts,4
4019252050028,rotwurst,Die Thüringer,254.0,0.19,1.0,20.0,,300g,openfoodfacts,1
4019300153787,exquisa,Exquisa,247.0,5.6,2.9,23.5,30g,,openfoodfacts,1
4019339192146,quinoa weisser,Davert,366.0,0.0,62.0,5.0,,200g,openfoodfacts,2
4019339291054,pops quinoa,Davert,364.0,7.6,71.0,4.5,,125g,openfoodfacts,2
4019339448106,kidneybohnen rote,Davert,318.0,24.0,40.0,1.5,100gr,500g,openfoodfacts,2
4019339461105,bio bohnen schwarze,Davert,306.0,22.0,39.0,2.6,,500g,openfoodfacts,3
4019736008149,erdbeer fruchtaufstrich,Zwergenwiese,106.0,0.5,24.0,0.5,,225g,openfoodfacts,2
4019736008187,fruchtaufstrich himbeer,Zwergenwiese,143.0,0.8,32.0,0.5,,225g,openfoodfacts,2
4019736014607,currika,Zwergenwiese,272.0,3.6,7.0,25.0,,,openfoodfacts,1
4020500977820,sardinen,Appel,255.0,23.8,0.4,17.3,80 g,105g,openfoodfacts,1
40205687,sauce worcester,"Appel, Appel Feinkost, Appel Feinkost GmbH & Co. KG",67.0,1.0,13.2,0.1,,140ml,openfoodfacts,2
4020943139076,sauce sriracha,Arche,90.0,1.9,16.0,1.2,,130ml,openfoodfacts,2
4020943139427,su ume,,19.0,0.5,3.8,0.5,,145ml,openfoodfacts,2
4021851174692,auf dennre mariniert seitan weizenbasis,Dennree,118.0,23.0,2.4,1.6,100g,200 g,openfoodfacts,5
4021851191187,cheddar in kase scheiben,denree EU-Bio,353.0,23.0,0.0,29.0,,125g,openfoodfacts,4
4021851191217,in kase maasdamer scheiben,dennre Bioland,338.0,26.0,0.0,26.0,,125g,openfoodfacts,4
4021851192023,paprika tofu,dennree,137.0,13.0,4.9,6.6,,,openfoodfacts,2
4021851436882,knusper,Dennree,449.0,9.5,66.0,15.0,20 g,,openfoodfacts,1
4021851592007,sauce shoyu soja,Dennree,68.0,10.0,6.0,0.5,,250ml,openfoodfacts,3
4021851615812,rohrohrzucker,Dennree,390.0,0.0,97.0,0.0,,1000g,openfoodfacts,1
4022381501200,rundkornreis,Spielberger Mühle,361.0,7.5,77.4,1.9,,500g,openfoodfacts,1
4022381513203,buchweizen korn,"Spielberger, Spielberger Mühle",346.0,9.8,71.0,1.7,,100g,openfoodfacts,2
4023900541455,asin ketjap,"Bamboo Garden, Fuchs-Gruppe, Theodor Kattus GmbH",162.0,3.2,36.2,0.0,,140ml,openfoodfacts,2
4023900545767,basis miso ramen,Bamboo Garden,21.0,1.1,2.7,0.5,100 g,,openfoodfacts,3
4023900546320,chinesische sojasauce,Bamboo Garden,68.0,7.8,4.0,0.2,,200ml,openfoodfacts,2
4024884010500,bio brotchen demeter rusti,"Herzberger, herzberger Bäckerei",255.0,9.0,47.3,2.2,50 g,50g,openfoodfacts,4
4025500165413,corner strawberry,müller,112.0,4.0,15.2,3.8,150g,150g,openfoodfacts,2
4025500165437,corner,müller,111.0,4.3,13.9,3.9,,150g,openfoodfacts,1
4025500165451,apricot corner peach,müller,105.8,4.0,13.9,3.8,,150g,openfoodfacts,3
4025500165550,corner hoops toffee,müller,153.0,4.1,21.1,5.0,,135g,openfoodfacts,3
4025500165598,corner shortcake strawberry,Müller,154.3,4.1,21.2,5.9,,135g,openfoodfacts,3
4025500245078,and apricot corner peach,"Muller, Scratch",111.0,4.3,13.9,3.9,,,openfoodfacts,4
4025500297329,frappe,Müller,73.0,3.4,11.5,1.4,,,openfoodfacts,1
40255101,erdbeere froop,Müller,91.0,3.4,15.2,1.5,,150g,openfoodfacts,2
40255514,froop maracuja pfirsich,Müller,106.0,3.7,17.0,2.2,150g,150g,openfoodfacts,3
4026279971656,doner food pizza street,Mekkafood,237.0,11.0,29.0,8.5,,,openfoodfacts,4
4026571001877,schafskase tomate,Pflaum‘s,284.0,7.8,5.6,25.3,,130g,openfoodfacts,2
40269337,chabeso,Riegele,39.0,0.0,9.6,0.0,,"0,5l",openfoodfacts,1
4026941004026,bete rote,Isar Moos,55.0,0.9,11.3,0.1,,210g,openfoodfacts,2
4027400149029,curry kruiden,Hela,135.0,0.8,31.5,0.3,10 gram,500 gram,openfoodfacts,2
4027900244118,paprika rosenscharf,Fuchs,26.4,0.8,4.55,0.27,,60g,openfoodfacts,2
4028332350217,frischkase pur,Weissenhorner,255.0,5.3,2.2,25.0,100 g,,openfoodfacts,2
4030387760590,eszet schnitten,Stollwerk GmbH,543.0,6.0,57.0,32.0,,75g,openfoodfacts,2
4030800064410,paprikasauce,Homann,87.0,0.9,18.0,0.5,,400ml,openfoodfacts,1
4031759402049,akcaabat kofte,,222.0,12.0,5.4,16.8,,,openfoodfacts,2
4031931002807,schwarzbrot,,220.0,5.5,46.9,1.0,,500g,openfoodfacts,1
4032277013090,seitami,Wheaty,250.0,30.0,5.4,11.0,,,openfoodfacts,1
4032549003323,buchweizen,"Divogan, Dovgan",340.0,12.6,62.0,2.9,,300g,openfoodfacts,1
4032549005914,matroschka sandwich,Dovgan,186.746987951807,3.85542168674699,20.4819277108434,9.75903614457831,83 g,83 g,openfoodfacts,2
4032586001030,esener sommerbrot,Demeter,230.0,9.5,28.0,7.1,,300g,openfoodfacts,2
4033122007042,bio quinoa,dm,363.0,12.0,62.0,5.9,,1pcs,openfoodfacts,2
40345512,smarties,Nestlé,470.0,5.4,68.8,18.7,19 g,130g,openfoodfacts,1
4034900027733,creme patisserie,Meggle,300.0,0.8,12.0,28.0,,1000 ml,openfoodfacts,2
4034900027757,da montare panna zuccherata,Meggle,300.0,0.8,12.0,28.0,,500,openfoodfacts,4
40352442,tonka zucker,RUF,399.0,0.5,99.0,0.5,,8g,openfoodfacts,2
40356709,apart san,Küchle,392.0,3.3,94.0,0.5,,125g,openfoodfacts,2
4037300104004,erbseneintopf,Erasco,79.0,4.7,10.0,1.3,,800g,openfoodfacts,1
4037300108248,erbsensuppe hubertus,"Erasco, Erasco (Eintopf)",88.0,5.7,10.0,1.8,,800g,openfoodfacts,2
4037300108255,bohnen eintopf weie,"Erasco, 1%",67.0,3.6,8.2,1.3,400g,800g,openfoodfacts,3
4037300108460,bohnensuppe serbische,"Erasco, GB Foods Deutschland",60.0,2.7,8.0,1.2,250 ml,800 g / 750 ml,openfoodfacts,2
4037300108903,texas topf,Erasco,76.0,3.9,8.1,2.3,400 g,800g,openfoodfacts,2
4037400345970,partyfred,Kathes,351.0,1.4,85.0,0.2,1 portion (8 g),210g,openfoodfacts,1
4037400346106,katjes,Katjes,327.0,1.8,76.0,0.2,,,openfoodfacts,1
4037400346212,drakritze,Katjes,346.0,0.2,85.0,0.2,1 piece (9 g),,openfoodfacts,1
4040295110004,barchen fruchtsaft,Apotheke Mache,329.0,5.8,75.0,0.1,22 g,,openfoodfacts,2
4040328084852,sucuk,Suntat,369.0,18.0,0.7,32.0,,,openfoodfacts,1
4041131002200,extra mostaza,Löwensenf,173.0,8.9,1.5,12.6,,,openfoodfacts,2
40436012,harzer,LOOSE,125.0,30.0,0.1,0.5,100g,1pcs,openfoodfacts,1
4044564752803,hexen zauber,Hexen-Eis,202.0,2.5,23.0,11.0,45 g,6 x 65 g,openfoodfacts,2
4044703014762,booster herbs,Booster,42.0,0.0,10.0,0.0,330 ml,,openfoodfacts,2
4045198902220,durian,,147.0,1.0,27.0,5.0,,,openfoodfacts,1
4045357004383,bresso,Bresso,237.0,7.1,4.9,21.0,20 g,150g,openfoodfacts,1
4045357011442,brunch,Brunch,220.0,5.5,4.9,20.0,20 g,185g,openfoodfacts,1
40455860,cafe creme pour,Frischli,118.0,0.1,4.0,10.0,,"10x10 gr (10x9,77 ml)",openfoodfacts,3
4047046006098,caffe kaffeepads pads senseo,Senseo,36.0,0.8,4.7,1.5,,"8 x 11,5 g",openfoodfacts,4
4047247000154,zucker,Diadem,400.0,0.0,100.0,0.0,,1000g,openfoodfacts,1
4047247037495,bohnen in riesen tomatensosse,Lyttos,180.0,5.3,14.0,11.0,,12pcs,openfoodfacts,4
4047247047562,ochsenschwanz suppe,"BUSS, la finesse",52.0,2.5,4.6,2.5,800ml,800ml,openfoodfacts,2
4047247047593,bihuhnsuppe,"Aldi, Asia Green Garden, Buss Fertiggerichte",43.0,2.0,5.5,1.4,,400 ml,openfoodfacts,1
4047247051163,in pikanter riesenbohnen tomatensoe weie,Lyttos,165.0,6.5,20.0,5.2,70g,280g,openfoodfacts,5
4047247052115,baumstamm,Aldi,550.0,6.0,57.0,32.0,,100g,openfoodfacts,1
4047247078931,cookies danish,Biscotto,483.0,4.5,60.0,24.0,,150 g,openfoodfacts,2
4047247121248,back camembert,la finesse,321.0,16.0,14.0,22.0,,300g,openfoodfacts,2
4047247221269,kasesuppe,"La finesse, Speisezeit",95.0,3.0,3.2,7.7,,800g,openfoodfacts,1
4047247221276,mitternachtssuppe,"Speisezeit, la finesse",101.0,5.5,6.4,5.5,,800g,openfoodfacts,1
4047247230124,dip mediteran,Le Gusto,315.0,10.3,47.2,6.6,,60g,openfoodfacts,2
4047247248488,biscotto kekse mannschafts,Biscotto,476.0,5.8,60.0,23.0,,,openfoodfacts,3
4047247268318,eintopf texas,La Finesse,86.0,5.1,9.2,2.5,400.0g,,openfoodfacts,2
4047247274104,bananennektar,Rio d'oro,53.0,0.5,13.0,0.5,,1l,openfoodfacts,1
4047247283762,choco duo,Biscotto,469.0,5.6,67.0,19.0,,500 g,openfoodfacts,2
4047247288194,frischkase natur,Aldi,128.0,7.6,3.3,9.0,100 g,200 g,openfoodfacts,2
4047247571043,kabanossi mini scharf,landbeck,379.0,24.0,1.0,31.0,125 g,250g,openfoodfacts,3
4047247578608,poffertjes,"Lidl, snack Time",345.0,5.7,37.0,19.0,,415g,openfoodfacts,1
4047247581363,panda pausensnack,,500.0,30.0,0.5,42.0,,40g,openfoodfacts,2
4047247906913,dose wachsbrechbohnen,"Aldi, King‘s Crown, Kings Crown",24.0,1.4,2.8,0.2,,800g,openfoodfacts,2
4048517741883,birne saft,granini,43.0,0.0,9.9,0.0,,1l,openfoodfacts,2
4052485403339,hahnchenbrust,Gut Ponholz,107.0,23.0,0.7,1.7,100 g,380g,openfoodfacts,1
4053736998727,hahnchen minis,Kaufland,266.0,14.3,18.2,14.9,,,openfoodfacts,2
4056469931337,confirure,,107.0,0.4,24.5,0.2,,,openfoodfacts,1
4056489021476,choco rice,CROWNFIELD,395.315487571701,7.4,84.2,1.8,100 g,900 g,openfoodfacts,2
4056489068846,onion tofu,,121.0,12.0,2.0,7.0,,180 g,openfoodfacts,2
4056489085751,herb spinach wraps,Lidl,281.69014084507,7.04225352112676,47.887323943662,7.04225352112676,1 tortilla (71 g),,openfoodfacts,3
4056489089803,becher frischkase krauter,Milbona,265.0,6.0,4.0,25.0,,200g,openfoodfacts,3
4056489100522,mehrkorn toastbrotchen,Grafschafter,259.0,10.3,42.5,4.46,56 g,6pcs,openfoodfacts,2
4056489109907,aux creme oeuf,Lidl,160.0,4.4,17.7,8.0,,4 x 100 gr,openfoodfacts,3
4056489118206,erdbeere skyr,Milbona,56.0,8.9,4.5,0.2,100 gram,500unknown,openfoodfacts,2
4056489123422,erbsen,Freshona,93.0,6.9,10.4,1.5,250 g,1kg,openfoodfacts,1
4056489123439,erbsen tk,Freshona,66.0,4.0,10.0,0.0,,1000g,openfoodfacts,2
4056489123569,himbeeren,"Acona, Freshona",53.0,1.6,12.0,0.3,,500g,openfoodfacts,1
4056489123576,himbeeren obst,"Lidl, Obst",43.0,1.3,4.8,0.3,,500g,openfoodfacts,2
4056489139379,baked pizza stone,"Lidl,Trattoria Alfredo",261.0,12.7,29.8,9.5,,,openfoodfacts,3
4056489156932,sweetcorn,Lidl,73.0,2.57142857142857,12.4285714285714,1.0,0.5 cans (70 g),150 g,openfoodfacts,1
4056489168065,aufschnitt schinken,Lidl,230.0,30.0,0.5,12.0,100 g,1pcs,openfoodfacts,2
4056489183631,haferbrot kornkraft pure,Grafschafter,286.0,11.4,20.1,15.1,100 gram,400unknown,openfoodfacts,3
4056489185666,buraczki,Lidl,93.0,1.0,12.8,3.7,1 portion (300 g),,openfoodfacts,1
4056489189503,krustenspitz,Grafschafter,274.0,9.9,38.6,6.7,,360g,openfoodfacts,1
4056489216223,protein quark raspberry,Pilos,70.0,12.5,3.6,0.5,200 gram,200 gram,openfoodfacts,3
4056489222637,iberico jamon,Deluxe,307.0,29.5,0.0,21.0,,,openfoodfacts,2
4056489223023,kase pizza steinhofen vier,"Trattoria Alfredo,Ospelt food,Lidl",214.0,10.5,21.1,9.1,340 g,680 g (2 x 340g),openfoodfacts,4
4056489254157,bio byskawiczne owsiane patki,Crownfield,364.0,14.2,55.1,6.9,40g,500g,openfoodfacts,4
4056489254683,thunfisch,"Nixe,Lidl",111.0,26.0,0.0,0.7,150 g,150 g,openfoodfacts,1
4056489265351,crispbread rye,Soder Garden,333.333333333333,6.66666666666667,66.6666666666667,0.0,0.135 crispbread (15 g),,openfoodfacts,2
4056489292395,eier,Lidl,153.0,13.0,0.6,11.0,,10pcs,openfoodfacts,1
4056489331599,parky spisske,Pikok,247.0,14.3,1.0,20.6,50 g,,openfoodfacts,2
4056489331896,niva,Pilos,307.0,19.0,1.25,25.0,120 g,120g,openfoodfacts,1
4056489342915,bread honey,Lidl,285.7143,10.7143,53.5714,3.5714,,,openfoodfacts,2
4056489356172,neo,"Sondey,Lidl",472.727272727273,5.45454545454545,69.0909090909091,19.0909090909091,11 g,154 g,openfoodfacts,1
4056489374725,biefstukpuntjes,Lidl,92.0,18.6,0.7,1.6,100 gram,100 gram,openfoodfacts,1
4056489421504,pistazienkerne,Alesto,612.0,23.4,11.2,50.4,100 g,100g,openfoodfacts,1
4056489424918,beurre cacahuetes crunchy de,McKennedy by lidl,651.0,30.2,15.8,51.1,100 g,454g,openfoodfacts,4
4056489438243,fishcake haddock smoked,Lighthouse Bay,197.709923664122,9.31297709923664,24.1984732824427,7.48091603053435,1 unit (131 g),,openfoodfacts,3
4056489441298,pesto rosso sauce,Vemondo,384.0,4.2,7.9,37.0,1 portion (100 g),190g,openfoodfacts,3
4056489442950,picco pizzi schinken,"Lidl,Trattoria Alfredo",231.0,10.3,30.2,7.2,1 mini pizza (30 g),360 g,openfoodfacts,3
4056489451068,pizza stonebaked,"Trattoria Alfredo,Lidl",198.0,7.7,27.0,6.0,100g,700 g,openfoodfacts,2
4056489453482,kafijas krejums,Pilos,118.0,3.0,4.0,10.0,,,openfoodfacts,2
4056489469568,bevanda cocco e riso,Vemondo,20.3154875685,0.1,2.7,0.9,,,openfoodfacts,4
4056489495857,cheese mini pizzas,"Trattoria Alfredo,Lidl",277.0,10.8,28.4,13.0,,,openfoodfacts,3
4056489496663,rinderhack,Bio,234.0,18.0,0.0,18.0,,300g,openfoodfacts,1
4056489515982,quark traum,Milbona,80.8,7.4,12.2,0.2,,,openfoodfacts,2
4056489561873,baps white,Connell Bakery,316.0,9.3,50.4,3.3,,,openfoodfacts,2
4056489572602,picco pizzi,"Trattoria Alfredo,Lidl",214.0,11.0,25.0,7.7,,,openfoodfacts,2
4056489575375,amendoa bisoitos de,"La Cestera,Lidl",472.0,10.3,63.0,19.0,,,openfoodfacts,3
4056489576792,kaffeebohnen,Bellarom,200.0,20.0,10.0,10.0,,1kg,openfoodfacts,1
4056489612032,chips s tartufima,Lidl Deluxe,522.0,6.9,59.0,28.0,,,openfoodfacts,3
4056489616931,bio infusion thym,Lord Nelson,1.0,0.0,0.2,0.0,,30 g,openfoodfacts,3
4056489634904,espremido sumo,Solevita,52.0,0.3,12.2,0.1,,,openfoodfacts,2
4056489638803,cubyys kaubo,Sweet Corner,403.0,1.4,83.1,7.1,,220g,openfoodfacts,2
4056489680802,kippensoep,Kania,20.0,0.5,4.0,0.2,193 ml,60 ml,openfoodfacts,1
4056489681731,biefstuk duitse,Lidl,120.0,19.12,1.28,4.32,125 gram,250 gram,openfoodfacts,2
4056489689799,cocinar nata para,"Lidl,Milbona",164.0,2.8,4.3,15.0,,,openfoodfacts,3
4056489691952,pizza steinhofen tonno,"Lidl,Trattoria Alfredo",219.0,10.2,25.9,7.8,355 g,710 g,openfoodfacts,3
4056489703990,knusperbrot weizen,"Vemondo,Lidl",385.0,13.0,70.0,4.0,,125 g,openfoodfacts,2
4056489704096,basmati bio reis,Golden Sun,355.0,8.16,78.1,0.8,1 portion (62.5 g),1kg,openfoodfacts,3
4056489725671,dusena sunka,Pikok,97.0,14.3000001907349,0.300000011920929,4.0,12.5g,,openfoodfacts,2
4056489726135,pizza so sunkou,"Trattoria Alfredo,Lidl",209.0,11.0,29.0,5.3,100 g,,openfoodfacts,3
4056489741022,kippenonderbout,Lidl,137.0,19.0,0.0,6.8,,,openfoodfacts,1
4056489744757,beef minute stakes,Lidl,117.82982791587,23.0,0.1,2.7,65.0g,,openfoodfacts,3
4056489748632,queso tostado viejo,Roncero,454.0,25.6,1.1,38.6,,,openfoodfacts,3
4056489754527,kania,Kania,99.0,2.2,12.2,4.3,85 g,85,openfoodfacts,1
4056489766391,burak kiszony,Freshona,27.0,1.0,5.5,0.0,,,openfoodfacts,2
4056489774761,javorovy sirup,Maribel,355.0,0.0,87.0,0.0,,189 ml,openfoodfacts,2
4056489789062,hahnchen mini steaks,Metzgerfrisch,107.0,23.0,0.0,1.7,100 g,800g,openfoodfacts,3
4056489792123,mayonaise,kania,628.0,1.0,3.8,67.5,1 Eetlepel (25 g),650 ml,openfoodfacts,1
4056489810575,cabanossi cheddar cheese with,Pikok,387.0,25.0,10.0,27.0,,,openfoodfacts,4
4056489817581,cobs corn mini,Freshona,113.0,4.0,18.0,1.9,,,openfoodfacts,3
4056489822196,kochhinterschinken,Dulano,112.0,20.0,1.0,3.0,,250g,openfoodfacts,1
4056489829010,babapiskota,Sondey,390.0,11.3,74.0,4.6,,200g,openfoodfacts,1
4056489837015,dansk i oksekd tern,Madværket,124.0,21.1,1.0,4.0,,,openfoodfacts,4
4056489837398,protein skorice tvarohova tycinka,Milbona,344.0,19.2,26.3,17.8,40 g,,openfoodfacts,4
4056489838838,jautienos makaronai skonio,Karališki,193.196303377947,2.4,15.2,4.9,1 portion (60 g),,openfoodfacts,3
4056489840459,weichkase,Schlemmermeyer,431.0,12.6,0.6,42.0,,350 g,openfoodfacts,1
4056489844747,kikerherned,"Freshona, Bio Organic",123.0,6.9,22.1,1.9,,400g,openfoodfacts,1
4056489848479,chorizo soup tomato,Deluxe,69.0,3.1,7.5,2.8,1 tin (400 g),,openfoodfacts,3
4056489857358,proteinova ryza,Milbona,91.0,7.7,9.9,2.3,200 gram,200 gram,openfoodfacts,2
4056489860648,kipdijfet,Lidl,163.0,18.4,0.0,10.0,100 g,,openfoodfacts,1
4056489860846,kebab kipdijreepjes,Scharrelkip,135.0,18.3,1.3,5.9,1 g,,openfoodfacts,2
4056489861553,bio kefir,Milbona,8.6,0.68,0.8,0.3,1 bottle (500 ml),,openfoodfacts,2
4056489877172,kase knackebrot kurbiskerne,Grafschafter,242.112810707457,18.0,46.0,17.0,,,openfoodfacts,3
4056489887690,pomazanka rajcatova,Vemondo,245.0,0.6,13.9,20.4,20 g,150 g,openfoodfacts,2
4056489890164,arizona kipdij,Lidl,237.0,16.1,1.3,18.5,100 g,,openfoodfacts,2
4056489896234,cheese mini pizzas tomato,"Trattoria Alfredo,Lidl",267.0,14.1,30.9,9.2,83g,4 x 83g,openfoodfacts,4
4056489899655,and carrot coriander soup,Chef Select Lidl,39.0,0.5,5.4,1.2,,,openfoodfacts,4
4056489901259,chorizo cod fishcakes,Deluxe,187.857142857143,9.5,18.5,8.42857142857143,1 fishcake (140 g),,openfoodfacts,3
4056489908760,baked crust pizza stone think,"Trattoria Alfredo,Lidl",233.0,11.3,32.9,5.6,330 g,2 x 330 g,openfoodfacts,5
4056489917571,edamame sojabohnen,Freshona,200.0,18.2,8.4,9.0,,1pcs,openfoodfacts,2
4056489918707,sauce yakiniku,Vitasia,196.0,3.1,46.0,0.0,1 portion (100 g),250g,openfoodfacts,2
4056489919582,aspik in schinken,Dulano,80.0,13.0,2.0,2.0,,200g,openfoodfacts,3
4056489943808,kevyt meetvursti,Dulano,290.0,23.0,0.0,22.0,100 g,,openfoodfacts,2
4056489955023,proteine yaourt,Milbona,84.0,7.8,9.4,1.5,1 Becher (200 g),,openfoodfacts,2
4056489957966,apricot jam,Maribel,221.0,0.5,53.1,0.1,,450g,openfoodfacts,2
4056489969051,bio concentree de puree tomates,,72.0,3.8,11.5,0.2,,,openfoodfacts,5
4056489977223,chciken fried,Lidl,208.0,17.6,19.3,6.5,60 gram,330 gram,openfoodfacts,2
4056489979463,kania kerrie,Kania,108.0,0.7,13.5,5.5,100 gram,490 gram,openfoodfacts,2
4056489983088,bratwurst rost,"Grillmeister,Lidl",285.0,14.0,1.0,25.0,,1000g,openfoodfacts,2
4056489983477,bio hafer ohne zucker,Vemondo,33.0,0.6,3.7,1.5,100 g,1l,openfoodfacts,4
4058172960246,eintopf kichererbsen,DmBio,91.0,3.0,11.0,3.1,,400g,openfoodfacts,2
4058700711852,harissa,KATTUS,171.0,5.0,14.3,8.5,,70g,openfoodfacts,1
4058700731058,fond rinder,"Escoffier, Escoffier Culinaire",7.0,1.0,0.4,0.1,,400ml,openfoodfacts,2
4059699021144,becher minz schoko,Eismann,234.0,3.0,27.6,12.2,1 portion (50 g),,openfoodfacts,3
4059699055149,in karotten scheiben,Eismann,27.8,0.6,4.3,0.4,1000,1000unknown,openfoodfacts,3
4059699080165,tannenzapfenkroketten,Eisman,179.0,2.3,24.0,7.5,,750g,openfoodfacts,1
4059699094131,au de pommes romarin terre,Eismann,160.0,2.9,22.4,5.9,,,openfoodfacts,5
4060800168344,iced peach tea,Lipton,6.225912,0.0,1.55724,8.4e-06,,1.26L,openfoodfacts,3
4061289006226,choco maxwhey,Maxi Nutrition,374.0,75.0,5.3,4.9,1 serving (100 g),,openfoodfacts,2
4061458004107,dose mandarinen,"ALDI SWEET VALLEY OBST,Otto Franck Import,Sweet Valley",66.0,0.7,15.0,0.5,175 g,175g,openfoodfacts,2
4061458004541,kerne mix,Gut bio,573.0,24.0,8.0,48.0,,275 g,openfoodfacts,2
4061458011167,sojasauce,"Aldi,Asia Green Garden",59.0,8.3,6.0,0.5,,250ml,openfoodfacts,1
4061458014786,zazikiquark,"Elsdorfer Molkerei und Feinkost,Milsani",127.0,6.9,3.7,9.4,,200g,openfoodfacts,1
4061458016117,rostbratwurst,"Aldi,Gut Drei Eichen",286.0,14.0,1.0,25.0,,540g,openfoodfacts,1
4061458016216,schinken wurst,Aldi,280.0,21.0,0.7,22.0,1 Sausage (60 g),300g,openfoodfacts,2
4061458016445,schinken teewurst,Gut Drei Eichen,356.0,16.0,1.0,32.0,26.0g,26g,openfoodfacts,2
4061458020893,pinienkerne,"Trader Joe's, Glas mit schraubverschluss",596.0,24.0,7.3,51.0,,50g,openfoodfacts,1
4061458028370,scharfer senf,Delikato,183.0,9.0,1.7,14.0,,200g,openfoodfacts,2
4061458030595,mini sensation,"DMK Eis, Mucci",347.0,3.7,33.0,22.0,35g,429 g,openfoodfacts,2
4061458041010,aprikose fruchtaufstrich,Grandessa,177.0,0.7,42.0,0.5,,250g,openfoodfacts,2
4061458043250,brie spitze,"Roi de Trefle, Aldi",355.0,17.0,1.0,32.0,,200g,openfoodfacts,2
4061458045797,mehrkorn wraps,Goldähren,311.0,7.74,51.0,7.26,1 serving (62 g),372 g (6 x 62 g),openfoodfacts,2
4061458047227,ananas frischkase papaya,Alpenmark,317.0,8.3,15.0,24.4,100g,125g,openfoodfacts,3
4061458047739,frischkase krauter,"Aldi, Bayernland, Hofburger",241.0,5.4,3.0,23.0,,300g,openfoodfacts,2
4061458047814,mini reibekuchen,"Aldi, Landfreude, Pahmeyer",178.0,2.8,21.0,8.5,,300g (6 Stück),openfoodfacts,2
4061458049009,kritharaki,"Aldi,Kreta Food,Lyttos",362.0,12.0,73.6,1.5,,500g,openfoodfacts,1
4061458065832,amaranth pops,"Aldi, Gut Bio, ALDI GUT BIO",396.0,14.0,66.0,7.0,,300g,openfoodfacts,2
4061458065849,bio pops quinoa,"Aldi, ALDI GUT BIO, Gut Bio",382.0,13.0,66.2,5.2,,200g,openfoodfacts,3
4061458086974,hahnchen paprika,Aldi,162.0,18.7,0.7,9.3,100 g,550g,openfoodfacts,2
4061458089647,curry hahnchensteaks,Aldi,113.0,20.0,0.5,3.4,1 serving (100 g),550g,openfoodfacts,2
4061458145077,buffet hinterschinken koch,"Gut Drei Eichen,Sauels,Aldi",103.0,20.0,1.0,2.0,100 g,150g,openfoodfacts,3
4061458149693,ceci,"King’s Crown, Aldi",119.0,7.0,15.0,2.1,265 g,265g,openfoodfacts,1
4061458178907,durum,Goldähren,302.0,9.0,53.0,5.7,100 g,6pcs,openfoodfacts,1
4061458216975,fettarm schokodrink,"Aldi, AF Deutschland, Milsani",64.0,3.7,8.0,1.8,,0.5l,openfoodfacts,2
4061458232142,kirsche skyr,"Aldi, Karwendel, Milsani",74.0,9.5,8.0,0.2,500 g,500 g,openfoodfacts,2
4061458236928,protein wraps,Goldähren,318.0,18.4,38.5,8.7,40 g,320g,openfoodfacts,2
4061458239233,brotchen toast weizen,Goldähren,242.0,10.0,45.0,1.8,56 g,335 g,openfoodfacts,3
4061459052275,chips potato sweet,Seasons Pride,155.0,12.0,18.5,6.9,1 portion (100 g),,openfoodfacts,3
4061459110289,ei pute sandwich,"Daylicious,Natsu Foods",277.0,9.6,19.7,17.4,185 g,185 g,openfoodfacts,3
4061459110968,pancetta smoked,Aldi The Deli,287.5,17.5,0.0,24.25,0.2 pack (40 g),,openfoodfacts,2
4061459167207,bio zitronen,"Aldi, Bio, Gut Bio",36.0,0.7,3.2,0.6,,500g,openfoodfacts,2
4061459215007,catfish,Fremont Fish Market,116.071428571429,15.1785714285714,0.0,6.25,1 portion (112 g),,openfoodfacts,1
4061459297898,basmatireis,"Bon-Ri, basmati",358.0,8.6,78.0,1.1,100 g,1000g,openfoodfacts,1
4061459531732,a depot vitamin zink,Vitalis,0.0,0.0,0.0,0.0,5 g,,openfoodfacts,4
4061459561425,and cookies cream mochie,Sundae Shoppe,238.095238095238,3.33333333333333,44.2857142857143,5.23809523809524,6 mochi (210 g),,openfoodfacts,4
4061459657913,reispapier tapioka,"Asia Green Garden,Clama",349.0,0.4,86.0,0.4,,250 g,openfoodfacts,2
4061459700954,fruchtdessert,,88.0,0.6,19.0,0.5,,,openfoodfacts,1
4061459755510,uzsonnasonka,Aldi,124.0,15.0,2.5,6.0,25.0g,,openfoodfacts,1
4061459899597,french onion soup,Bramwells,19.6,0.6,3.6,0.12,250 ml,,openfoodfacts,3
4061459976267,mix sommerfrucht,Aldi,48.0,0.6,9.9,0.1,150 g,,openfoodfacts,2
4061461012816,honey rich sweet,BRAMWELLS,340.0,0.4,83.2,0.4,1 portion (25 g),,openfoodfacts,3
4061461085704,aufschnitt hahnchenbrust scheiben,Güldenhof,53.5,21.2,1.0,2.0,100 g,200 g,openfoodfacts,3
4061461101503,butter syrup,Millville,200.0,0.0,50.0,0.0,1 portion (30 ml),,openfoodfacts,2
4061461153892,beef burrito naked,Inspired Cuisine,165.142857142857,11.1815561959654,15.2449567723343,4.61095100864553,347g,,openfoodfacts,3
4061461159368,casarecce,Priano,357.142857142857,14.2857142857143,73.2142857142857,1.78571428571429,1 dry portion (56 g),,openfoodfacts,1
4061461170851,ham spiced,CORALE,191.764705882353,14.0,2.70588235294118,14.0,1 portion (85 g),,openfoodfacts,2
4061461222185,streichwurst,Hütthaler,340.0,13.0,0.5,32.0,1 portion (25 g),,openfoodfacts,1
4061461252380,bbq,The Deli,108.0,21.0,2.5,1.5,1 serving (30 g),,openfoodfacts,1
4061461293659,fruchte papaya tropische,Asia Green Garden,63.0,0.4,14.1,0.0,,250g,openfoodfacts,3
4061461321246,berry fizzy,Pur Aqua,2.8169014084507,0.0,2.25352112676056,0.0,355ml,,openfoodfacts,2
4061461371203,chips cinnamon,Golden Bridge,435.0,7.4,75.0,11.0,1 portion (30 g),,openfoodfacts,2
4061461396923,bratwurst cheddar chicken,Simply Nature,147.058823529412,20.5882352941176,1.47058823529412,5.88235294117647,1 portion (68 g),12 oz,openfoodfacts,3
4061461401467,burrito chicken,WORLD KITCHEN,94.2857142857143,13.9142857142857,19.3142857142857,10.4,1 portion (350 g),,openfoodfacts,2
4061461465339,sandwich scheiben,Homburger,340.0,18.5,3.1,28.0,20 g,200g,openfoodfacts,2
4061461497941,kruhu piscancji proteinskem v zrezek,Good Choise,243.307839388145,13.0,15.0,14.0,205 g,,openfoodfacts,5
4061461608101,curry main paneer,Bilash Cuisine,252.75,8.075,7.075,21.1,1 portion (400 g),,openfoodfacts,3
4061461630003,chicken mini tacos,Casa Mamita,262.626262626263,7.07070707070707,24.2424242424242,15.1515151515152,4 tacos (99 g),,openfoodfacts,3
4061461651541,dynamite fremont shrimp,Fremont,256.637168141593,7.07964601769912,27.4336283185841,13.2743362831858,1 portion (113 g),12 oz,openfoodfacts,3
4061461721992,cranberries dried,The Foodie Market,331.0,0.2,77.5,1.1,1 serving (30 g),,openfoodfacts,2
4061461733421,bio hahnchenbrust paprika,"Nur Nur Natur, Aldi, Kupfer",130.0,25.0,0.5,3.0,,80 g,openfoodfacts,3
4061461748302,crunchy rice star,Choceur,541.0,9.4,53.0,32.0,1 portion (14 g),,openfoodfacts,3
4061461828219,beef mince no,Plant Menu,214.0,18.9,13.4,7.1,,,openfoodfacts,3
4061461929671,assortment cracker entertainment,Specially Selected,406.25,9.375,78.125,7.8125,8 crackers (32 g),,openfoodfacts,3
4061461937430,bio streichcreme,"My Vay, Tofutown, InnFood Organic, Aldi",241.0,4.6,9.4,20.0,180 g,180g,openfoodfacts,2
4061461988388,chicken chips honey potato soy,Blackstone,492.351816443596,6.4,54.8,26.4,1 portion (25 g),,openfoodfacts,5
4061462059926,rosti toast,All Seasons,237.0,7.9,21.0,13.0,1 portion (100 g),1pcs,openfoodfacts,2
4061462066849,nusskati,Aldi,553.0,6.5,51.2,34.9,15.0g,400g,openfoodfacts,1
4061462091711,chicken herb parmesan tenders,Kirkwood,283.44671201814,21.2585034013606,19.8412698412699,12.7551020408163,1 portion (84 g),,openfoodfacts,4
4061462318108,nori seaweed sheets,Urban Eats,286.8068833652,0.7,0.9,0.1,1 portion (100 g),,openfoodfacts,3
4061462378126,mais soft tacos weizen,"Bienvenido Mexiko, Happy Snacks",290.0,7.7,52.2,4.7,1 Taco (25 g),300g,openfoodfacts,4
4061462408076,fruit rounds,Millville,384.615384615385,5.26315789473684,84.2105263157895,3.94736842105263,38g,,openfoodfacts,2
4061462410598,crunch honey n oats,Millville,384.615384615385,7.69230769230769,84.6153846153846,3.84615384615385,39g,18 oz,openfoodfacts,4
4061462604393,express reis,Bon-Ri,157.6,3.1,30.7,1.5,250 g,,openfoodfacts,2
4061462655340,cotto prosciutto,Cucina Nobile,124.0,21.0,1.0,4.0,120 g,,openfoodfacts,2
4061462655357,kirschtomaten passata,"Aldi, King‘s Crown",30.0,1.0,5.2,0.1,,360g,openfoodfacts,2
4061462660443,hahnchenbrust mit paprika,"Güldenhof,Stockmeyer",115.0,23.1,1.0,2.0,,150 g,openfoodfacts,3
4061462670541,fruchtsnack,SWEET VALLEY,109.0,11.0,13.0,0.5,,,openfoodfacts,1
4061462678165,sandwich stackers,Deli Originals,46.0,0.4,10.9,0.1,1 portion (100 g),,openfoodfacts,2
4061462688232,beef koftas,"Ready, Set... Cook!",221.333333333333,11.6,7.2,16.3333333333333,2 koftas (150 g),,openfoodfacts,2
4061462725913,putensteak sommerkrauter,BBQ,114.0,22.0,0.5,2.8,,550g,openfoodfacts,2
4061462791659,carb net wraps zero,L'oven Fresh,189.189189189189,6.0,14.0,3.5,1 wrap (37 g),37 g,openfoodfacts,4
4061462825637,cocoa pantry powder the,The Pantry,357.0,19.9,8.9,20.7,5g,250g,openfoodfacts,4
4061462845321,kokoskreme,"My Vay,Aldi",189.0,2.0,10.0,15.0,100 g,400 g,openfoodfacts,1
4061463171191,chicken peri wrap,,192.0,11.6,23.7,5.3,,,openfoodfacts,3
4061463222176,fruchtaufstrich,grandessa,198.0,0.4,47.8,0.2,,300g,openfoodfacts,1
4061463304032,cakes jaffa raspberry sweet,Benton's,400.0,4.0,72.0,10.0,2 pieces (25 g),,openfoodfacts,4
4061463417008,weizen wraps,Goldähren,313.0,7.7,55.0,6.0,,,openfoodfacts,2
4061463474278,and cheese ham quiche,Aldi,269.230769230769,10.7692307692308,20.0,16.1538461538462,0.2 quiche (130 g),23 oz,openfoodfacts,4
4061463479518,bbq sauce smokey,Colway,240.0,0.666666666666667,56.6666666666667,0.0,1 portion (15 ml),,openfoodfacts,3
4061463588951,kuverture zartbitter,"Back Family, Back Family zartb",515.0,6.9,46.0,31.0,,200g,openfoodfacts,2
4061463594198,pancakes scotch,Village Bakery,263.333333333333,6.33333333333333,49.0,4.33333333333333,1 pancake (30 g),,openfoodfacts,2
4061463653758,feta schnecke,Aldi,256.0,8.5,23.0,14.0,100 g,,openfoodfacts,2
4061463753861,churros mini,Sweet Haven,292.118121946038,4.44444444444444,39.4444444444444,12.2222222222222,1 portion (18 g),,openfoodfacts,2
4061463782595,naturreis,"Bio+, Aldi Bio",359.0,7.5,77.0,1.9,,1kg,openfoodfacts,1
4061463827715,manicotti,Priano,170.212765957447,8.51063829787234,18.0851063829787,7.4468085106383,1 manicotti (94 g),20 oz,openfoodfacts,1
4061463839473,acacia honey,Specially Selected,329.0,0.0,81.9,0.2,1 portion (15 g),340g,openfoodfacts,2
4061463847997,cheesecake new york,FINEST Bakery,286.0,5.9,36.0,13.0,1 portion (100 g),,openfoodfacts,3
4061463864741,huttenkase nature,Milsani,116.8,13.0,3.8,3.4,100 g,,openfoodfacts,2
4061463959317,chicken spicy tenders,Aldi,229.0,19.4,11.5,11.2,0.5 pack (144 g),,openfoodfacts,3
4061463991454,mix pancake protein,Millville,344.262295081967,24.5901639344262,57.3770491803279,2.45901639344262,61g,20 oz,openfoodfacts,3
4061464184503,pfefferbeier,Landbeck,384.0,23.0,1.0,32.0,,1pcs,openfoodfacts,1
4061464210806,crisps pastry,Millville,400.0,4.0,80.0,8.0,1 serving (25 g),,openfoodfacts,2
4061464338906,exotic studentenfutter,Happy Harvest,386.0,6.7,49.0,17.0,1 portion (30 g),1pcs,openfoodfacts,2
4061464364608,reduced sauce sodium soy,Burman’s,40.0,0.0,6.66666666666667,0.0,1 portion (15 ml),,openfoodfacts,4
4061464676169,beef powder stock,Chefs Cupboard,5.49713193116635,0.1,1.1,0.1,100 ml (100 ml),,openfoodfacts,3
4061464676459,de framboise sirop,Rio d'oro,52.0,0.0,13.0,0.0,250 ml,,openfoodfacts,3
4061464748668,crumpet,Aldi,184.0,5.8,37.3,0.6,1 crumpet (55 g),6,openfoodfacts,1
4062139025114,pepsi zero,PEPSI,0.5,0.0,0.0,0.0,330 g,0.33l,openfoodfacts,2
4062139025435,schwap schwip,Schwip Schwap,27.6,0.0,6.8,0.0,250 g,1pcs,openfoodfacts,2
4063367035005,eiskaffee,K-Classic,370.0,1.1,90.0,0.5,,275g,openfoodfacts,1
4063367086052,bratenfond,"Kaufland, K-Classic",6.0,0.8,0.5,0.5,,400ml,openfoodfacts,1
4063367144318,erbsen karotten mit pariser,"K-Classic, Kaufland, Kaufland Classic",49.0,3.0,5.5,0.7,100g,420g,openfoodfacts,4
4063367155116,sauerkirschen,K Classic,68.0,0.8,15.0,0.5,,350 g,openfoodfacts,1
4063367156823,bohnen kidneybohnen rote,K-Classic,98.0,8.0,12.0,0.7,100g,255g,openfoodfacts,3
4063367157042,wachsbrechbohnen,"K-Classic, Kaufland",23.0,1.3,2.2,0.5,,660g,openfoodfacts,1
4063367163227,sauerkraut wein,K-Classic,27.0,1.4,2.7,0.5,,520g,openfoodfacts,2
4063367226076,feine fettreduziert teewurst,K classic,285.0,16.7,0.5,24.0,34.0g,125g,openfoodfacts,3
4063367241833,backschinken,KClassic,117.0,20.5,1.0,3.0,,125g,openfoodfacts,1
4063367258619,bacon streifen,Kaufland Clasic,267.0,15.0,0.0,23.0,,125g,openfoodfacts,2
4063367258626,bacon scheiben,"Fleisch, K-Classic",289.0,16.0,0.0,25.0,,100g,openfoodfacts,2
4063367283987,tomaten,K-Classic,22.0,1.3,3.3,0.5,,400g,openfoodfacts,1
4063367330391,am cheddar schottischer stuck,K Favorites,416.0,25.0,0.1,35.0,,200g,openfoodfacts,4
4063367398568,backkakao offen,k classic,421.0,22.0,18.0,21.0,,250g,openfoodfacts,2
4063367437861,ananasstucke,K-Classic,59.0,0.49,13.0,0.49,,340g,openfoodfacts,1
4065019014239,airfrywr ovwrfrites,Potato King,135.0,2.4,21.0,4.4,,,openfoodfacts,2
4065019015540,roomkaas,Valblanc,244.0,4.4,3.2,24.0,30 gram,3 gram,openfoodfacts,1
4065019015786,saucijzenbroodjes,Afbakjer,350.0,9.0,24.0,24.0,70 g,280 gram,openfoodfacts,1
4065019028359,knackebrod pompoenpit robuust,Goud gebakken,442.0,16.0,68.0,10.0,17 gram,2 gram,openfoodfacts,3
4065019028663,kipspiesjes,Aldi,148.0,21.0,4.0,5.0,1 portion (190 g),,openfoodfacts,1
4065019032653,bapao kip,Snack Fan,234.166666666667,8.33333333333333,36.6666666666667,5.66666666666667,120 gram,240 gram,openfoodfacts,2
4065019143106,cakeje custard,Heerlijk Banket,388.0,4.6,55.0,17.0,40 gram,240 gram,openfoodfacts,2
4065059011434,cherry jam,Grandessa,152.0,0.9,36.0,0.5,1 portion (100 g),,openfoodfacts,2
4066447234749,cinnamon cream protein sportness,"DM Sportness, Sportness, dm",352.5,37.5,27.5,12.75,1 Riegel (40 g),40g,openfoodfacts,4
4066447327908,cizrna,Dm Bio,140.0,7.9,18.0,2.5,220 g,350g,openfoodfacts,1
4066447373127,traubenzucker,Mivolis,364.0,0.0,91.0,0.0,15 g,,openfoodfacts,1
4066447610048,stucke tomaten,DmBio,26.0,1.5,4.0,0.2,,240g,openfoodfacts,2
4066447712971,stevia,Mivolis,90.0,2.0,0.0,0.0,,6,openfoodfacts,1
4066447723045,bio dm pinienkerne von,DmBio,677.0,13.0,20.7,60.0,,60g,openfoodfacts,4
4066447855586,fruhstuckssaft,dm Bio,49.0,0.5,11.0,0.5,100 g,0.75l,openfoodfacts,1
4066447855661,bio direktsaft karotte,DM,32.5,0.5,6.8,0.5,100 ml,,openfoodfacts,3
4066447862997,na smes susenkove testo,DmBio,387.0,1.5,86.0,3.3,100 g,50g,openfoodfacts,4
4066447891584,cookie pistazien,DmBio,468.0,10.0,45.0,26.0,50 g,50 g,openfoodfacts,2
4066447891614,kasi na ovesnou smes,DmBio,374.0,23.0,54.0,5.4,,65 g,openfoodfacts,4
4066447892673,hanf paprika,dm Bio,144.0,4.4,9.5,9.0,135 g,,openfoodfacts,2
4066447909586,aufstrich toskana,dm Bio,369.0,4.4,6.7,36.0,,180g,openfoodfacts,2
4066447910025,beete meerrettich rote streichcreme,dm bio,322.0,4.2,7.9,30.0,,,openfoodfacts,4
4066447911824,cookies,dm bio,503.0,8.3,51.0,28.0,11 g,,openfoodfacts,1
4066447920819,marzipan schokoeier,DmBio,495.0,4.2,62.0,20.0,,125g,openfoodfacts,2
4066447936940,direktsaft sauerkraut,dmBio,12.0,0.8,1.5,0.5,,,openfoodfacts,2
4067517001384,maracuja topfencreme,landliebe,117.0,5.1,15.0,4.0,160 g,,openfoodfacts,2
4067796002102,drink natur reis,"DmBio, Dm",48.0,0.1,9.3,1.1,100 ml,1 L,openfoodfacts,3
4067796073355,arasidove kosicky,"DmBio,DM",607.0,14.0,36.0,45.0,1 serving (13 g),39g,openfoodfacts,2
4067796166040,schokotropfen zartbitter,DmBio,516.0,6.3,54.0,29.0,,,openfoodfacts,2
4067796168402,entsteint sauerkirschen,dm Bio,309.0,3.7,69.0,0.7,20 g,,openfoodfacts,2
4067796180206,whey,Sportness,366.0,80.0,4.7,2.3,30 g,,openfoodfacts,1
4067796251951,bio rosso tofu,dm Bio,277.0,15.0,1.7,17.0,,200g,openfoodfacts,3
4068134024381,peanut protein toffee white,Rossmann,411.111111111111,35.5555555555556,37.7777777777778,19.1111111111111,45 g,,openfoodfacts,4
4068134035097,kakao nibs,enerBio,603.0,13.0,10.0,53.0,,200g,openfoodfacts,2
4068134066671,hafer knusper,Ener Bio Rossmann,387.0,12.0,67.0,5.9,100 g,250g,openfoodfacts,2
4068134079497,cafe de peru,enerBio,396.6,14.4,40.2,15.4,,500g,openfoodfacts,3
4068134116307,kerne knabber,Ener Bio,124.051,24.611,14.495,21.9053,,200g,openfoodfacts,2
4068261094752,de saumon truite,Aldi,166.0,19.0,0.0,10.0,,2 x 125 g,openfoodfacts,3
4068261100354,bonbons fruitmix,Sweet Land,388.0,0.0,97.0,0.0,,,openfoodfacts,2
4068262007652,boeuf haches pur steaks,,125.0,20.0,0.0,5.0,,,openfoodfacts,4
4068262049638,coeur fondant,,345.0,6.7,41.0,17.0,,,openfoodfacts,2
4068262050009,aux poires tarte,,332.0,4.9,46.0,14.0,,500 g,openfoodfacts,3
4068262080624,de pommes sautees terre,,94.0,2.2,15.0,2.3,,,openfoodfacts,4
4068262087463,ajoutes pommes sans sucres,,53.0,0.5,12.0,0.0,,,openfoodfacts,4
4068262094874,corn mais pop,,335.0,10.0,61.0,3.0,,,openfoodfacts,3
4068262094928,epices hirira,,213.0,7.5,26.0,5.6,,,openfoodfacts,2
4068262099275,de emince porcs,,133.0,23.0,0.5,4.3,,,openfoodfacts,3
4068262101909,hachee viande,,207.0,18.0,0.5,15.0,,,openfoodfacts,2
4068263057212,chocoeur,,547.0,6.7,57.0,32.0,,,openfoodfacts,1
4068263060700,bbq fritas sabor tiras,Sun Snacks,544.0,5.5,52.0,34.0,,,openfoodfacts,4
4068263063220,americains cookies,,471.0,5.6,61.0,23.0,100 g,,openfoodfacts,2
4068264013828,com fiambre macarrao,Daylicious,168.0,8.1,16.0,7.8,100 g,,openfoodfacts,3
4068264015266,konjac rice,Bio,9.0,0.2,0.0,0.0,100 g,,openfoodfacts,2
4068264022226,bruschetta spread,Cucina,192.0,1.0,3.1,19.0,,190 gr,openfoodfacts,2
4068428025551,sesam,Bachman,434.0,14.0,71.0,9.6,15 gram,375 gram,openfoodfacts,1
4068428026107,knackebrod,Bachman,385.0,13.0,64.0,5.9,15 g,375 g,openfoodfacts,1
4068428027876,teriyaki woksaus,Aldi Asia Green Garden,164.0,2.3,30.0,3.9,100 g,,openfoodfacts,2
4068428031910,in kip satesaus,De drie Eiken,170.0,10.0,8.6,10.0,1 portion (200 g),800g,openfoodfacts,3
4068428056470,kip reepjes,ATC,116.0,18.0,3.1,3.5,50 gram,150 gram,openfoodfacts,2
4068428068930,mix paaseitjes,Aldi,547.0,3.9,59.0,32.0,,,openfoodfacts,2
4068445000234,toastbrotchen,K Classic,228.0,11.0,41.0,1.3,55.9 g,,openfoodfacts,1
4068706102639,pizzini,,409.0,13.0,69.0,8.4,,,openfoodfacts,1
4068706306242,passata rustica,Bio,30.0,1.2,4.7,0.5,680 g,1pcs,openfoodfacts,2
4068706351594,bbq hahnchen paprika rote steaks,Geka / aldi,134.0,19.6,0.5,5.8,100.0g,550g,openfoodfacts,5
4068706374463,toasties,Goldähren,226.0,8.5,38.4,3.2,56 g,,openfoodfacts,1
4068706433443,wheat wraps,Trader Joe'S,310.0,9.9,52.0,6.5,1 tortilla (62 g),744g,openfoodfacts,2
4068706439056,de fruits pomme puree,All Seasons,56.0,0.5,12.0,0.5,,29x90g,openfoodfacts,4
4068706568060,bio creamy erdnussmus,"Bio,Aldi",653.0,25.2,11.9,54.9,,250g,openfoodfacts,3
4068706598012,red smoothie,Rio D'Oro,55.0,0.4,11.7,0.2,,,openfoodfacts,2
4068706657634,banane de fruit pomme puree,"Aldi, Bio",64.0,0.5,15.0,0.5,,4 x 100 g,openfoodfacts,5
4068706773136,fraicho,,243.0,5.5,5.3,22.0,,,openfoodfacts,1
4068706873584,paprika sauer su,All Seasons,40.0,1.0,6.9,0.4,,530g,openfoodfacts,3
4068706905773,con hummus pimiento,Daylicious,295.0,7.0,12.0,24.0,,,openfoodfacts,3
4068706926525,brookie,Trader Joe‘s,533.0,5.5,55.0,32.0,100 g,,openfoodfacts,1
4068706976506,cakes choco mini,Trader Joe's,473.0,3.5,45.0,30.0,38 g,,openfoodfacts,3
4068706993015,piada,Cucina,318.0,7.3,50.0,8.6,1 portion (100 g),,openfoodfacts,1
4069365024652,schoko tropfchen wei,,545.0,4.6,62.7,30.7,,,openfoodfacts,3
4069365124598,beef chianti pizza,Aldi,103.139013452915,5.15695067264574,12.7354260089686,3.22869955156951,0.5 pizza (223 g),,openfoodfacts,3
4069365349090,ham thin wafer,Aldi,117.0,22.9,0.2,2.7,1 portion (100 g),,openfoodfacts,3
4069365380727,cookie pizza,Mama Cozzis,392.857142857143,3.57142857142857,64.2857142857143,14.2857142857143,9 z (28 g),,openfoodfacts,2
4069365382974,e fiori pancetta patate,Gourmet,253.824091778203,10.0,33.0,8.4,,,openfoodfacts,4
4069365410141,pepita seeda,Oh So Matural,555.0,36.0,3.2,43.2,,,openfoodfacts,2
4069365442296,chicken pizza spicy supreme,Mama cozzis,204.545454545455,10.6060606060606,21.2121212121212,8.33333333333333,0.2 pizza (132 g),,openfoodfacts,4
4069365448069,popz prebiotic raspberry tea,Benner Tea Co,9.86243314679245,0.0,2.8178380419407,0.0,1 can (12 fl oz),,openfoodfacts,4
4069365455876,puta,,270.0,9.4,51.0,2.6,,,openfoodfacts,1
4069365476444,beetroot dip roasted,Deli Originals,210.0,5.0,10.0,16.0,1 portion (20 g),,openfoodfacts,3
4069365611180,arrosto di petto tacchino,Gourmet,120.0,21.0,0.6,4.3,100 g,,openfoodfacts,4
4069551400000,sour,Nature Gummies,342.0,0.1,84.0,0.1,120 g,,openfoodfacts,1
4070308011158,bread corn crumbs,Wellgood By Penny,374.0,9.1,77.0,2.0,1 portion (100 g),,openfoodfacts,3
4070308027098,sahne saure,Ja!,116.0,3.2,3.4,10.0,,200g,openfoodfacts,2
4070308031477,sojacreme,"rewe, REWE Bio",180.69,3.6,3.4,17.0,,200ml,openfoodfacts,1
4070308041179,cashewmus,Rewe Bio,582.0,18.0,27.0,44.0,,,openfoodfacts,1
4070308057330,beerenmix bio,Rewe,43.0,0.9,7.8,0.5,,,openfoodfacts,2
4070308057545,kochschinken,Rewe Beste Wahl,171.0,20.0,0.8,9.8,20 g,90g,openfoodfacts,1
4070308083896,bio kochschinken,Rewe,112.0,20.0,1.0,3.0,,,openfoodfacts,2
4070757044073,active dairy,Milsani,91.0,4.2,12.0,2.9,,4 x 125 g,openfoodfacts,2
4070757081429,biftekitopf,Lyttos,91.0,3.6,8.5,4.4,,800g,openfoodfacts,1
4071800001081,weissbrot,"Gutes aus der Bäckerei,Harry",247.0,8.5,45.0,3.0,,750g,openfoodfacts,1
4071800001371,sammys toastbrot,Harry,255.0,8.42,44.7,3.68,38 g,750g,openfoodfacts,2
4071800004372,krustenbrot,"Harry,Harry Bäckerfrisch",217.0,6.5,43.0,1.0,50.0g,500g,openfoodfacts,1
4071800034805,brotchen,"Harry-Brot GmbH, verschiedene",256.0,8.5,50.0,1.8,80 g,480g,openfoodfacts,1
4071800038803,toastbrot,Harry,259.132534970313,8.8,39.0,6.0,38 g,375g,openfoodfacts,1
4071800058269,eiweibrot,"Harry, Harry-Brot GmbH",256.0,15.0,29.0,7.5,56 g,225 g,openfoodfacts,1
40822747,schweppes,Coca-Cola,19.2,0.0,4.5,0.0,,50 cl,openfoodfacts,1
40877372,hvede toast,Madværket,251.0,7.1,50.4,1.8,33.3 g,,openfoodfacts,2
40881621,bonbons choco,Mister Choc,543.0,8.7,52.5,33.0,,200 g,openfoodfacts,2
40882390,schokobrotchen,Lidl,368.0,7.1,38.4,20.3,68 g,,openfoodfacts,1
40884783,frantumato kania peperoncino,Kania,44.3,1.87,7.7,0.32,,30g,openfoodfacts,3
4088600040905,chicken cooked,Ashfield,94.0,21.3,0.5,0.7,1 slice (11 g),,openfoodfacts,2
4088600042848,beef british of roast topside,Ashfields,111.538461538462,24.6,0.5,1.4,26 G,130 g,openfoodfacts,5
4088600050898,fruits sunshine,Aldi,78.0,3.9,13.0,1.2,,,openfoodfacts,2
4088600053653,cakes corn,Aldi,388.888888888889,7.9,88.2,0.8,1 rice cake (7.2 g),130g,openfoodfacts,2
4088600061344,beef british steak,Everyday Essentials,59.0308370044053,24.0,0.4,4.3,100g,,openfoodfacts,3
4088600084251,bacon bake pasta tomato,Cucina,70.1612903225806,1.9,7.7,6.0,,495 g,openfoodfacts,4
4088600118123,fruit passion skyr,Aldi,34.0,5.26666666666667,3.0,0.133333333333333,150 g,,openfoodfacts,3
4088600155005,chopped tomatoes,Aldi,25.0,1.5,3.9,0.1,200g,400g,openfoodfacts,2
4088600172941,marrowfat peas,Four Seasons,98.5234756745272,6.0,14.0,0.6,,,openfoodfacts,2
4088600191126,british chestnut mushrooms,Nature's Pick,8.0,2.37,1.88,0.2,100 g,250g,openfoodfacts,3
4088600260679,passata tomato,Cucina,25.0,1.1,4.6,0.5,,500 g,openfoodfacts,2
4088600265377,titon,Dairylea,518.421052631579,3.9,69.0,19.1,1 bar (38 g),6 x 38 g,openfoodfacts,1
4088600281407,and carrots peas peppers red,ALDI,145.751633986928,2.05,23.75,0.65,0.5 pack (200 g),,openfoodfacts,5
4088600295596,biscuits cheese thins,Savour Bakes,525.0,12.0,51.0,29.0,,,openfoodfacts,3
4088600352466,cherry onken,Onken,100.0,3.8,14.0,2.7,100g,450g,openfoodfacts,2
4088600354828,raspberry,Brooklea,74.0,12.5,4.95,0.45,1 portion (200 g),200g,openfoodfacts,1
4088600470467,pot protein,Aldi,78.0,12.4,5.6,0.7,,,openfoodfacts,2
4088600502168,ham herb mediterranean,Ashfields,417.647058823529,22.5,0.1,1.8,,,openfoodfacts,3
4088600558240,cherry pot soya,Actileaf,72.0,3.6,9.52,2.0,125 g,500 g,openfoodfacts,3
4088700012369,cheese macaroni,Simplee,356.25,2.6315789473684,18.270676691729,0.45112781954887,,130 g,openfoodfacts,2
4088700066607,cracked crackers pepper water,Admiral's Quarters,430.210325047801,10.769230769231,68.461538461538,10.0,,40 crackers 125g,openfoodfacts,4
4088700067697,bbq mix smokey,Forresters,541.74633524538,14.2222222222222,34.8888888888889,36.8888888888889,1 portion (45 g),5 x 45 g,openfoodfacts,3
4088700204054,cremes custard,Belmont,509.26607692308,4.6153846153846,67.692307692308,23.846153846154,,,openfoodfacts,2
4088700263754,bites,Dairy Fine By Aldi Au,470.37037037037,10.0,64.4444444444444,19.6296296296296,1 serving (27 g),,openfoodfacts,1
4088700356975,butter chicken naanwich,World Kitchen,229.0,11.0,25.4,8.9,1 portion (200 g),,openfoodfacts,3
40911878,chips mark members wavy,,535.0,7.14,53.57,35.71,,,openfoodfacts,4
4099100008647,knock off sprouts your,Simply Nature,250.0,14.285714285714,46.428571428571,1.7857142857143,,,openfoodfacts,4
4099100008722,bread seedtastic,"Aldi,Simply Nature",110.0,5.0,21.0,1.5,,765g,openfoodfacts,2
4099100043129,sandwich skinnys,L'oven Fresh,232.558139534884,9.30232558139535,46.5116279069767,2.32558139534884,1 roll (43 g),,openfoodfacts,2
4099100052756,coconat macaroons,Benton's,432.432432432432,2.7027027027027,54.0540540540541,21.6216216216216,1 macaroon (37 g),,openfoodfacts,2
4099100066975,rounds white,Clancy's,500.0,7.1429,57.1429,25.0,,,openfoodfacts,2
4099100078657,ham honey uncured,Lunch Mate,104.166666666667,16.666666666667,6.25,3.125,,16 oz,openfoodfacts,3
4099100155969,cornbread mix,liveGfree,371.428571428571,2.85714285714286,85.7142857142857,0.0,1 serving (35 g),15 oz,openfoodfacts,2
4099100157307,cheese edam,Aldi,357.14285714286,25.0,0.0,28.571428571429,,7 oz,openfoodfacts,2
4099100172911,turmeric,Stonemill,291.0,9.68,44.4,3.25,,,openfoodfacts,1
4099100185072,bread carbs net wheat zero,Aldi,142.857142857143,17.8571428571429,32.1428571428571,3.57142857142857,28 g,14 oz,openfoodfacts,5
4099100237702,chopped spinach,Aldi,29.4117647058823,3.0,4.0,0.0,,,openfoodfacts,2
4099100249156,dried sun tomato wrap,L'Oven Fresh,281.69014084507,7.04225352112676,49.2957746478873,5.63380281690141,1 serving (71 g),15 oz,openfoodfacts,4
4099100289596,instant jasmine rice,Earthly Grains,184.0,3.2,39.2,1.2,125 g,,openfoodfacts,3
4099200012087,bohnen mit snack thunafish weissen,"Aldi, Almare, Almare Seafood",161.0,11.5,7.2,8.8,,250g,openfoodfacts,5
4099200012094,mais mit snack thunfisch,"Almare, Almare Seafood",104.0,9.2,6.1,4.3,100 g,280g,openfoodfacts,4
4099200015989,hummus natur,zurück zum Ursprung,235.0,7.6,13.0,17.0,20g,150 g,openfoodfacts,2
4099200407227,creme demi,Milfina,252.0,2.7,4.0,25.0,,,openfoodfacts,2
4099200407272,natur trutenbrust,Ponnath Die Meistermetzger,114.0,21.0,1.0,2.0,1 slice (16.66 g),,openfoodfacts,2
4099200427065,hackspinat,Aldi,23.0,2.7,0.8,0.4,,750g,openfoodfacts,1
4099200866024,tonno tramezzino,Aldi Good Choice,239.0,12.0,22.0,11.0,1 portion (140 g),,openfoodfacts,2
4100290058630,coffee drink protein with,Starbucks,51.0,6.2,4.2,1.0,330 ml,,openfoodfacts,4
4101530003205,bio fruchtquark,Berchtesgadener Land,109.0,6.5,13.0,3.2,150g,150 g,openfoodfacts,2
4101530003496,knusper natur,Berchtesgadener Land,104.44550669216,3.4,6.0,3.26666666666667,150 g,150 g,openfoodfacts,2
4101530007135,frischer schmand,Berchtesgadener Land,241.0,2.5,3.2,24.0,200g,200g,openfoodfacts,2
4101530010203,bio frischer sauerrahm,Berchtesgadener,123.0,3.8,3.8,10.0,,,openfoodfacts,3
4101810000122,wessereis,"BUSSY MIX, Schleckdrinks",52.0,0.0,13.0,0.0,,100,openfoodfacts,1
4101810400359,wassereis,BUSSY,52.0,0.0,13.0,0.0,200 ml,40,openfoodfacts,1
4104420174825,natur schafquark,"Alnatura, Alnatura GmbH",100.0,9.7,5.1,4.5,1 serving (100 g),150 g,openfoodfacts,2
4104420180918,konzentriert mark tomaten zweifach,"Alnatura, Alnatura GmbH",113.0,4.9,19.0,0.5,,200 g,openfoodfacts,4
4104420213128,curry indisches,"Alnatura, Alnatura GmbH",76.0,1.2,8.0,4.0,,325 g,openfoodfacts,2
4104420218642,pesto rosso,Alnatura GmbH,419.0,5.8,8.9,40.0,,120 g,openfoodfacts,2
4104420226647,mais speisestarke,"Alnatura, Alnatura GmbH",350.0,0.6,87.0,0.5,,250 g,openfoodfacts,2
4104420239098,streichcreme tomate,"Alnatura, Alnatura GmbH",279.0,6.1,8.1,24.0,,180 g,openfoodfacts,2
4104420247659,reis ribe risotto,"Alnatura, Alnatura GmbH",351.0,7.4,78.0,0.6,100 g,500 g,openfoodfacts,3
4104420249967,chiasamen,Alnatura,466.0,23.0,5.5,33.0,,500 g,openfoodfacts,1
4104420258563,creme macadamia,Alnatura,676.0,11.0,26.0,58.0,,225 g,openfoodfacts,2
4104420260139,drink hafer natur,Alpro,39.0,0.6,6.0,1.4,100 g,1000 g,openfoodfacts,3
4104690807003,mettenden rauch,Kleinemas,430.0,16.0,1.5,40.0,,300g,openfoodfacts,2
4104690833569,hot snackinis,Kleinemas,455.0,24.0,3.5,38.0,,250g,openfoodfacts,2
41047224,hausmachersenf suer,Händlmaier,225.0,7.0,39.0,2.8,100 ml (115 g),200ml,openfoodfacts,2
4106060030776,quittensaft,Beutelsbacher,45.0,0.0,10.0,0.0,,,openfoodfacts,1
42070047,airwaves,Wrigley,151.0,0.0,63.0,0.0,,1pcs,openfoodfacts,1
42094685,medium senf,Löwensenf,137.0,6.8,4.8,8.2,,100ml,openfoodfacts,2
42212010,bubba hubba,Wrigley,1.0,3.0,2.0,2.0,,35g,openfoodfacts,2
42230281,hefe,"Fala, Fala GmbH, Lesaffre Deutschland GmbH, Omas Ur-Hefe",354.0,44.5,17.9,6.37,,42g,openfoodfacts,1
42369912,frischkase,"Gutes Land, Netto Marken-Discount, Kräuter",241.0,4.5,3.5,23.0,,300 g,openfoodfacts,1
42401957,kombucha raspberry,Harvest Moon,22.0,0.0,3.7,0.0,,250 ml,openfoodfacts,2
42402664,bruhe mit rind,Maggi,4.0,0.2,0.6,0.1,100ml,108g,openfoodfacts,3
42402688,huhnerbruhe,Maggi,5.0,0.1,0.9,0.1,92g,92g,openfoodfacts,1
42421719,bruhe herzhafte mit rind,"Nestlé,Maggi",5.0,0.5,0.5,0.5,150 ml,120g,openfoodfacts,4
42448198,curry thai,Thomy,163.0,0.8,5.6,15.0,,,openfoodfacts,2
42483779,hinako sushi,REWE to go,156.0,5.5,24.0,4.1,,225g,openfoodfacts,2
42489917,quark,Gutes Land,68.0,12.0,4.1,0.2,100 g,500 g,openfoodfacts,1
4250038940502,chiasaat,Clasen Bio,460.0,21.9,3.5,32.5,,250g,openfoodfacts,1
4250073451377,bio fischstabchen in panade,followfood,200.0,13.0,18.0,8.8,250 g,250g,openfoodfacts,4
4250073461321,rosti,Follow Food,172.0,2.3,26.0,6.0,,,openfoodfacts,1
4250085774563,passata,Green organics,31.0,1.4,45.0,5.0,,,openfoodfacts,1
4250130507481,bierschinken bio,"Bio Bühler, Allgäu Fresh Foods",173.0,17.0,0.5,11.0,,80 g,openfoodfacts,2
4250208801909,kaiserbrotchen,Poensgen,259.0,3.4,48.7,4.1,75 g,2x 75g,openfoodfacts,1
4250231145056,madame pompadour,,448.0,3.2,56.0,20.0,,150 g,openfoodfacts,2
4250241201308,art asia mix wok,iglo,55.0,1.8,5.5,2.5,160 g,145g,openfoodfacts,4
4250241202817,rahm spinat,iglo,55.0,3.5,3.3,2.6,,280g,openfoodfacts,2
4250241204644,prinzessbohnen,iglo,30.0,1.8,2.93333333333333,0.533333333333333,150 g,200g,openfoodfacts,1
4250241208192,fisch,iglo,178.421052631579,10.5263157894737,10.0,10.5263157894737,190 g,380 g,openfoodfacts,1
4250241209496,fischtabchen,Iglo,202.0,13.3,17.3,8.67,5 pieces (150 g),1pcs,openfoodfacts,1
4250350552216,protein sahne,Body Attack,406.0,76.0,3.2,9.8,50 g,,openfoodfacts,2
4250519653204,iso protein whey,ESN,359.0,81.0,2.5,1.2,30 g,30 gram,openfoodfacts,3
4250519679464,cookies dark whey,ESN,383.0,71.0,9.8,5.8,30 g,,openfoodfacts,3
4250519679716,cactus esn fruit,ESN,349.0,81.0,2.7,0.0,30 g,,openfoodfacts,3
4251099707219,kinderkeks schoko,Alete,433.0,8.0,74.0,11.0,5.6 g,180 g,openfoodfacts,2
4255582815900,pistaziencreme,Koro,570.0,9.5,51.0,34.0,,,openfoodfacts,1
4255582818352,crispies protein soy,KoRo,363.0,60.0,26.0,1.8,15 g,,openfoodfacts,3
4255719301528,coffee iced protein,More,372.0,62.0,16.0,5.0,25g,500g,openfoodfacts,3
4255773600247,kokosnuss konzentrat protein whey,Rühls Bestes,378.0,75.1,5.9,5.9,30 g,,openfoodfacts,4
4255773601787,casein cookies protein,Rühls Bestes,359.0,82.3,1.47,2.0,,,openfoodfacts,3
4255900400603,proteccino,IronMaxx,353.0,69.0,11.0,2.5,30 g,,openfoodfacts,1
4260058843905,biosue,No Sugar Sugar,0.0,0.0,0.0,0.0,,440g,openfoodfacts,1
4260096395305,cheesecake creme,agava karin lang,376.0,4.1,85.0,0.6,60g,60g,openfoodfacts,2
4260131657023,chicken couscous curry red,,135.0,11.0,15.0,3.3,,,openfoodfacts,4
4260133231375,bio duo knusper,Fruchtbar,435.0,7.2,62.0,16.0,,,openfoodfacts,3
4260161341572,edamer,Dauer Brot,312.0,25.0,0.1,23.0,100g,200g,openfoodfacts,1
4260161345723,erdbeer fruchtaufstrich mit,Dosen Brot,253.0,0.3,62.5,0.2,100g,200g,openfoodfacts,3
4260161345730,aprikose fruchtaufstrich mit,Dauer Brot,245.0,0.3,60.6,0.1,,,openfoodfacts,3
4260168541517,kids,Turkey Dumplings,165.0,13.0,22.0,2.5,,,openfoodfacts,1
4260176722441,paprikasuppe,Herr Edelmann,44.0,0.9,7.0,1.5,,379g,openfoodfacts,1
4260266390628,reis sadri,Reishunger,351.0,8.8,75.0,1.0,,600g,openfoodfacts,2
4260266391328,natur reis,Reishunger,384.0,6.7,81.0,2.8,200 g,200g,openfoodfacts,2
4260287182738,casein protein,Barebells,353.0,79.0,6.2,1.2,35 g,,openfoodfacts,2
4260322218842,art wiener,Green Force,323.0,18.0,3.8,26.0,45 g,,openfoodfacts,2
4260334162201,caesar chicken pasta,Youcook,148.0,6.6,14.2,6.9,420 g,420 g,openfoodfacts,3
4260334164380,bacon carbonara mit pasta,YOUCOOK,167.179487179487,6.0,12.5,10.0,390 g,390 g,openfoodfacts,4
4260335835586,bruch cashewkerne,KoRo,553.0,18.0,30.0,44.0,,1000g,openfoodfacts,2
4260335836606,basmati bio braun reis,KoRo,361.0,7.5,77.0,1.9,,5kg,openfoodfacts,4
4260335837351,crispies protein soja,Koro,371.0,60.0,26.0,2.1,30 g,1000g,openfoodfacts,3
4260335838723,de proteines soja,KoRo,399.0,52.0,17.0,11.0,,1kg,openfoodfacts,3
4260372060989,spiee yakitori,EAT HAPPY,178.0,19.0,14.0,5.0,132.0g,,openfoodfacts,2
4260372062914,framboise mochi,EH Candy Cuisine GmbH,288.001912045889,1.8,44.0,11.0,64 g,,openfoodfacts,2
4260380666845,cream sour tender,Like,223.0,10.0,14.0,13.0,,,openfoodfacts,3
4260407955532,koafruits tropic,Koakult GmbH,54.0,0.5,10.0,0.5,190 g,,openfoodfacts,2
4260462450317,fiscbruhe,Jarmino,4.0,0.8,0.1,0.0,1 portion (350 g),,openfoodfacts,1
4260462450416,rinderknochenbruhe,Jarmino- smart natural food,20.0,4.0,1.1,0.0,1 serving (100 ml),350ml,openfoodfacts,1
4260463470130,durum weizen,Solaya Delights,298.0,7.9,51.0,5.9,100 g,,openfoodfacts,2
4260480191476,masoori rice sona,Annam,324.0,2.7,77.8,0.2,,1 kg,openfoodfacts,3
4260480391012,betterave de pates,Clever Pasta,355.0,19.0,49.0,5.3,,250g,openfoodfacts,3
4260490930645,saatenbrot,Classic Kaufland,274.0,8.0,38.0,10.0,,350g,openfoodfacts,1
4260523113519,bbq smoky,Callowfit,8.0,0.1,1.3,0.0,1 portion (15 ml),,openfoodfacts,2
4260541685128,soup thai tom yum,Reishunger,266.0,3.66,36.2,11.9,,30g,openfoodfacts,4
4260547995160,finischer mett,Ankerkraut,207.0,6.3,32.0,3.5,,180g,openfoodfacts,2
4260556635583,banana food happy is this,YFood,100.0,6.0,7.2,4.8,500 ml,500,openfoodfacts,5
4260556636238,food is this,Yfood,100.0,6.8,6.7,4.7,100 g,,openfoodfacts,3
4260558413141,soprotein,Natural Elements,374.0,79.0,4.8,2.4,100 g,,openfoodfacts,1
4260559942855,erdnuss hahnchen kurbis,Fit Taste,90.0,7.4,3.0,5.2,380 g,380g,openfoodfacts,3
4260559943456,frikassee huhner,FIT TASTE,81.0,6.1,5.9,3.5,1.0 jar (380.0 g),380g,openfoodfacts,2
4260559943821,hahnchen in tomatensoe,FIT TASTE,77.11,7.89,2.89,3.42,380 g,380g,openfoodfacts,3
4260559943838,curry hahnchen spinat,FIT TASTE,97.0,8.2,3.9,5.1,3.8 g,380g,openfoodfacts,3
4260559943869,curry hahnchen rotes,Fit Taste,110.0,9.9,4.4,5.5,380 g,380g,openfoodfacts,3
4260562941357,iced matcha,ahead,373.333333333333,66.6666666666667,8.66666666666667,6.0,30 g,,openfoodfacts,2
4260587620947,creme ohne sunde,Principessas,548.0,6.3,40.1,46.4,8.0g,,openfoodfacts,3
4260596130116,kurkuma power,Live Fresh,39.0,0.6,9.0,0.0,,,openfoodfacts,2
4260596131601,hey wach,live fresh,53.0,0.7,12.0,0.0,,,openfoodfacts,2
4260596133636,drink skyr,Live fresh,82.4,12.0,5.2,1.16,250 g,,openfoodfacts,2
4260644046130,iced peach tea zerup,"More Nutrition, Quality First, More",2.0,0.0,0.0,0.0,,65ml,openfoodfacts,4
4260644048530,birne zerup,More Nutrition,3.0,0.0,0.0,0.0,,65ml,openfoodfacts,2
4260648132532,banana cream proteina,IronMaxx,384.0,71.0,10.0,6.1,,,openfoodfacts,3
4260654781311,kurbispuree,Koro,54.0,1.9,11.0,0.3,,425g,openfoodfacts,1
4260654781366,crunchy erdnussmus,KoRo,594.0,26.0,7.6,49.0,,500g,openfoodfacts,2
4260666652746,sanamana,Sanamana,350.0,62.5,13.0,3.0,,,openfoodfacts,1
4260688630210,carrot cat,,188.0,1.0,11.0,0.0,,21 oz,openfoodfacts,2
4260697377045,butter crunchy nut pam,Naturally Pam,600.0,20.0,19.0,48.0,100 g,200g,openfoodfacts,4
4260707970099,minis reeses unwrapped,Reese's,545.0,7.0,59.0,31.0,,,openfoodfacts,3
4262354077701,crunchy erdbeeren,Nucao,564.0,4.2,49.0,38.0,,,openfoodfacts,2
4262378221302,creamy nucao strawberry,Nucao,195.0,2.5,11.0,15.0,33.0g,,openfoodfacts,3
4262379810192,berry cheesecake cream ice,Koro,236.0,2.3,30.7,10.8,,,openfoodfacts,4
4262397160309,butterkeks tasty,Quantum Leap Fitness,246.0,0.9,22.0,2.5,,250 g,openfoodfacts,2
4262413260006,crunchy kichererbsen paprika,Hülsenreich,281.0,22.8,40.7,3.0,90 g,,openfoodfacts,3
4262427550292,beisser bier keine,Die vegane Fleischerei,254.0,27.9,8.0,12.4,,,openfoodfacts,3
4262432810053,passion prosciutto,Freda,196.0,12.0,25.0,5.1,475 g,1pcs,openfoodfacts,2
4262432811036,temptation tuna,Freda,199.0,11.0,26.0,5.4,460 g,,openfoodfacts,2
4262451180144,roast texas tofu,Omami,129.0,12.0,1.7,7.8,100 g,200 g,openfoodfacts,3
4262480481410,frappe protein,fayn,65.0,7.7,5.0,1.5,330 ml,,openfoodfacts,2
4262546590100,crispies protein,RheinNatur,381.0,77.0,11.5,3.0,,,openfoodfacts,2
4270000202988,hot reaper super,Crazy Bastard,50.0,2.0,9.2,0.8,,,openfoodfacts,3
4270002208100,hafer kekse,Schauwerk,470.0,8.0,44.0,28.0,,,openfoodfacts,2
4270002208117,kekse schwarz wei,Schauwerk,471.0,5.8,48.0,28.0,,,openfoodfacts,3
4270004193701,freekeh,Al-Byarah,357.142857142857,14.2857142857143,71.4285714285714,3.57142857142857,42 g,,openfoodfacts,1
4280002016018,avocado spice,Potluck,53.54521484375,2.148466796875,6.84263671875,1.06572265625,,80 g,openfoodfacts,2
4304218045713,reiberei,Globus,283.0,1.8,21.0,21.0,,,openfoodfacts,1
4304218435859,cream ice pistacchio,Globus,190.0,4.4,23.0,8.8,100,385g,openfoodfacts,3
4304218731050,susskirschen,globus,87.0,0.8,19.0,0.7,,680g,openfoodfacts,1
4305615943930,crunchy erdbeer,Ener Bio,424.0,10.0,65.0,12.0,100 g,500g,openfoodfacts,2
4305615965741,banane in kirsche,Babydream,68.0,0.6,14.0,0.5,,190g,openfoodfacts,3
4305615971933,bio bruschettaaufstrich,"EnerBio, Rossmann",72.0,2.1,7.4,3.1,,135g,openfoodfacts,2
4306188017417,crunchy schoko,Jeden Tag,375.0,8.6,76.0,2.6,,750g,openfoodfacts,2
4306188413387,deutsche markenbutter,Jeden Tag,743.0,0.7,0.6,82.0,,250 g,openfoodfacts,2
4311501000960,erdbeerkonfiture extra,EDEKA Bio Erdbeere Konfitüre extra,232.0,0.5,55.8,0.2,,330g,openfoodfacts,2
4311501016442,brot eiwei,Edeka,235.71,0.54,13.04,8.04,56 g,,openfoodfacts,2
4311501031643,bio hinterkochschinken,"Edeka Bio, Edeka",113.0,20.0,1.0,3.0,,100 g,openfoodfacts,2
4311501033531,hahnchen sauer su,"Gut & Günstig,Edeka",86.0,6.0,13.0,1.0,,450 g,openfoodfacts,3
4311501036143,schokotropfchen,Gut & Günstig,553.0,7.6,56.2,30.3,100 g,50g,openfoodfacts,1
4311501086636,edeka herzstucke rosinenzopf,Edeka,324.0,7.1,59.0,5.9,,450g,openfoodfacts,3
4311501087305,brotchen rosen,EDEKA,270.0,8.7,43.6,5.9,85 g,510g,openfoodfacts,2
4311501093924,bio frites pommes,"Edeka, Nährmittel",148.0,2.4,23.0,4.8,,750g,openfoodfacts,3
4311501100943,erdbeere herzstucke,Edeka,208.0,0.7,48.5,0.3,,,openfoodfacts,2
4311501105023,raucherscheiben,gut & günstig,312.0,19.2,2.3,25.1,15 g,,openfoodfacts,1
4311501106754,espresso,Edeka,55.0,3.2,7.5,1.3,330 ml,,openfoodfacts,1
4311501119051,cream crunchy ice peanut,Gut&Günstig,366.0,5.4,36.0,22.0,,,openfoodfacts,4
4311501129296,jasminreis,"Jasminreis, Gut und Günstig",349.0,7.5,76.0,1.0,,1kg,openfoodfacts,1
4311501129722,aceto con crema,Edeka Herzstücke,238.0,0.3,56.5,0.0,,250ml,openfoodfacts,3
4311501134061,beit eiweiss,EDEKA Bio,246.0,23.0,16.0,9.8,100g,250g 5 Scheiben,openfoodfacts,2
4311501135297,bites chicken pikant,Edeka,132.0,24.0,1.0,3.5,150 g,,openfoodfacts,3
4311501156025,karotten scheiben,Edeka Bio,28.0,0.6,4.4,0.4,450 g,,openfoodfacts,2
4311501302347,pfirsiche,Edeka,85.0,0.5,19.9,0.1,,480g,openfoodfacts,1
4311501302989,mandarinen,Edeka,38.0,0.5,7.4,0.4,100 g,300g,openfoodfacts,1
4311501356517,artischockenherzen,"Edeka, Edeka Herzstücke",27.0,1.4,4.0,0.0,100g,240g,openfoodfacts,1
4311501396070,in stucken tomaten,"Edeka, Edeka Bio",24.0,1.1,3.9,0.1,100 g,400g,openfoodfacts,3
4311501435229,sonnenmais zart,"Gut & Günstig, Edeka",71.0,2.5,11.0,1.2,1 portion (285 g),285g,openfoodfacts,2
4311501452905,raketeneis,Gut & Günstig,134.0,0.1,28.4,2.2,51g,11pcs,openfoodfacts,1
4311501474761,brotchen steinofen,EDEKA,253.0,8.4,51.0,1.0,75 g,300g,openfoodfacts,2
4311501626818,erdbeer feines frucht mousse,Edeka,213.0,0.5,50.4,0.3,,300g,openfoodfacts,4
4311501672341,backfischstabchen,"Edeka, Gut&Günstig",175.0,11.0,16.0,7.3,135 g,405g,openfoodfacts,1
4311501712450,hafercookies,EDEKA Bio,473.231357552581,7.4,56.8,25.4,12.5g,200g,openfoodfacts,1
4311501722855,streichzart,"Edeka Bio, Edeka",634.0,0.4,0.5,70.0,,200g,openfoodfacts,1
4311501742228,backkakao,Gut & Günstig,389.0,23.3,10.0,21.9,100g,250g,openfoodfacts,1
4311501743744,pommes,Gut&Günstig,142.0,2.4,23.0,4.0,100g,735g,openfoodfacts,1
4311501757345,pizzasauce,Edeka,37.0,1.5,6.3,0.3,,400g,openfoodfacts,1
4311532603987,radieschen,Markttag,14.5,0.94,1.53,0.25,,200 g,openfoodfacts,1
43115457,backhefe,"Edeka Gut & Günstig, Gut & Günstig, Gut & Günstig (EDEKA)",1.0,0.7,1.1,1.2,,7g,openfoodfacts,1
4311596015696,eat me,MAX Balance,99.6,6.9,6.3,4.8,500 g,,openfoodfacts,2
4311596411283,raffinade zucker,"Gut & Günstig, Edeka",400.0,0.0,100.0,0.0,,1kg,openfoodfacts,2
4311596441990,bock schinkenwurstchen,"Edeka, Gut & Günstig",212.0,12.0,0.6,18.0,50g,250g,openfoodfacts,2
4311596455706,schinken,Gut & Günstig,108.0,19.5,0.9,3.0,33.3 g,200g,openfoodfacts,1
4313712055098,schinkenkrakauer,Rasting,215.0,18.0,2.0,15.0,100 g,5pcs,openfoodfacts,1
4316268046404,eintopf erbsen,Pote,81.0,5.3,10.4,1.5,,800g,openfoodfacts,2
4316268361408,osterkuken,"Fröhliche Osterzeit,Netto MD",547.0,6.6,57.1,32.0,,100 g,openfoodfacts,1
4316268402798,zimtsterne,"Santa Claus in Town,Netto MD",453.0,7.8,62.9,18.3,,175g,openfoodfacts,1
4316268405355,eier marzipan,"Fröhliche Osterzeit,Netto MD",447.0,5.8,66.5,16.8,,200 g (10 x 20 g),openfoodfacts,2
4316268405379,eier kakaopuder marzipan mit,"Fröhliche Osterzeit,Netto MD",427.0,6.2,68.5,13.6,,125 g,openfoodfacts,4
4316268407519,orecchio,"Mondo Italiano,Netto MD",560.0,6.5,56.0,34.0,,225 g,openfoodfacts,1
4316268428880,dotter eier fondant,"Fröhliche Osterzeit,Netto MD",378.0,0.7,86.0,3.3,,225 g,openfoodfacts,3
4316268451697,brandy cream eier,"Fröhliche Osterzeit,Netto MD",445.0,4.3,56.7,19.8,,150 g,openfoodfacts,3
4316268573207,cassis creme eier,"Fröhliche Osterzeit,Netto MD",573.0,5.7,55.5,36.4,,150 g,openfoodfacts,3
4316268602303,feine noisette ostereier,"Fröhliche Osterzeit,Netto MD",562.0,7.3,53.9,34.5,1 portion (18.75 g),150 g,openfoodfacts,3
4316268624565,fondant hasen,"Fröhliche Osterzeit,Netto MD",378.0,0.7,86.0,3.3,,225 g,openfoodfacts,2
4316268650748,mehrkorntoasties,Korn Mühle,259.0,10.3,42.5,4.4,100 g,335 g,openfoodfacts,1
4316268658171,rinderfond,Lieblings,7.0,0.7,0.8,0.1,,400ml,openfoodfacts,1
4316268659642,rahmsoe,"Carat, Carat Netto",37.0,0.5,4.3,2.0,,750ml,openfoodfacts,1
4316268661980,bohnen romano,Beste Ernte,33.0,2.0,3.7,0.1,,1000g,openfoodfacts,2
4316268667456,drink vitamin,Netto,45.0,0.0,10.8,0.1,,500ml,openfoodfacts,2
4316268682053,osterbrot,Fröhliche Osterzeit,289.0,7.2,54.0,4.2,,500 g,openfoodfacts,1
4316268685016,kaffee kranze,"Biscoteria,Netto MD",484.0,6.5,61.7,22.6,,250 g,openfoodfacts,2
4316268685023,kranze schoko,"Biscoteria,Netto MD",526.0,5.7,57.7,29.5,,250 g,openfoodfacts,2
4316268686877,haferdrink schoko,Netto BioBio,51.0,1.3,9.7,0.7,100 ml,1 L,openfoodfacts,2
4316268687836,hirtenkase,Gutes Land,160.85,17.0,3.0,9.0,100 g,,openfoodfacts,1
4316268709576,ananas banane kokos smoothie,Fruchtstern,82.0,0.9,11.6,3.2,,250 ml,openfoodfacts,4
4316268711500,ahornsirup kanadischer,"BiBio, BioBio",356.0,0.0,89.0,0.0,,250ml,openfoodfacts,2
4316268711913,curry rotes thai,Genusswelt,124.0,5.6,20.0,2.2,330 g,"1pcs, 330 g",openfoodfacts,3
4316268714259,pfanne western,,131.0,5.6,13.7,5.4,,,openfoodfacts,2
4316268715225,bohnen fein prinzess,Beste Ernte,26.0,1.4,2.7,0.5,220 g,,openfoodfacts,3
4316268722223,kochsahne,GutesLand,137.0,3.0,4.1,12.0,1 portion (100 g),,openfoodfacts,1
4316268723909,haferbrot,Kornmühle,290.0,10.5,20.0,16.5,,400g,openfoodfacts,1
4316268731508,confiserie hase hertz mit,"Fröhliche Osterzeit,Netto MD",526.0,6.3,59.0,29.1,,200 g,openfoodfacts,4
4316734034355,de epis jeune mais,,30.0,1.6,5.8,0.09,,,openfoodfacts,4
4316734047805,reispapier,Ricefield Cu Chi,336.0,0.6,82.0,0.5,100 g,300g,openfoodfacts,1
4316734050195,bambus streifen,Diamond,12.0,1.1,0.7,0.5,,1pcs,openfoodfacts,2
4316734060453,sushireis,MIYAKO JAPAN,345.0,6.3,77.0,0.9,1.0 portion (100.0 g),500g,openfoodfacts,1
4335619001152,bio kapern,Baresa,33.0,1.9,2.5,0.7,,110g,openfoodfacts,2
4335619001510,ranch smokey,Mcennedy,273.0,1.5,11.0,24.1,,1pcs,openfoodfacts,2
4335619006560,kurczaka parowki z,Piratki,182.0,15.0,1.0,13.0,80 g,2 x 80 g,openfoodfacts,3
4335619007635,peanuts protein spread,Mister Choc (Lidl),561.0,24.0,26.0,43.0,1 portion (30 g),,openfoodfacts,3
4335619009912,cheddar mit sandwich scheiben,Milbona,348.0,19.0,3.1,28.5,,,openfoodfacts,4
4335619013377,bio sauce soja,Kania,73.0,9.4,8.6,0.0,,150ml,openfoodfacts,3
4335619023901,kietuju kvieciu makaronai,Combino,363.0,14.5,71.1,1.5,100g,400g,openfoodfacts,3
4335619031036,kichererbsencurry,"Vemondo,Lidl",131.0,2.7,17.3,5.2,,400 g,openfoodfacts,1
4335619033870,kurczakiem penne z,Chef select,139.0,10.4,14.2,4.3,1 portion (400 g),,openfoodfacts,3
4335619034426,cappuccino instant,Bellarom,417.0,11.0,66.0,11.0,,14g x10,openfoodfacts,2
4335619035003,ciastka kruche,Regionalne Polskie Szlaki,421.0,4.0,65.0,16.0,1 ciastko (13 g),,openfoodfacts,2
4335619039797,rizky sojove,Vemondo vegan,264.0,9.5,13.0,18.0,1 portion (100 g),140 g,openfoodfacts,2
4335619041905,kidsbrood,Lidl,237.0,13.8,36.1,2.4,35.0g,,openfoodfacts,1
4335619047471,ace,Lidl,36.0,0.0,8.7,0.0,,,openfoodfacts,1
4335619058194,avena biscotti,Lidl,482.0,8.8,57.6,22.7,19 g,,openfoodfacts,2
4335619060043,rajcaty ryby s uzene,h,312.0,9.0,4.0,29.0,,,openfoodfacts,4
4335619061545,jatrovou ryzi s vyvar,Chef Select,33.0,2.7,2.7,1.2,,,openfoodfacts,4
4335619061873,cheese crust four pizza thin,"Trattoria Alfredo,Lidl",271.0,12.7,32.6,9.4,0.5 pizza (156 g),,openfoodfacts,5
4335619069503,jasmijnrijst jasmin ris,Golden Sun,348.0,6.4,78.2,0.9,1 portion (100 g),,openfoodfacts,3
4335619082090,bio creme cuisine hafer,Vemondo,159.0,0.7,7.3,14.0,,250ml,openfoodfacts,4
4335619087354,hrudkovity tucny tvaroh,Pilos,187.0,14.3,3.3,13.0,500g,,openfoodfacts,3
4335619097247,kase schnecken spinat,Eridanous,253.0,5.6,28.4,12.1,170g,680g,openfoodfacts,3
4335619097407,pepper red roasted,Eridanus,21.0,0.8,3.9,0.0,,,openfoodfacts,3
4335619115958,extra rokt skinka,Matriket,102.0,18.0,1.6,2.6,,,openfoodfacts,3
4335619124509,chicken satay skewers,Braemoor,147.887323943662,25.3521126760563,5.63380281690141,2.3943661971831,1 skewer (71 g),,openfoodfacts,3
4335619135482,katenschinken,"Dulano, Dulano Delikatess (LiDL), Dulano Delikatess",128.0,24.0,1.0,3.0,75 g,75g,openfoodfacts,1
4335619136151,butterchicken,lidl,157.0,1.7,16.7,8.8,255 g,,openfoodfacts,1
4335619138308,poedersuiker,Belbake,396.0,0.0,99.0,0.0,1 portion (100 g),,openfoodfacts,1
4335619142930,chia corn crackers seeds with,Sondey (Lidl),383.0,9.2,76.0,2.9,5 g,,openfoodfacts,5
4335619143500,basmati mix rice,Vitasia,353.0,8.5,72.0,2.8,1 portion (62.5 g),,openfoodfacts,3
4335619145481,cracker proteici,Certossa,447.0,15.0,64.0,13.0,37 g,,openfoodfacts,2
4335619158900,duona,,275.0,8.6,49.8,4.1,,,openfoodfacts,1
4335619160965,johannisbeere rote saft,Solvita,43.0,0.3,9.8,0.0,250 ml,1l,openfoodfacts,3
4335619167193,die feine,Maribel,179.0,0.3,43.4,0.1,,,openfoodfacts,2
4335619170933,bio kritharaki,Combino,362.0,12.0,73.6,1.5,,500g,openfoodfacts,2
4335619180611,coconut dessicated,Belbake,633.0,5.6,6.4,62.0,,,openfoodfacts,2
4335619182653,cinnamon instant oats sweet,Brownfield,66.0548820204654,2.30769230769231,11.978021978022,0.659340659340659,1 unit (182 g),,openfoodfacts,4
4335619183353,bbq korean pork rack rib,Birchwood,231.0,18.0,11.8,12.0,0.5 pack (115 g),,openfoodfacts,5
4335619184008,bbq crispie crunchies rib,Snack Day,583.0,5.1,50.0,40.0,1 bag (20 g),,openfoodfacts,4
4335619202740,bio das pure,GRAFSCHAFTER,296.0,10.9,18.3,18.1,,,openfoodfacts,3
4335619214200,ecken knusper rosti,Lidl,179.0,2.5,23.0,8.0,150 g,150g,openfoodfacts,3
4335619215085,ketchup spiced,KULJANKA,102.0,2.4,21.2,0.1,,,openfoodfacts,2
4335619221734,bacon chips onion potato,Duc De Coeur,161.0,2.0,15.3,9.9,1 portion (30 g),,openfoodfacts,4
4335619222687,de porc saute,,178.0,18.9,0.5,11.2,,,openfoodfacts,3
4335619224285,active drink erdbeere,Alpengut,62.0,2.9,10.5,0.9,1 Bottle (100 g),,openfoodfacts,3
4335619273658,feast meat pasta,chef select,161.0,9.9,9.6,8.7,550 g** (550 g),,openfoodfacts,3
4335619275478,feet fizzy,Sweet Corner,370.0,0.7,87.8,0.5,1 Sweets (9 g),,openfoodfacts,2
4335619293274,kania mayonnaise,Kania,685.0,0.0,2.7,74.8,,,openfoodfacts,2
4335619295322,avocado sushi,Lidl,145.0,2.7,22.4,4.8,100 g,,openfoodfacts,2
4335619296930,czarna nektar porzeczka,,21.0,0.1,5.2,0.0,,,openfoodfacts,3
4335619298293,cocoa drink,Lidl,370.0,4.5,80.0,2.1,20g,500g,openfoodfacts,2
4335619316812,and crisps honey siracha,Deluxe,509.0,5.4,54.8,28.9,1 portion (100 g),,openfoodfacts,4
4335619318151,bio kokos natur wasser,Solevita,13.0,0.0,2.9,0.0,,1000ml,openfoodfacts,4
4335619321700,drink iso,Sportyfeel,358.0,0.5,89.6,0.5,1 portion (40 g),,openfoodfacts,2
4335619334250,czosnkowy pikantny sos,Deluxe,241.0,1.8,12.0,20.0,15 g,,openfoodfacts,3
4335619342910,frais oeufs,,141.0,13.0,0.3,9.8,,,openfoodfacts,2
4335619342989,de eminces porc,,129.0,20.0,0.7,5.1,,,openfoodfacts,3
4335619345669,tarwepuntjes witte,Lidl,249.760994263862,8.3,48.1,1.8,40 g,,openfoodfacts,2
4335619347038,shawarma,Lidl,145.0,18.6,1.0,7.3,100 gram,1000 gram,openfoodfacts,1
4335619353169,sardiineja tomaattikastikkeessa,Nixe,140.0,19.2,0.8,6.7,120 g,,openfoodfacts,2
4335619354876,chicken crispies,Lidl,168.0,17.8,8.3,6.9,,,openfoodfacts,2
4335619355521,miso paste,,131.0,7.9,14.0,4.1,,,openfoodfacts,2
4335619369849,chicken crispy,Chef Select,222.981366459627,13.2298136645963,21.7391304347826,9.06832298136646,1 half pack (161 g),,openfoodfacts,2
4335619385245,buf hachee pur viande,,252.0,18.0,0.0,20.0,,,openfoodfacts,4
4335896760971,bio tomatensaft,"K-Bio (Eigenmarke), Kaufland Bio (Eigenmarke)",18.0,0.8,2.9,0.5,100ml,1l,openfoodfacts,2
4337182094715,reis schwarzer,Metro Premium,347.0,9.8,68.0,3.0,,500g,openfoodfacts,2
4337185445224,pur raucherscheiben,K-Classic,336.0,21.0,2.0,27.0,100g,150g,openfoodfacts,2
4337185448058,miniromatomaten,Kaufland,19.3,0.86,2.49,0.26,,500g,openfoodfacts,1
4337185459887,jasmin reis,K-Classic,347.0,6.8,78.0,0.6,,1000g,openfoodfacts,2
4337185462252,erbsen extra fein,K Classic,72.0,5.5,8.0,0.5,,200 g,openfoodfacts,3
4337185702075,hornchen,K-Classic,338.0,13.0,64.0,1.4,,500g,openfoodfacts,1
4337185740190,peperoni scharf,"Kaufland classic, k classic",46.0,0.5,4.6,0.9,,1pcs,openfoodfacts,2
4337185813931,paprika tk,"Gemüse, Kaufland",29.0,1.0,4.6,0.3,,1500g,openfoodfacts,2
4337256023153,butterkekse,"Ja!, Rewe",438.0,7.5,73.8,12.0,100g,400g,openfoodfacts,1
4337256110143,brotchen mehrkorn,Rewe Bio,264.0,8.8,44.3,4.6,75g,300g,openfoodfacts,2
4337256111928,brotchen kurbiskern,REWE Bio,302.0,11.0,47.0,6.8,75 g,300g,openfoodfacts,2
4337256182324,butter toast,ja!,265.0,8.5,48.0,3.7,1 Scheibe (25 g),500g,openfoodfacts,2
4337256187732,brotchen fruhstucks,"REWE, Sinnack, Sinnack Backspezialitäten, ja!",249.0,8.7,50.0,1.0,50g,1pcs,openfoodfacts,2
4337256192972,trockenbackhefe,Ja!,356.0,0.0,89.0,0.0,,7g,openfoodfacts,1
4337256250122,raucher tofu,REWE Bio +vegan,188.0,21.0,1.3,11.0,175g,350g,openfoodfacts,2
4337256297745,bacon ei sandwich,Ja!,232.0,9.0,23.9,10.8,160 g,160g,openfoodfacts,3
4337256343107,passata tomaten,Rewe Bio,24.38,1.5,3.4,0.1,,700g,openfoodfacts,2
4337256359085,ja kaffeesahne,"REWE, ja!",136.0,3.0,3.9,12.0,,200g,openfoodfacts,2
4337256377331,krauter tomatensauce,REWE Bio,68.0,1.5,6.5,3.5,,350g,openfoodfacts,2
4337256413732,beerenmix,Rewe Bio,43.0,0.9,7.8,0.1,,300g,openfoodfacts,1
4337256450294,erbsen fein sehr,Ja,55.0,2.6,9.1,0.5,280 g,400g,openfoodfacts,3
4337256450430,sonnenmais,Ja,69.0,2.4,11.0,1.1,,330g,openfoodfacts,1
4337256464376,bohnen weisse,Rewe,103.0,6.8,14.5,0.7,,460g,openfoodfacts,2
4337256468275,drink kakao,Ja!,66.0,3.7,8.6,1.8,25 g,,openfoodfacts,2
4337256473699,bio pesto verde,Rewe Bio,332.0,3.6,4.2,33.0,100 g,130g,openfoodfacts,3
4337256557856,sandwich trio,Ja!,292.0,8.9,25.0,17.0,220.0g,220g,openfoodfacts,2
4337256559249,capriciosa pizza,San Fabio,172.0,8.3,25.0,3.9,350 g,,openfoodfacts,2
4337256655002,drink fettarm kefir natur,REWE Bio,43.0,3.4,4.0,1.5,,500 g,openfoodfacts,4
4337256665384,pfeffer,ja!,330.0,13.3,39.5,7.5,,50g,openfoodfacts,1
4337256674416,brie damour,"Rewe, Rewe Beste Wahl",360.0,16.0,1.0,32.0,,180g,openfoodfacts,2
4337256685399,erbsen mit mohrchen,Rewe Beste Wahl,52.0,2.8,7.9,0.1,100 g,1000g,openfoodfacts,3
4337256697330,ananas dose,rewe beste wahl,71.0,0.6,17.0,0.0,,1pcs,openfoodfacts,2
4337256708395,basmati express reis,"Rewe, Rewe Bio",148.0,2.6,29.0,2.3,100 g,250g,openfoodfacts,3
4337256736879,sahne,Rewe Bio,295.0,2.7,3.6,30.0,,500g,openfoodfacts,1
4337256737944,backerbrotchen,REWE Beste Wahl,254.0,8.7,51.0,1.0,60 g,6pcs,openfoodfacts,1
4337256740173,mais sonnenmais,Rewe Beste Wahl,79.0,2.6,12.0,1.8,1 can (285 g),285g,openfoodfacts,2
4337256752947,rinderbruhe,ja!,4.0,0.5,0.6,0.5,,140g,openfoodfacts,1
4337256761604,beeren himbeeren,Rewe Beste Wahl,55.0,1.1,7.3,0.8,,500g,openfoodfacts,2
4337256762601,crust pizza stuffed,Rewe,233.69,10.59,27.75,8.47,472 g,,openfoodfacts,3
4337256767781,ecken rosti,Ja,184.0,2.5,24.0,8.0,1 portion (100 g),,openfoodfacts,2
4337256782531,chico chips,ja!,388.0,10.0,70.0,5.9,,750g,openfoodfacts,2
4337256788007,drink kokos reis,Rewe Bio + Vegan,23.0,0.3,2.5,1.3,100 ml,1l,openfoodfacts,3
4337256792790,sauce soja,Rewe Beste Wahl,37.0,3.7,5.6,0.0,,,openfoodfacts,2
4337256799324,art djuvec express reis,Rewe Beste Wahl,156.0,2.9,30.0,2.4,250 g,,openfoodfacts,4
4337256833189,bio hack,Einfach Bio,234.0,18.0,0.0,18.0,,1pcs,openfoodfacts,2
4337256837064,dessertsauce erdbeer,Rewe Beste Wahl,237.0,0.6,57.0,0.5,20 g,225g,openfoodfacts,2
4337256840996,bio creamy erdnussbutter rewe,Rewe,597.51,25.0,7.3,51.0,1 tea spoon (15 g),250g,openfoodfacts,4
4337256841795,jackfruit,rewe,24.0,1.3,6.4,0.5,,1pcs,openfoodfacts,1
4337256844987,kasekuchen,Rewe Beste Wahl,332.0,7.3,37.0,18.0,,,openfoodfacts,1
4337256852616,brottaschen pita,"RBW,REWE Beste Wahl,IBIS",252.0,7.3,52.0,1.0,80 g,400g,openfoodfacts,2
4337256854436,sonnenmais supersweet,ja!,83.0,2.6,12.0,1.8,,140g,openfoodfacts,2
4337256875783,schmand,Ja!,241.0,2.7,3.3,24.0,200 g,1pcs,openfoodfacts,1
4337256918886,bohnen schwarze,REWE Beste Wahl,89.0,7.3,9.5,1.2,,,openfoodfacts,2
4337256948067,kinderpasta,Rewe Bio,355.0,12.0,71.0,1.9,,500g,openfoodfacts,1
4337256982269,steak thunfisch,Rewe beste Wahl,100.0,24.0,0.0,0.5,,,openfoodfacts,2
4337256990516,butterschinken,Wilhelm Brandenburg,106.118546845124,22.0,0.5,1.8,20 g,,openfoodfacts,1
4337256999601,markenbutter,Ja!,743.0,0.7,0.6,82.0,,250g,openfoodfacts,1
4388840024438,kaffeeweisser,"ja!,Rewe",555.0,2.0,58.0,35.0,,1pcs,openfoodfacts,1
4388844086975,bauernbrot,Ja!,220.0,7.1,42.0,1.5,,500g,openfoodfacts,1
4400034393509,butter streichfein unsere,Sachsenmilch,747.0,0.6,0.8,82.0,100g,250 g,openfoodfacts,3
4400065403109,pfefferminz,Nordbrand Nordhausen,164.248,0.486,16.9,0.486,"100 ml (97,129 g)","0,7 L",openfoodfacts,1
4400108012046,bohnentopf mexikanischer,"Metzger Meyer, Metzger Mayer",69.0,3.8,8.4,1.4,,1200g,openfoodfacts,2
4400139000067,tomatenketchup von werder,"Werder, Werder Feinkost",92.0,1.6,20.0,0.2,20g,450ml,openfoodfacts,3
4400139006045,ohne tomatenketchup zuckerzusatz,Werder,42.0,0.8,8.5,0.1,100 ml,450ml,openfoodfacts,3
4533945834066,cookies japanese,Tokyo Campanella,533.333333333333,6.66666666666667,48.3333333333333,35.0,1 cookie (12 g),,openfoodfacts,2
4571464691074,by,株式会社こむぎ屋,252.0,7.2,43.2,4.4,100 g,,openfoodfacts,1
4573347089343,cake ujimatcha,さくら製菓,161.0,2.2,20.0,8.0,,,openfoodfacts,2
4573479121119,matcha protein,The Matcha Tokyo,396.0,52.8,35.6,5.6,1 portion (25 g),75 g,openfoodfacts,2
4573481412632,happy zenb,ZENB JAPAN,412.5,16.25,67.5,10.625,16 g,,openfoodfacts,2
4580004480030,hai sai sauce,Okinawa,66.6666666666667,0.666666666666667,15.3333333333333,0.0,1 tbsp (15 g),,openfoodfacts,3
4580797262523,sand strawberry tokyo,Bake Shortcakw,302.631578947368,2.36842105263158,35.2631578947368,16.5789473684211,2 Pieces (38 g),,openfoodfacts,3
4589749920498,base bread,Base Food Inc.,264.210526315789,14.2105263157895,37.5789473684211,7.68421052631579,95 g,,openfoodfacts,2
4595641153018,eaa reys,REYS,396.666666666667,60.0,38.3333333333333,0.583333333333333,12 g,,openfoodfacts,2
4600819030210,oat raisins,,360.0,10.0,61.0,5.5,100.0g,,openfoodfacts,2
4601798020131,mini,Chupa chups,390.0,0.0,96.0,0.0,,120g,openfoodfacts,1
4605922004318,cookie ice,Инмарко,313.0,4.5,43.4,13.5,65 g,,openfoodfacts,2
4607084352870,crack it,Orion,500.0,7.0,64.0,25.0,18 g,,openfoodfacts,2
4610011503368,rich,rich,20.0,0.0,4.7,0.0,100мл,"0,5",openfoodfacts,1
4660085515163,snickers super,SNICKERS,494.0,8.1,59.0,25.0,40 g,80gr,openfoodfacts,2
4660298503032,chips extra protein,Bombbar,346.666666666667,40.0,25.3333333333333,8.66666666666667,15 g,,openfoodfacts,3
4680613380117,kraft prime,Primekraft,349.3,76.9,3.0,3.3,30 g,,openfoodfacts,2
4710085226979,brown coffee drink mr,Mr. Brown,43.0,1.3,7.9,0.7,,,openfoodfacts,4
4710273814650,pw,PW,357.142857142857,58.5714285714286,14.0,7.14285714285714,,,openfoodfacts,1
4710923123057,roasted squid,Squid Series,300.0,45.0,25.0,0.0,0.333 cup (20 g),160 g,openfoodfacts,2
4711516791943,brownie dessert mochi,,368.0,1.6,68.0,9.8,,120 g,openfoodfacts,3
4711516791998,dessert mochi,,365.0,1.3,70.0,9.0,,,openfoodfacts,2
4711931030948,assorted fruit mochi,Taiwan Dessert,358.0,1.1,84.0,2.0,,120 g,openfoodfacts,3
4711931036117,cream mochi tiramisu,Royal Family,380.0,0.0,73.3333333333333,6.66666666666667,1 portion (15 g),180 g,openfoodfacts,3
4711931037077,creme mochi tiramisu,Royal Family,381.0,1.7,72.0,9.6,1 mochi (15 g),120,openfoodfacts,3
4712847878020,boba cat tapioca,Boba Cat,183.0,3.0,34.0,3.0,1 can (315 ml),,openfoodfacts,3
4712847878037,boba cat matcha,Boba Cat,55.5555555555556,0.952380952380952,10.4761904761905,0.952380952380952,1 portion (315 ml),,openfoodfacts,3
4712847878044,boba tea,Boba Cat,52.0,0.0,9.0,1.0,100 ml,315 ml,openfoodfacts,2
4712929100032,cake peanut rice,Tiffany food corp,333.333333333333,3.33333333333333,70.0,3.33333333333333,1 cake (30 g),,openfoodfacts,3
4713025604516,chips protein soy,Tryall,452.333333333333,50.0,21.0,18.6666666666667,1 pack (30 g),,openfoodfacts,3
4716454901119,soft tofu tw,Soon Tofu Tw,53.375,6.0,2.375,2.1875,1 serving (160 g),,openfoodfacts,3
4740012370673,dops mesikappa,Kalev,503.0,5.6,60.0,26.0,1 cookie (14 g),,openfoodfacts,2
4740036016618,kodujuust,TERE,94.0,13.0,2.5,3.6,380 g,,openfoodfacts,1
4740046004049,juustupihvid kana,Tallegg,228.0,14.0,16.0,12.0,1 piece (46 g),320 g,openfoodfacts,2
4740046004216,seche viande,Rakvere,228.0,43.0,1.5,5.7,50 g,,openfoodfacts,2
4740046014222,chick snack spicy,tallegg,242.0,50.0,1.5,4.2,80 g,,openfoodfacts,3
4740051001064,banaani pirni smuuti viinamarja,A. Le Coq,66.0,0.4,15.0,0.1,300 ml,,openfoodfacts,4
4740073000465,moos mustsostra vaarika,Meie Mari,208.0,0.4,50.0,0.0,,,openfoodfacts,3
4740073060384,piprakurk,Salvest,11.0,0.3,1.5,0.2,,,openfoodfacts,1
4740073080009,vaarikamoos,meie mari salvest,165.0,0.4,39.0,0.0,1 lusikas (20 g),,openfoodfacts,1
4740103011256,juuretise pehme rost,Fazer,39.0,1.4,7.2,0.2,1 serving (27 g),,openfoodfacts,3
4740125631371,kohupiimakreem metsmaasika,alma,130.0,6.0,13.0,6.0,150 g,,openfoodfacts,2
4740142000747,eesti juust,Epiim,342.0,27.0,0.0,26.0,,,openfoodfacts,2
4740171177489,puhajarve toorvorstikesed,Maks & Moorits,254.0,18.0,2.1,19.0,1 portion (100 g),,openfoodfacts,2
4740581111295,kohupiimatort maasika pistaatsia,Selveri Köök,260.0,5.5,28.0,14.0,1 slice (1/8) (87.5 g),,openfoodfacts,3
4740590030327,praetud raimed saaremaa,Kaluri,190.0,11.1,12.6,10.6,,,openfoodfacts,3
4740633493799,mooraprea,Lõuna Pagarid,397.0,4.6,64.6,13.0,1 portion (65 g),,openfoodfacts,1
4740660015414,toorjuust,Coop,286.333333333333,4.5,4.0,28.0,30 g,,openfoodfacts,1
47421096459304,cardons,,8.0,0.0,1.4,0.0,,,openfoodfacts,1
4745010279898,kanapasta suitsujuustune,Maitseelamused,183.0,7.2,18.8,10.0,1 portion (300 g),,openfoodfacts,2
4750007897375,kekse sues tierpark,Laima,371.0,7.2,71.0,6.3,,500g,openfoodfacts,3
4750022012111,merce tomatu,spilva,77.0,1.3,18.0,0.0,1 portion (1 g),,openfoodfacts,2
4750022050021,zalie zirnisi,Spilva,60.0,4.5,9.7,0.4,,,openfoodfacts,2
4750025001204,meza piena produkts zemenu,Lakto,62.0,3.0,8.5,1.8,,,openfoodfacts,4
4750025904734,meza zemenu,Lakto,62.0,2.9,8.6,1.8,,,openfoodfacts,2
4750121117540,auzu biezputra,HERKULESS,100.0,10.0,1.0,5.9,35 g,35g,openfoodfacts,2
4750142005529,detox performance vitamin,Cēsu alus,16.0,0.0,3.7,0.0,,,openfoodfacts,3
4750145022417,dzervenu ievarijums,PURE,223.0,0.1,55.0,0.0,,,openfoodfacts,2
4750170004853,deer steak,RGK,129.0,21.3,0.8,4.5,1 portion (500 g),,openfoodfacts,2
4750174440725,dumdesa maikopas,Rīgas Miesnieks,471.0,20.0,1.1,43.0,,,openfoodfacts,2
4750195024102,ikdienas maisijums riekstu,Alisco,456.0,13.42,41.09,30.18,,,openfoodfacts,3
4750323001814,maisijums riekstu skaistumam,dienas deva,547.0,17.2,28.7,38.4,1 paka (40 g),,openfoodfacts,3
4751001620624,sauerkraut stewed,DimDini,26.7686424474187,3.5,8.2,6.2,,,openfoodfacts,2
4751001623823,kopustai troskinti,Dimdini,102.0,1.7,8.4,6.0,,,openfoodfacts,2
4751017942345,avenu bio ievarijums,Rūdolfs,180.0,0.5,43.8,0.3,400 g,,openfoodfacts,3
4751039450385,chips potato tomato,O'Byte,390.0,5.3,61.5,13.0,90 g,,openfoodfacts,3
4751047320076,cream ice protein strawberry,Alfrēda,197.0,25.0,12.0,7.0,60 g,,openfoodfacts,4
4752050032253,maccheroni,Rimi,352.0,12.0,71.0,1.6,,,openfoodfacts,1
4752050041910,biezpiens vajpiena,Rimi,89.0,18.0,3.0,0.5,100 g,,openfoodfacts,2
4752050043181,pesto pistachio,Rimi,417.0,6.3,9.3,39.0,,,openfoodfacts,2
4752050118988,curado jamon,Rimi,237.0,31.0,1.2,12.0,70 g,,openfoodfacts,2
4752050119572,apricot extra jam,Rimi,248.0,0.7,60.0,0.2,100 g,,openfoodfacts,3
4770068201072,cinnamon dream,Fazer,372.0,6.2,57.9,12.4,,,openfoodfacts,2
4770123206868,capuccino protein,Bute GREEnz,387.5,32.1875,45.3125,13.125,1 portion (32 g),,openfoodfacts,2
4770175486423,cookies cream ice with,Kar Kar,325.5258125682,4.8,26.9,22.1,1 portion (52 g),,openfoodfacts,4
4770205112414,ryziai,Galinta,370.0,7.1,76.8,1.9,,,openfoodfacts,1
4770299046381,nik pik,Pik-Nik,294.4550668752,26.7,0.5,20.8,7 cheese stick (140 g),140 g,openfoodfacts,2
4770728194041,riestainiai senoviniai,Linkėjimai Iš Kaimo,254.0,8.12,47.0,3.1,100 g,,openfoodfacts,2
4771395191623,fruity hoops imp,,380.0,9.0,80.0,2.0,,250g,openfoodfacts,3
4771489194059,sausainiai,Garliavos duona,520.0,3.8,64.0,27.0,1 sausainis (21 g),,openfoodfacts,1
4778000502140,and coconut strawberry sveikeris,EPICER,535.0,5.7,37.9,40.3,100 g,,openfoodfacts,4
4779033978391,kiev,Done Cooking,349.0,12.0,14.0,27.0,1 portion (100 g),,openfoodfacts,1
4779039732614,butternut soup squash,Activus,46.0,0.9,5.1,2.2,1 pack (400 g),,openfoodfacts,3
4779059021460,pizza snack,Food Luck,225.0,11.0,24.0,9.0,100 g,,openfoodfacts,2
4792018233216,kottu mee,Kottu mee,403.0,7.4,48.0,20.0,1 portion (78 g),,openfoodfacts,2
4800005044544,beef corned tapa,Delimondo,307.272727272727,18.1818181818182,12.7272727272727,20.0,55 g,5,openfoodfacts,3
4800010079951,aux butter cookie peanut sandwich,Jack n' Jill,500.0,10.0,63.333333333333,23.333333333333,30g,,openfoodfacts,5
4800016024467,coffee cream instant o,Great Taste,464.285714285714,3.57142857142857,71.4285714285714,21.4285714285714,28 g,,openfoodfacts,4
4800016043222,fruit nips nuts,Nips,500.0,7.14285714285714,64.2857142857143,21.4285714285714,14 g,,openfoodfacts,3
4800016644504,cheese piattos,Jack 'n Jill,500.318674236,6.66666666666667,63.3333333333333,23.3333333333333,1 serving (30 g),85g,openfoodfacts,2
4800016671807,piatto,JACK'nJILL,500.0,3.33333333333333,66.6666666666667,23.3333333333333,30g,40 g,openfoodfacts,1
4800022230081,corned hot spicy tuna,Blue Bay,119.642857142857,12.5,5.35714285714286,5.35714285714286,1 portion (56 g),,openfoodfacts,4
4800092110023,mocha sandwhich,,483.87096774194,6.4516129032258,67.741935483871,22.58064516129,,10 x 31 g,openfoodfacts,2
4800092113338,crackers rebisco,Rebisco,454.545454545455,12.1212121212121,66.6666666666667,15.1515151515152,33g,33g,openfoodfacts,2
4800092552182,choco sarap topps,Suncrest Foods Inc.,441.176470588235,5.88235294117647,61.7647058823529,20.5882352941176,1 Cake (34 g),340 g,openfoodfacts,3
4800110021980,champ o rado,White King,347.826086956522,8.69565217391304,78.2608695652174,0.0,0.125 cup (23 g),113 g,openfoodfacts,3
4800148535992,marby,CHEESE BITES,100.0,3.0,17.0,3.0,,110 g,openfoodfacts,1
4800225990027,corn pure starch,Santa Monica,333.333333333333,0.0,86.6666666666667,0.0,30 g,,openfoodfacts,3
4800249008777,corned marino san tuna,,93.0,7.0,5.0,5.0,,,openfoodfacts,4
4800361028158,honey stars,Société des Produits Nestlé S.A.,383.333333333333,7.0,80.0,2.66666666666667,30g,20 g,openfoodfacts,2
4800361431118,koko krunch strawberry,Nestlé,366.666666666667,8.0,78.0,2.33333333333333,30 g,,openfoodfacts,3
4800818837500,potchi strawberry,,210.0,3.0,41.0,0.0,,50g,openfoodfacts,2
4800888286659,cheddar cheese mayo,Lady's Choice,320.0,0.0,13.3333333333333,26.6666666666667,1 tbsp (15 g),,openfoodfacts,3
4802222033356,bonus peanut sm spread,,530.0,20.0,46.67,30.0,,,openfoodfacts,4
4804888882040,cream dory,Frabelle Foods,50.0,11.0,0.0,0.0,100 g,,openfoodfacts,2
4806018321214,chicken pesto,7 Eleven,243.636363636364,9.09090909090909,18.7878787878788,14.5454545454545,165 g,165 g,openfoodfacts,2
4806018403859,bites cake choochoo,Lemon Square®,802.631578947368,7.89473684210526,57.8947368421053,23.6842105263158,38g,38 g,openfoodfacts,3
4806018406478,cake cheese,,357.0,7.1428571428571,61.904761904762,9.5238095238095,,42g,openfoodfacts,2
4806503660262,otap titays,Titay's,462.857142857143,8.57142857142857,71.4285714285714,17.1428571428571,1 portion (35 g),180g,openfoodfacts,2
4806514656797,hopia tipas ube,Buenas,348.83456250569,4.76190476190476,52.3809523809524,14.2857142857143,1 piece (42 g),420 g,openfoodfacts,3
4806516635226,hon mirin,Molina,171.0,0.0,41.7,0.5,1 portion (100 ml),500 ml,openfoodfacts,2
4806517040043,knacks knick,Delfi,466.666666666667,4.76190476190476,71.4285714285714,19.047619047619,1 portion (21 g),50g,openfoodfacts,2
4806525680026,biscuits paborita pantoja,Panaderia Pantoja,466.666666666667,10.0,73.3333333333333,13.3333333333333,1 portion (30 g),100g,openfoodfacts,3
4806540170038,chips kco spinach water,KCO,586.666666666667,6.33333333333333,46.6666666666667,42.0,1 portion (30 g),,openfoodfacts,4
4807770101694,butter coconut,Nissin,500.0,6.66666666666667,73.3333333333333,16.6666666666667,30g,90 g,openfoodfacts,2
4807770101717,bread stix,Nissin,472.0,5.0,70.0,15.0,,130g,openfoodfacts,2
4807770123283,cream puffs,Monde,640.0,4.0,40.0,52.0,1 serving (25 g),,openfoodfacts,2
4808647010033,cheez whiz,,280.0,10.0,11.0,22.0,,,openfoodfacts,2
4808647020094,cheese eden,Eden,300.0,10.0,13.3333333333333,23.3333333333333,30 g,160 g,openfoodfacts,2
4808887320381,ham sweet,Star,139.285714285714,7.14285714285714,10.7142857142857,7.14285714285714,28 g,,openfoodfacts,2
4810168011024,crab snow,SANTA BREMOR,87.0,7.0,10.1,2.1,,150g,openfoodfacts,2
4820062054324,bread rye wheat,Румʼянець,230.0,8.0,45.0,2.0,1 portion (100 g),,openfoodfacts,3
4820179256925,de fidea preparare rapida,REEVA,410.0,7.4,51.2,19.0,1 portion (60 g),,openfoodfacts,4
4820182742941,baked bread snack,Flint,402.0,12.0,76.0,5.5,1 packet (70 g),70g,openfoodfacts,3
4820247142501,kabanosy,ДМИТРУК,468.0,27.4,4.9,37.7,,,openfoodfacts,1
4820283941243,teriyaki wok,Ascania,153.0,0.9,37.0,0.0,,,openfoodfacts,2
4823063125451,chips paprika with,Lays,517.0,6.6,52.0,30.0,120 g,,openfoodfacts,3
4823077623790,do kavu,Roshen,460.0,7.0,65.0,18.0,100 g,,openfoodfacts,2
4823077631863,konafetto,Roshen,528.571428571429,4.28571428571429,67.1428571428571,27.1428571428571,70 g,,openfoodfacts,1
4823077641329,roshen wafers,Roshen,506.0,6.5,57.9,26.4,13 g,72g,openfoodfacts,2
4823105400478,french mustard,"Veres, Верес",128.0,4.9,15.7,4.7,5.0g,130g,openfoodfacts,2
4823105405206,jam raspberry with,Верес,261.0,0.3,64.0,0.2,100 g,,openfoodfacts,3
4841259001952,branza proaspata,latti,114.0,15.1,1.1,5.5,1 portion (100 g),,openfoodfacts,2
4841518001952,borodino paine,Plamadele,202.0,5.7,2.3,39.0,,500 g,openfoodfacts,2
4841617000535,cu mac urechiuse,7 Spice,511.0,6.0,61.75,24.0,1 piece (10 g),,openfoodfacts,3
4860008431512,matsoni,,61.0,3.3,5.3,3.2,100.0g,,openfoodfacts,1
4869002043790,bread crisp,Yamuna,355.3,11.8,73.2,1.7,1 piece (6.5 g),75 g,openfoodfacts,2
4891525034115,beef croquette,711,217.0,7.2,20.8,11.7,1 100g (100 g),,openfoodfacts,2
4892294506551,crackers prawn,Calbee,470.0,5.0,64.2,22.0,1 serving (30 g),,openfoodfacts,2
4897050056530,come,Jingjing Travel,493.0,9.3,64.5,21.8,,,openfoodfacts,1
4899668101053,jasmine premium rice,Golden Elephant Brand,349.0,7.6,77.3,1.0,100 g,5 kg,openfoodfacts,3
4901170020989,choco minto,Akagi,294.0,2.90000009536743,30.0,18.1000003814697,150 g,,openfoodfacts,2
4901306000809,mix,カゴメ,39.375,0.3125,10.0,0.0,160 g,,openfoodfacts,1
4901330300104,and chips hot potato spicy,Calbee,543.0,5.7,51.6,36.0,,,openfoodfacts,5
4901335006629,chips satisfy yuzu zesty,Satisfy,555.555555555556,5.55555555555556,57.4074074074074,33.3333333333333,31 chips (54 g),,openfoodfacts,4
4901401203112,kanpy,グリーンウッドファクトリー,235.0,0.0,59.0,0.0,20 g,,openfoodfacts,1
4901515007637,sauce teriyaki thick,Kikkoman,138.888888888889,3.0769230769231,44.615384615385,0.0,,,openfoodfacts,3
4901577042072,kewpie mayonnaise,Kewpie,666.666666666667,0.0,0.0,73.3333333333333,1 portion (15 g),1,openfoodfacts,2
4901777292741,c dekavita sunstory,Suntory,54.0,0.0,13.5,0.0,1 can (100 ml),,openfoodfacts,3
4902105290187,ufo,日清,475.268817204301,8.49462365591398,63.3333333333333,20.8602150537634,93 g,,openfoodfacts,1
4902201182362,kitkat wasabi,KitKat,551.724137931035,3.96551724137931,62.9310344827586,31.8965517241379,1 piece (11.6 g),,openfoodfacts,2
4902397840565,mms,m&m's brand,507.5,10.0,59.0,26.0,40 g,,openfoodfacts,1
4902663009146,japanese ramen,Menraku,456.32333767927,6.0,17.0,17.0,,,openfoodfacts,2
4902663014751,miso soup,Hikari Miso,294.117647058824,23.5294117647059,35.2941176470588,5.88235294117647,1 packet (8.5 g),,openfoodfacts,2
4902674200860,amazake matcha,Horsies,102.857142857143,1.42857142857143,23.7142857142857,0.285714285714286,1 bottle (350 ml),,openfoodfacts,2
4902720163002,peach shake,inProtein,39.1666666666667,6.41666666666667,3.33333333333333,0.0,240 ml,,openfoodfacts,2
4902775075756,cream onion protein snack sour,BabyStar,470.0,38.3,31.3,22.5,1 portion (10 g),,openfoodfacts,5
4902784700786,dried squid,7 Eleven,114.0,19.8,8.5,0.2,1 serving (40 g),,openfoodfacts,2
4902888218828,buscuit choice,MORINAGA,517.241379310345,11.111111111111,66.666666666667,22.222222222222,,,openfoodfacts,2
4903333041633,macadamia,LOTTE,591.176470588235,6.76470588235294,50.8823529411765,40.0,1 portion (34 g),,openfoodfacts,1
4904910115464,saratta tomato,Dydo,24.0,0.1,5.8,0.0,1 can (350 g),,openfoodfacts,2
4905132106605,jonetz mayo rich,Jonetz,740.0,3.33333333333333,3.33333333333333,80.0,1 tbsp (15 g),,openfoodfacts,3
4906623131373,proteine tofu,Asami I,68.3333333333333,5.5,3.25,3.83333333333333,120 g,,openfoodfacts,2
4909411074302,drink iso kirin,Kirin,13.0,0.0,3.2,0.0,100 ml,,openfoodfacts,3
4933267083171,fumee sauce soja,Hirashai,81.0,9.2,11.0,0.0,,,openfoodfacts,3
4939591245001,ocha,kyocha,0.0,0.0,0.0,0.0,,500ml,openfoodfacts,1
4941983014843,chips renkon,Soukan,505.555555555556,3.33333333333333,61.1111111111111,30.0,1 袋 (18 g),18g,openfoodfacts,2
4953762462219,banana chip,Supermarket,490.0,0.0,69.0,23.0,1 portion (100 g),,openfoodfacts,2
49673784,cheesecake desert parfait strawberry,Akagi,143.33173993917,1.66666666666667,19.2666666666667,6.66666666666667,1 portion (300 ml),,openfoodfacts,4
4970536049933,soft squid,Pageant,286.0,27.6,42.2,0.8,,,openfoodfacts,2
4978323111573,cake petite,Marukin,432.0,5.5,48.3,23.5,1 piece. (16 g),,openfoodfacts,2
4984718359079,jm,日本ウインナー株式会社,335.0,12.4,3.1,30.3,100 g,,openfoodfacts,1
5000108034629,exotic fruits,QUAKER,379.0,9.5,63.0,8.1,,,openfoodfacts,2
5000111046879,fry peanut satay sauce stir,Amoy,181.0,5.2,16.9,9.9,,120g,openfoodfacts,5
5000111047340,fruity imp,hp,137.0,0.9,31.5,0.0,,470,openfoodfacts,2
5000112567625,citrus,Powerade,16.0,0.0,3.8,0.0,1 bottle (500 ml),500,openfoodfacts,1
5000112630688,coke zero,Coca Cola,0.4,0.0,0.0,0.0,1 serving (250 ml),4 x 250 ml,openfoodfacts,2
5000112646252,a exotic,Fanta,3.2,0.0,0.52,0.0,250 ml,,openfoodfacts,2
5000112646634,coke,Coca-Cola,42.0,0.0,10.6,0.0,250 ml,1 L,openfoodfacts,1
5000112648607,aquarius,Aquarius,19.0,0.0,4.4,0.0,1 bottle (500 ml),,openfoodfacts,1
5000112654042,sprite,Sprite,34.0,0.0,8.2,0.0,,,openfoodfacts,1
5000112658699,citron coca,Coca-Cola,0.9,0.0,0.0,0.0,,,openfoodfacts,2
5000112659320,exotic taste,Fanta,3.0,0.0,0.5,0.0,250 ml,250 ml,openfoodfacts,2
5000112668339,powerade,Worldwide Partner,16.0,0.0,3.9,0.0,100 ml,,openfoodfacts,1
5000112684780,fanta fruit twist,fanta,19.1204588910134,0.0,4.5,0.0,1 serving (250 ml),2ltr,openfoodfacts,3
5000112690019,exotic fanta,Fanta,53.0,0.0,13.2,0.0,,,openfoodfacts,2
5000116123919,chicken dippers,Birds Eye,259.0,13.0,22.0,13.0,1 dipper (18.34 g),697g,openfoodfacts,2
5000116128969,chips crispy,Birds Eye,153.919694072658,2.2,23.0,5.2,1 portion (100 g),,openfoodfacts,2
5000119153623,aux cake fruits,Tesco,281.0,7.9,52.6,3.6,One slice (36g),,openfoodfacts,3
5000119903655,baton white,Tesco,271.0,10.5,53.5,1.1,A serving contains (100g/ml),200g,openfoodfacts,2
5000127079502,fibre fruitn,Kellogg's,407.5,8.0,69.0,6.0,,375g,openfoodfacts,2
5000128750479,butter mintoes,Co Op,384.0,0.5,91.0,7.4,,175 g,openfoodfacts,2
5000128754330,bonbons strawberry,Co-Op,410.0,0.6,89.0,5.7,22 g,175 g,openfoodfacts,2
5000128758499,sandwich tuna,Coop,186.0,10.8108108108108,23.2432432432432,4.59459459459459,1 pack (185 g),185 g,openfoodfacts,2
5000128838757,crackers inspired spicy thai,Coop,527.0,0.7,63.0,30.0,,,openfoodfacts,4
5000129211412,crackers cream,Barber,447.0,9.8,69.3,13.8,8 g,300 g,openfoodfacts,2
5000129328653,and crispy french fries thin,Coop,195.2,3.1,26.0,8.1,1 serving (100 g),250 g,openfoodfacts,5
5000129335309,british chicken satay,Co-op,212.727272727273,14.0,23.0,6.7,55.0g,,openfoodfacts,3
5000129356625,chicken poppers,Co Op,254.285714285714,15.0,14.0,15.0,1 portion (100 g),,openfoodfacts,2
5000157066817,and ham pea soup,Heinz,127.0,6.3,19.3,1.9,1 serving (100 g),400g,openfoodfacts,4
5000159386821,peanut,M&M's,524.0,9.8,59.0,26.0,1 portion (40 g),200 g,openfoodfacts,1
5000159460293,cacahuete m ms,"M&M's, Mars",516.0,10.0,58.0,26.0,45 g,45 g,openfoodfacts,3
5000159460880,cream ice snickers,SNICKERS,351.477801956177,2.1214420255661,73.4420939123154,5.44062720031738,66 g,"72,5 ml",openfoodfacts,3
5000159471510,erdnuss mms,M&M'S,524.0,9.8,59.0,26.0,1 portion (44 g),220 g,openfoodfacts,2
5000159472081,crispy mms,M&M's,494.0,4.5999999046326,65.0,23.0,"42,5g",255g,openfoodfacts,2
5000159472531,peanut pouch,m&m's,524.0,9.8,59.0,26.0,1 portion (100 g),125g,openfoodfacts,2
5000159477574,mms peanut,"M&m's, Mars, Mars Chocolat, Mars Chocolat France",524.0,9.8,59.0,26.0,45g,500 g,openfoodfacts,2
5000159516198,mars protein,Mars,320.42375,5.1535,56.398,31.80225,50 g,50,openfoodfacts,2
5000159541374,cream ice new recipe snickers,Snickers,341.0,5.9,34.0,20.0,50.3 ml (45.6 g),319.2 g (352.1 ml),openfoodfacts,5
5000159548496,cream eis ice snickers,"Snickers, Mars",382.0,6.71,37.1,22.7,251.5 ml,150g,openfoodfacts,4
5000159548519,cream ice mars,Mars,332.0,3.84,39.5,17.8,1 serving (40 g),"200 g / 247,5 ml",openfoodfacts,3
5000159556804,twix white,Twix,409.323317307692,1.839398,85.6578393692308,9.29278846153847,1 serving (23 g),46g,openfoodfacts,2
5000159557177,extra twix white,Twix,502.0,5.0,63.0,25.0,1 finger (37.5 g),75 g,openfoodfacts,3
5000159557429,bounty,Miniatures,485.436893203883,0.0,60.1941747572816,26.2135922330097,1 piece (10.3 g),150g,openfoodfacts,1
5000159558914,miniatures snickers,Snickers,493.0,8.2,61.0,24.0,10.3g,150g,openfoodfacts,2
5000159558976,cream ice twix,Twix,280.0,2.9,34.0,15.0,43.1 ml,1pcs,openfoodfacts,3
5000159559140,baton snickers,Snickers,489.0,8.1,60.0,23.0,,100g,openfoodfacts,2
5000159561662,crispy,M&Ms,484.0,0.0,68.0,21.0,36g,36 g,openfoodfacts,1
5000159571012,counters,Galaxy,528.150134048257,7.50670241286863,58.9812332439678,29.4906166219839,1 portion (37.3 g),112g,openfoodfacts,1
5000168001210,biscuits mcvities rich tea,McVitie's,460.0,7.2,71.1,15.7,1 biscuit (8.3 g),300 g,openfoodfacts,4
5000168030784,tasties,McVitie's,450.0,7.2,72.8,14.4,,,openfoodfacts,1
5000168188355,bourbon creams mcvities tasties,McVitie's,485.714285714286,5.71428571428571,65.7142857142857,22.1428571428571,1 portion (14 g),,openfoodfacts,4
5000168188591,cream custard tasties,McVitie's,489.0,5.4,68.4,21.5,,,openfoodfacts,3
5000168217055,creams oaty,McVities,498.0,5.7,60.8,25.8,,,openfoodfacts,2
5000169009192,monster munch,Walkers,0.0,0.0,0.0,0.0,,,openfoodfacts,2
5000169092576,diced onions,Cooks’ Ingredients,38.6,1.1,6.25,0.62,,,openfoodfacts,2
5000169173480,british ham oak smoked,Waitrose,130.0,22.4,0.0,4.5,,,openfoodfacts,4
5000169644539,crumpets waitrose,Waitrose & Partners,189.0,5.7,38.6,0.7,55.03 g,,openfoodfacts,2
5000169654453,pie steak,Waitrose,278.0,9.7,23.8,15.8,1 portion (183 g),,openfoodfacts,2
5000169662212,cashew nuts,Waitrose,586.0,17.7,18.1,48.2,1 serving (25 g),,openfoodfacts,2
5000171054852,infusions tuna,John West Infusions,247.5,24.0,0.6,11.0,1 portion (80 g),80 g,openfoodfacts,2
5000208025459,peppermint tea,Tetley,2.0,0.1,0.6,0.0,,20 bags,openfoodfacts,2
5000225028068,bahian coconut curry,Schwartz Las Iguanas,50.0872890514589,11.6,40.5,13.6,6.25g,,openfoodfacts,3
5000232037732,pasta penne,Napolina,356.0,12.0,72.0,1.5,1 portion (100 g),,openfoodfacts,2
5000232040206,and pepper red soup tomato,Crosse & Blackwell,73.8527724549,1.0,7.6,4.3,1 can (400 g),,openfoodfacts,5
5000232041142,puree red tomato wine,Napolina,122.0,4.4,23.0,0.6,,,openfoodfacts,4
5000232956507,pikant thunfisch,Vier Diamanten,54.5945945945946,14.0,6.0,2.2,185 g,,openfoodfacts,2
5000232956996,puttanesca thunfisch,Vier Diamanten,255.0,11.0,1.0,23.0,1 portion (85 g),,openfoodfacts,2
5000232957092,tonijn zakje,Princess,103.0,23.5,0.1,1.0,1 portion (85 g),,openfoodfacts,2
5000232957306,in tonijn water,STATESMAN,61.875,23.52,0.1,0.49952,40 gram,160 g,openfoodfacts,3
5000237127285,dry kp peanuts roasted,KP,580.70336625,21.766569375,14.62843725,46.44585225,1 serving (30 g),30g,openfoodfacts,4
5000237128800,choc dips,KP,513.0,7.5,63.0,25.0,,3 x 28 g,openfoodfacts,2
5000237130032,cheddar onion,McCoys,526.0,7.4,53.0,30.0,,6x25,openfoodfacts,2
5000237132258,bacon crispy crunchies wheat,Wheat Crunchies,480.0,10.0,56.0,25.0,1 packet (20 g),,openfoodfacts,4
5000237133989,and naks nik rib saucy,KP Snacks,565.0,6.5,50.0,37.0,1 pack (20 g),6 x 20 g,openfoodfacts,5
5000237207185,naks nik,Niknaks,564.444444444444,6.22222222222222,53.3333333333333,35.5555555555556,1 portion (45 g),,openfoodfacts,2
5000246728725,anchor butter,Anchor,744.0,0.6,0.6,82.0,,200 g,openfoodfacts,2
5000295078482,cheddar mature,Cathedral City,416.0,25.4,0.1,34.9,,200 g,openfoodfacts,2
5000295142893,cheddar mature our,Cathedral City,416.0,25.4,0.1,34.9,1 serving (30 g),350 g,openfoodfacts,3
5000328034744,chicken roasted thyme,Walkers Sensations,487.0,6.8,53.0,26.0,1 serving (30 g),,openfoodfacts,3
5000328333731,and cakes corn rice,Snack a Jacks,148.363,6.4361,57.9461,5.0294,1 serving (9.7 g),117g,openfoodfacts,4
5000328514024,cheetos puffs,Cheetos,520.0,6.0,52.0,32.0,1 serving (50 g),,openfoodfacts,2
5000328627861,quavers,Walkers,536.0,2.5,62.1,30.8,1 serving (30 g),,openfoodfacts,1
5000342001852,back bacon rashers,Adams,200.0,16.2,0.3,14.8,1 Rasher (30 g),,openfoodfacts,3
5000354921353,chicken soup,Batchelors,167.278515815735,3.50474910736084,29.0,4.1201663017273,250 g,,openfoodfacts,2
5000358967357,broth mix soup,Tesco,316.666666666667,12.3333333333333,55.3333333333333,2.33333333333333,1 serving (30 g),1 x 400 g,openfoodfacts,3
5000382029816,bru irn,Barr,42.0,0.0,10.3,0.0,33 cl,330ml,openfoodfacts,2
5000382030911,rubicon,Rubicon,20.0,0.0,4.6,0.0,,330 ml,openfoodfacts,1
5000382102496,bru irn xtra,Irn-Bru,1.0,0.5,0.0,0.0,,2 l,openfoodfacts,3
5000382115236,tizer,Barr,16.0,0.0,3.9,0.0,,2 Litres,openfoodfacts,1
5000385023316,creamy korma,Jamie Oliver,207.0,4.2,8.6,17.5,1 s (100 g),,openfoodfacts,2
5000396022315,hobnobs,Mcvitie s,366.117218017578,8.79027777777778,55.4968200683594,19.5622222222222,4 biscuits (75 g),300g,openfoodfacts,1
5010003000131,soft white,Hovis,232.5,8.75,44.75,1.75,1 slice (40 g),800 g,openfoodfacts,2
5010003070424,fibre n white,Hovis,232.0,9.0,43.5,1.6,1 slice (44 g),,openfoodfacts,3
5010003078949,best both hovis of,Hovis,227.5,9.5,40.75,1.5,40 g per slice (40 g),,openfoodfacts,4
5010034005983,quinoa reis und,Ben's Original,155.0,3.7,30.8,2.2,110 g,220g,openfoodfacts,3
5010034015647,curry inspired katsu rice,Bens Original,28.4936701988636,6.58989292755682,73.3369393579545,2.66810443039773,1 portion (110 g),220g,openfoodfacts,4
5010034016200,chicken mushroom risotto,Ben’s Original,127.0,3.3,23.0,2.2,1 pouch (350 g),250g,openfoodfacts,3
5010034016491,epice riz,Suzi Wan,168.0,3.4,34.0,1.8,1 portion (220 g),,openfoodfacts,2
5010035001991,rocky,Fox's,493.0,6.0,61.4,23.7,1 bar (100 g),,openfoodfacts,1
5010044007809,seeded,Warburtons,285.185185185185,5.92592592592593,40.0,10.0,1 slice (27 g),300 g,openfoodfacts,1
5010044010588,pitta protein soft,Warburtons,239.68253968254,12.8571428571429,35.2380952380952,3.80952380952381,1 pitta (63 g),,openfoodfacts,3
5010076743195,teriyaki wrap,MyProtein,185.0,13.9,24.6,3.1,1 portion (203.24 g),,openfoodfacts,2
5010076743232,chicken firecracker wrap,MyProtein,189.0,14.1,23.8,3.8,1 pack (198.413 g),,openfoodfacts,3
5010228001081,chip home,Mccain,202.0,3.2,30.0,7.2,1 oven baked (100 g),1kg,openfoodfacts,2
5010228001920,chips naked oven,McCain,169.0,3.1,29.0,4.0,1 serving (100 g),,openfoodfacts,3
5010228006802,jackets,McCain,84.0,2.0,18.0,0.5,1 portion (100 g),800 g,openfoodfacts,1
5010251446965,juice tomato,"Morrison, s, Morrisons",18.0,0.8,3.1,0.0,,,openfoodfacts,2
5010251507338,morrison,Morrisons,209.0,19.7,0.3,14.2,1 portion (100 g),1 kg,openfoodfacts,1
5010251508984,cream soda,Morrisons,0.4,0.0,0.0,0.0,,2 litres,openfoodfacts,2
5010251509189,soda water,Morrisons,0.0,0.0,0.0,0.0,,,openfoodfacts,2
5010251510611,fruits summer,Morrisons,2.0,0.0,0.3,0.0,,1.5 l,openfoodfacts,2
5010251519683,poppy sesame thins,Morrisons,480.0,10.9,59.8,20.7,,150g,openfoodfacts,3
5010251541080,puffed wheat,Morrisons,358.0,13.2,67.7,1.8,16 g,160 g,openfoodfacts,2
5010251603870,back bacon smoked,Morrisons,287.0,13.92,0.06,12.78,2 rashers (60 g),300 g,openfoodfacts,3
5010251840787,fizzy strawberry straws,"Morrisons own,Morrisons",368.0,2.7,83.4,2.2,22g,65g,openfoodfacts,3
5010338000882,harissa sauce,Alfez,74.0,4.6,11.0,2.0,,238 ml,openfoodfacts,2
5010338200060,chow fry mein sauce stir,Blue Dragon,88.3333333333333,0.8968,17.8828,2.11725,50 g,120 g,openfoodfacts,5
5010338404765,curry katsu,Blue dragon,167.0,3.8,32.0,2.3,,,openfoodfacts,2
5010438007095,bev drinks fizzy vimto,Vimto,18.0,0.0,4.4,0.0,330ml,330ml,openfoodfacts,4
5010474029679,cheese crunch,Smug Dairy,364.483747609943,21.0,25.0,21.0,1 Pack (40 g),,openfoodfacts,2
5010482132811,power protein,Wheyhey,77.0,11.0,4.7,1.5,200.0g,,openfoodfacts,2
5010482211851,beef mince,Iceland,255.0,15.0,0.3,18.6,1 100g (100 g),,openfoodfacts,2
5010482274955,samosa,Iceland,233.0,4.8,30.0,9.4,1 samosa (15 g),240g,openfoodfacts,1
5010482386108,authentic doner kebab meat,MyProtein,198.425196850394,27.7,6.8,12.8,100 g air fried (100 g),,openfoodfacts,4
5010482392994,british cheddar mature,Iceland,416.0,25.4,0.1,34.9,1 portion (30 g),,openfoodfacts,3
5010482414337,chicken fried poppers southern,Iceland,242.0,15.0,15.3,13.0,,,openfoodfacts,4
5010482414498,chicken marry me pasta,Slimming World Free Food plus,17.0909090909091,9.4,9.4,1.8,1 portion (550 g),,openfoodfacts,4
5010482458324,bbq of rack ribs,Iceland,146.4,10.2,8.44,7.8,0.5 pack (250 g),,openfoodfacts,4
5010482492274,chicken chinese crunch pepper tenders,Iceland,222.0,17.0,16.0,10.0,100 g air fried (100 g),,openfoodfacts,5
5010482494896,cirry katsu tendedn,Iceland,224.0,16.0,15.4,10.7,1 portion (100 g),,openfoodfacts,3
5010482494957,bbq sweet tenders,Iceland,234.0,15.5,18.1,10.8,1 portion (100 g),,openfoodfacts,3
5010482738792,fish mix pie,Iceland,74.0,16.5,0.7,0.5,1 serving (100 g),,openfoodfacts,3
5010482925130,chicken rice tikka with,Myprotein,114.0,11.7,10.1,2.8,1 portion (350 g),350 g,openfoodfacts,4
5010482945794,chicken my protein satay skewers,MyProtein,113.076923076923,21.5384615384615,4.23076923076923,2.07692307692308,1 portion (520 g),,openfoodfacts,5
5010482949563,cajun chicken pasta,MYPROTEIN,110.727272727273,11.6727272727273,10.7454545454545,2.0,1 portion (550 g),550 g,openfoodfacts,3
50105090,peppermint softmints trebor,Trebor,377.3,0.1,94.0,0.1,100 g,44.9 g,openfoodfacts,3
5010511479511,mix poppets up,,453.0,4.7,67.8,20.5,,120g,openfoodfacts,3
5010511480753,poppets,Aldi,474.0,3.4,68.4,20.7,50 pieces (100 g),100g,openfoodfacts,1
5010525125688,mayo peri,Morrisons,298.0,0.8,9.6,28.3,1 portion (100 g),,openfoodfacts,2
5010525358833,and cashews honey peanuts roasted,Morrisons,600.0,20.1,24.2,46.0,,,openfoodfacts,5
5010525363929,chicken korma,Morrisons,147.466539196941,11.3,5.3,8.9,1 quarter pack (100 g),,openfoodfacts,2
5010525423951,best burrata morrisons the,Morrisons The Best,233.0,10.8,1.2,20.5,1 portion (100 g),,openfoodfacts,4
5010525432236,chicken tikka wrap,Applied Nutrition,160.9375,12.03125,17.9375,3.71875,1 portion (320 g),,openfoodfacts,3
5010525432748,chicken fried pasta southern,Morrisons,147.0,4.7,18.4,5.8,1 portion (100 g),,openfoodfacts,4
5010525436494,beef corned crispbakws,Morrisons,219.168260038241,11.4,21.1,9.5,1 ven cooked (100 g),,openfoodfacts,3
5010525440354,chicken peri steaks,Morrisons,251.0,17.0,23.7,9.4,1 steak (100 g),,openfoodfacts,3
5010525444413,bacon caesar chicken,Morrisons,284.0,14.5,2.6,23.7,,,openfoodfacts,3
5010525452562,crispy katsu kit soft taco,Morrisons,248.739495798319,6.89075630252101,40.3361344537815,6.05042016806723,0.25 pack (119 g),,openfoodfacts,5
5010651001146,demerara,Billington's,398.0,0.0,99.0,0.0,,1kg,openfoodfacts,1
5010654000719,chicken curry,Grant's,79.0,8.8,5.4,2.3,1 serving (100 g),,openfoodfacts,2
5010975030020,cakes tea,TUNNOCK'S,430.210325047801,4.16666666666667,62.0833333333333,19.1666666666667,1 cake (24 g),144g,openfoodfacts,2
5011061160119,mammouth pop,Zed Candy,156.0,0.0,91.0,0.5,,,openfoodfacts,2
5011096011950,cheese cornados nacho,Tayto Snacks,522.0,5.0,50.2,32.6,,110g,openfoodfacts,3
5011096011967,cornsdos,Tayto,525.0,4.2,52.0,32.5,1 portion (100 g),110 g,openfoodfacts,1
5011096012148,dorys hunky,Hunky Dorys,544.0,4.8,50.0,35.2,1 portion (25 g),130g,openfoodfacts,2
5011157888101,basmati pure rice,Tilda,106.309751434034,7.5166,76.244,0.8232,0.5 pack (125 g),250 g,openfoodfacts,3
5011182030360,chicken fried ham rice,The kitchen,44.375,2.625,6.6875,0.71875,1 Pack (320 g),,openfoodfacts,4
5011308303200,butter chicken sauce,"Patak's,Pataks",82.386065,0.5102785,3.7935885,7.0488225,1 serving (100 g),450g,openfoodfacts,3
5011308701822,korma sauce,,99.0,8.0,5.2,5.8,,,openfoodfacts,2
5011546415567,decaff nescafe,Nestlé,396.6,14.4,40.2,15.4,,100g,openfoodfacts,2
5012035951207,haribo starmix,Haribo,342.0,6.6,77.0,0.5,,400 g,openfoodfacts,2
5012035960230,mini strawbs,Haribo,334.0,0.5,82.0,0.5,1 mini pack (16 g),,openfoodfacts,2
5012035964801,happy haribo,Haribo,341.0,5.1,79.0,0.5,1 bag (15g),352g,openfoodfacts,2
5012159027512,bacon smoky tayto,Tayto,536.0,4.8,54.8,32.8,1 portion (25 g),,openfoodfacts,3
5012159036422,bacon smokey,Tayto,536.0,4.8,54.8,32.8,1 portion (25 g),,openfoodfacts,2
5012309011415,cashew honey nuts roasted,The Sun Valley Nut Co.,89.9077178571429,14.4673071428571,29.2794721428571,46.3128571428571,1 portion (100 g),,openfoodfacts,4
5012427049802,kidney pie steak,Fray Bentos,146.0,6.4,13.4,7.1,0.5 pie (212.5 g),,openfoodfacts,3
5012427143302,broth scotch,Baxters,38.0,1.7,5.4,0.8,1 portion (100 g),400g,openfoodfacts,2
5013427012612,bread brown irish soda,Rankin,238.0,8.2,41.8,3.4,Per Portion (Approx 33g),400 g,openfoodfacts,4
5013665115656,creamy erdnussbutter,Whole Earth,595.0,29.0,12.0,46.0,10 g,340g,openfoodfacts,2
5013665117735,cakes oat puffed strawberry,Kallo,388.0,12.0,66.0,5.8,1 portion (100 g),122g,openfoodfacts,4
5014067153819,apricot peach,Yeo Valley,100.4,4.4,11.7,4.0,100g,450 g,openfoodfacts,2
5014213000929,butter cashew smooth,Meridian,659.0,21.0,19.0,56.0,1 portion (15 g),170 g,openfoodfacts,3
5014276512018,mirin,Yutaka,218.0,0.1,55.0,0.5,,150ml,openfoodfacts,1
5016599010561,tonijn,Princed,176.470588235294,23.0392156862745,0.0,9.31372549019608,1 portion (102 g),,openfoodfacts,1
5016599011070,ansjovis,Princes Selections,186.0,24.0,0.1,10.0,,,openfoodfacts,1
50166077,mars,,437.0,4.2,71.0,15.0,18,18,openfoodfacts,1
50173099,fresa orbit,Orbit,167.0,0.0,68.0,0.0,,14 g,openfoodfacts,2
50173358,hierbabuena orbit,Wrigley's,149.0,0.0,62.0,0.0,,14 g.,openfoodfacts,2
5017524095028,and chicken ham sandwhich,VIP,213.0,12.0,25.0,6.4,,,openfoodfacts,4
5017689780470,brown chickpeas,TRS,322.0,17.0,65.0,6.8,,1 kg,openfoodfacts,2
5018374682253,pistachios roasted,Tesco,582.0,24.9,10.2,46.4,1 serving (25 g),300g,openfoodfacts,2
50184453,extract marmite yeast,Marmite,262.5,34.0,30.0,0.5,8 g,250g,openfoodfacts,3
5018605005530,peanuts red,East End,243.0,25.6,12.5,46.0,,,openfoodfacts,2
5019503048292,rokt skivor smak,Quorn,101.0,13.0,1.7,2.5,25 g,100 g,openfoodfacts,3
5020379175180,creamy strawberry thicke,Lichfields,130.0,2.6,15.0,6.3,125g,20 x 125g,openfoodfacts,3
5020580553647,bombay hot mix,Laila,575.0,14.0,48.0,34.0,1 portion (20 g),,openfoodfacts,3
5021991946288,tisane,Clipper,1.0,0.1,0.0,0.0,,,openfoodfacts,1
5022374050714,acti snack,Acti Snack,480.0,19.0,37.5,27.5,40 g,,openfoodfacts,2
5022463125910,creamy dairy smooth tims,,99.0,5.4,11.6,3.7,,,openfoodfacts,4
50237906,coated peanuta,,522.0,14.0,41.0,33.0,,,openfoodfacts,2
5024373314736,tuna wraps,,192.0,6.9,27.6,6.3,,,openfoodfacts,2
5025840004747,skyr superberry,Graham’s,88.0,10.2,9.8,0.4,1 portion (150 g),150g,openfoodfacts,2
5025840005270,peach quark,Graham's The Family Dairy,84.0,12.3,7.8,0.4,1 pot (200 g),200g,openfoodfacts,2
5025840005294,quark strawberry,Graham's,83.0,12.5,7.5,0.5,1 serving (100 g),200 g,openfoodfacts,2
5025878004887,buttery dairy free taste,Pure,569.0,0.5,1.0,63.0,10g,500g,openfoodfacts,4
5027324001235,cream ice mochi raspberry summer,little moons,218.75,2.4,37.0,6.7,32g,192 g (6x32g),openfoodfacts,5
5027659897480,chicken korean skewer spicy,Wing’s,168.02103250478,18.0,8.6,6.5,1 portion (100 g),600 g,openfoodfacts,4
5027891263951,vannamei,7 θάλασσες,53.0,11.6,0.2,0.7,,500g,openfoodfacts,1
5028482103823,cheese shredded,eatlean,568.0,9.2,0.1,0.7,1 portion (25 g),,openfoodfacts,2
5029617002004,bircher breakfast nomadic,,141.0,4.7,26.0,2.3,,140 g,openfoodfacts,3
5029788167441,coconut crunchy peanuts,Tropical Sun,533.0,17.0,44.0,31.7,,,openfoodfacts,3
5029912003096,breakfast muffin,Murdoch Allan,285.0,8.9,54.8,4.4,1 muffin (66 g),,openfoodfacts,2
50314904,poppets toffee,Poppets!,476.0,3.1,66.4,21.7,1 box (39 g),39g,openfoodfacts,2
5032722317772,coconut sap,Bionica,84.0,0.0,21.0,0.0,,250 mL,openfoodfacts,2
5033742001153,chestnut panettone,Seggiano,458.0,3.6,38.7,32.5,,,openfoodfacts,2
5034444101219,baton cu de fistic ovaz,First Quality Foods,474.028043339706,7.0,53.0,22.0,1 serving (100 g),90 g,openfoodfacts,5
5035139218199,coco de eau,Grace,15.1,0.21,3.33,0.15,,330 ml,openfoodfacts,3
5035272148018,chicken poke,RAKU,121.895424836601,5.56,20.9,1.6,1 pack (306 g),306g,openfoodfacts,2
5036034406834,pitas,Mission,254.0,9.3,50.8,1.0,60 g,300 g,openfoodfacts,1
5036589255710,favourites fruity,Yeo Valley,109.41176470588,5.0588235294118,10.823529411765,5.1764705882353,,4 x 85 g,openfoodfacts,2
5036601141205,chicken crispy pakora skewers,Farmfoods,183.0,20.7,12.9,5.7,1 portion (100 g),,openfoodfacts,4
5036601141304,chicken chip curry shop skewers,Farm Foods,165.0,14.2,20.6,3.4,1 100g (100 g),,openfoodfacts,5
5038465836419,cheddar farmfoods mature,Farmfoods,416.0,25.4,0.1,34.9,,,openfoodfacts,3
5038862002325,innocent smoothie strawberry,Innocent,51.0,0.46,12.0,0.0,1 portion (150 ml),,openfoodfacts,3
5038862002783,defence exotic,Innocent,47.0,0.28,11.0,0.01,300 ml,300 ml,openfoodfacts,2
5038862239745,antioxidant,Innocent,53.0,1.3,11.0,0.11,100 ml,750 ml,openfoodfacts,1
5038862320108,bananas strawberries,Innocent,48.0,0.53,12.1,0.05,1 bottle (250 ml),250 ml,openfoodfacts,2
5038862437370,smoothie sur,Innocent,41.0,0.5,10.0,0.5,,330 ml,openfoodfacts,2
5045091021478,cranberry extract,Boots,0.0,0.0,0.0,0.0,,30 Tablets,openfoodfacts,2
5050028271215,protien scimix,Scimx,391.111111111111,73.3333333333333,8.0,6.88888888888889,1 portion (45 g),,openfoodfacts,2
5051007106351,hrudkovity tvaroh,Tesco,150.0,16.0,2.8,8.3,230 g,,openfoodfacts,2
5051007120869,hawaii pizza stonebaked,Tesco,197.0,9.3,28.0,4.8,,,openfoodfacts,3
5051007144544,shrimp white,Tesco,57.0,11.0,0.2,0.5,1 portion (100 g),,openfoodfacts,2
5051007166706,cream fruity ice nutty treats,Tesco,241.0,4.0,25.0,14.0,267 g,,openfoodfacts,5
5051413574843,white wraps,The Bakery at ASDA,284.0,8.19672131147541,49.1803278688525,5.08196721311475,1 wrap (61 g),1pcs,openfoodfacts,2
5051898984533,mini poppadoms tesco,Tesco,522.0,16.9,34.1,33.6,,,openfoodfacts,3
5052109996765,fry hoisin sauce stir,TESCO,55.0,0.3,11.3,0.9,1 serving (100 g),,openfoodfacts,4
5052909649793,prosecco,Italia Plaza Centro,66.0,0.0,1.6,0.0,100ml,75cl,openfoodfacts,1
5053827199568,choco nut tresor,Kellogg's,453.0,6.6,71.0,15.0,30 g,410g,openfoodfacts,3
5053990124886,hot spicy,Pringles Local,505.0,4.4,51.0,32.0,30 g,70 g,openfoodfacts,2
5053990161966,bbq sauce texas,PRINGLES,517.0,6.3,56.0,29.0,165 g,165g,openfoodfacts,3
5053990179039,and cream onion sour,Pringles,519.0,6.2,54.0,30.0,1 portion (30 g),165g,openfoodfacts,4
5054070729915,pancake shaker,ASDA,162.0,3.9,26.0,2.4,,155 g,openfoodfacts,2
5054070908990,cooked ham thin wafer,ASDA,124.0,16.0,1.0,6.1,1 serving (100 g),200 g,openfoodfacts,4
5054267014312,passionfruit raspberry zero,Lucozade,1.2,0.0,0.04,0.0,1 portion (250 ml),,openfoodfacts,3
5054268028486,pizza topper,Tesco,51.0,1.7,6.5,1.6,0.5 jar (100 g),,openfoodfacts,2
5054781248729,in sweetcorn water,ASDA,70.7070707070707,2.6,14.0,1.7,1 portion (100 g),198g,openfoodfacts,3
5054781873402,acacia asda honey,Asda,130.0,6.5,3.8,9.9,,500 g,openfoodfacts,3
5055109220922,chickpeas hummus,Annie’s,185.294117647059,7.64705882352941,23.5294117647059,7.05882352941176,1 portion (170 g),,openfoodfacts,2
5055534305782,impact mocha protein whey,Myprotein,375.0,72.0,7.3,6.3,1 serving (30 g),,openfoodfacts,4
5055904230812,bbq chicken korean rice,Muscle Food,92.0,8.4,12.0,1.5,1 portion (400 g),,openfoodfacts,4
5055936800212,cinnamon danish impact protein whey,MyProtein,375.0,72.0,8.5,5.8,30 g,1000g,openfoodfacts,5
5055936800229,impact protein whey,MyProtein,380.0,73.3333333333333,9.0,6.0,1 scoop (30 g),,openfoodfacts,3
5055936815483,cookie cookies cream n xtra,MYPROTEIN,430.210325047801,50.6666666666667,28.6666666666667,13.3333333333333,1 serving (75 g),75 g,openfoodfacts,5
5055936830639,chips popped protein,My protein,368.0,44.0,17.2,10.0,1 bag (25 g),,openfoodfacts,3
5055950627239,basic protein whey,Bulk,108.0,17.0,8.7,0.5,30 g,,openfoodfacts,3
5055950627475,ice protein tea,Bulk,374.0,90.0,2.7,0.3,1 portion (20 g),,openfoodfacts,3
5055950628076,protein pure whey,Bulk,378.125,71.875,15.0,3.4375,1 portion (32 g),,openfoodfacts,3
5056104502112,and cream diet impact wheycookies,MYPROTEIN,367.0,62.0,12.0,6.1,1 serving (30 g),30 gram,openfoodfacts,5
5056138201807,strawberry suckies,The Collective,76.0,3.9,9.0,2.78,1 portion (100 g),90 g,openfoodfacts,2
5056138201845,raspberry suckies,The Collective,78.0,3.8,9.6,2.8,,90 g,openfoodfacts,2
5056138201869,suckies,The Collective,78.0,3.7,9.6,2.7,,90 g,openfoodfacts,1
5056215600103,quinoa red white,Merchant Gourmet,184.0,5.8,35.0,3.2,1 serving (100 g),250 g,openfoodfacts,3
5056307346353,nut pea square,MyVegan,470.0,24.0,28.0,27.0,,50g,openfoodfacts,3
5056329513030,evowhey proteina,HSN,352.0,66.0,8.4,4.8,30 g,1 x 30 g,openfoodfacts,2
5056329531126,nutrition premium sport,HSN,383.333333333333,73.3333333333333,8.0,5.66666666666667,30 g,,openfoodfacts,3
5056351406980,bran wheat,Whole Food Earth,125.0,14.8,20.6,6.5,1 portion (100 g),,openfoodfacts,2
5056357910689,biscuits centre secret,Bounty,543.194854772727,5.45454545454545,56.969696969697,32.1212121212121,1.0 biscuit (16.5 g),,openfoodfacts,3
5056379504514,crisps paprika popped protein,MYPROTEIN,364.0,40.0,19.6,10.4,1 bag (25 g),,openfoodfacts,4
5056517322932,karahi prawn,Cook,86.1290322580645,6.0,5.29032258064516,4.19354838709677,1 portion (310 g),,openfoodfacts,2
5056517322956,chicken harissa,cook,110.847457627119,11.4915254237288,7.79661016949153,4.10169491525424,1 portion (295 g),,openfoodfacts,2
5056555204122,non preworkout pump stim,NITRIX,0.0,0.0,0.0,0.0,12.5 g,,openfoodfacts,4
5056555205907,biscuit cream of rice toffee,Applied Nutrition,350.0,6.66666666666667,83.3333333333333,0.333333333333333,1 portion (30 g),,openfoodfacts,5
5056555207505,an pre,AN Performance,38.4615384615385,0.0,7.69230769230769,0.0,1 portion (13 g),390 g,openfoodfacts,2
5056555211465,beef xp,Applied Nutrition,27.0,6.0,0.2,0.0,1 portion (100 ml),,openfoodfacts,2
5056711100282,cheese mac n wotsits,Walkers,201.595744680851,8.51063829787234,26.063829787234,6.91489361702128,0.5 pack (188 g),,openfoodfacts,4
5056784902882,punch rio,Monster Energy,30.0,0.0,7.7,0.0,1 serving (500 g),,openfoodfacts,2
5056837600239,chicken shawarma,Qualiko,241.0,23.14,1.0,16.54,1 portion (100 g),,openfoodfacts,2
5057172578955,cakes cocoa rice,ASDA,400.0,6.4,79.0,5.5,,,openfoodfacts,3
5057545878798,cheese soft,Creamfields,206.0,3.5,4.6,19.3,1 serving (100 g),200g,openfoodfacts,2
5057742000299,and bacon cheese wraps,Greggs,381.632653061225,15.3061224489796,25.5102040816327,24.4897959183673,1 wrap (98 g),,openfoodfacts,4
5057753902803,avocado smashed,Tesco,152.0,1.6,3.7,13.9,1 portion (100 g),,openfoodfacts,2
5057753934477,creamy peppers risotto,TESCO,86.4864864864865,3.4,12.6,2.3,,320 g,openfoodfacts,3
5059319002781,frosted wheats,Kellogg's,365.0,10.0,72.0,2.0,,500 grams,openfoodfacts,2
5059319023960,corn pops,Kellogg's,382.0,5.2,85.0,1.5,30.0g,,openfoodfacts,2
5059319034997,berry mixed wheats,Kellogg's,363.0,9.1,74.0,1.6,1 serving (45 g),500 g,openfoodfacts,3
5059321007002,fruit winders,Kelloggs,373.804971319312,0.2,78.0,6.0,1 roll (17 g),,openfoodfacts,2
5059321008047,krispies rice squares,Kellogg's,430.555555555556,5.0,72.2222222222222,13.3333333333333,1 portion (36 g),4 x 36 g,openfoodfacts,3
5059697253362,and marscarpone nejuspesnejsi,Tesko Finest,262.21198156682,11.1981566820276,31.2903225806452,9.81566820276498,217 g,,openfoodfacts,3
5059697681103,ham torchon,TESCO,96.0,17.3,0.3,2.8,,,openfoodfacts,2
5059697734304,chicken fried southern tenders,Tesco,232.413793103448,18.6896551724138,13.7931034482759,11.1724137931034,0.5 pack (145 g),305 g,openfoodfacts,4
5059697742187,crispbread protein seed three,Tesco,456.521739130435,28.695652173913,34.3478260869565,20.4347826086957,1 crispbread (23 g),,openfoodfacts,4
5059697745829,chicken dinner roast,Tesco,66.3157894736842,7.31578947368421,7.18421052631579,0.578947368421053,1 portion (380 g),,openfoodfacts,3
5059883481333,cream of rice,MyProtein,371.153846153846,6.34615384615385,84.6153846153846,0.961538461538462,1 portion (52 g),,openfoodfacts,3
5059944003580,bacon rashers streaky unsmoked,Jack's,215.0,17.0,0.0,17.0,1 serving (100 g),,openfoodfacts,4
5060005422721,saucs stifado,Reall Greak,75.0,0.8,7.5,4.4,1 portion (100 g),320 g,openfoodfacts,2
5060037677342,kip krokante,Mr. Filet,208.0,18.0,14.0,2.9,15 gram,1000 gram,openfoodfacts,2
5060042982660,juice peach pressed,Folkington's,45.0,0.2,11.4,0.0,1 portion (250 ml),,openfoodfacts,3
5060057800799,cheery frutty,Choonies,412.045889101338,1.3,87.0,6.5,1 portion (100 g),,openfoodfacts,2
5060058331988,activia prune,"danone,Activia",99.0,3.4,12.9,3.4,125g,500g,openfoodfacts,2
5060058339359,cherry danio,danone,101.0,5.6,13.1,2.9,450 g,160g,openfoodfacts,2
5060058339373,danio raspberry,danone,96.6,7.5,11.0,2.4,,160g,openfoodfacts,2
5060059001521,chicharron,Kain Na,493.0,64.3,6.4,21.7,,,openfoodfacts,1
5060079450064,mysmoothie,My smoothie,48.0,0.40000000596046,10.800000190735,0.20000000298023,,250ml,openfoodfacts,1
5060087963204,beef bites jerky,Salty Dog,278.0,51.9,3.5,6.5,1 portion (30 g),,openfoodfacts,3
5060088272015,anjoman rice,Golden Saffron,354.0,8.1,78.4,0.6,1 portion (60 g),,openfoodfacts,2
5060088709214,protein trek,TREK,447.5,19.0,45.0,20.0,1 serving (40 g),50 gram,openfoodfacts,2
5060089417354,ham peppered,Fresh Deli,120.0,21.0,1.1,3.2,0.33 pack (60 g),,openfoodfacts,2
5060092770293,and cheese crisps mac,Fullerton's,472.6,5.9,53.5,25.4,,,openfoodfacts,4
5060095864586,perfect pie,Pathway Bakehouse,243.0,8.3,23.0,12.0,,,openfoodfacts,2
5060107338463,banana maize puffs strawberry,Ella's Kitchen,452.0,6.4,72.7,15.0,,,openfoodfacts,4
5060108450003,indian premium tonic,Fever-Tree,30.0,0.0,7.4,0.0,200.0 g,200 ml,openfoodfacts,3
5060108450508,mediterranean tonic water,Fever-Tree,34.0,0.0,9.0,0.0,200ml,200ml,openfoodfacts,3
5060139435680,strawberry yoyos,,280.0,1.9,63.0,0.0,,3x20 g,openfoodfacts,2
5060150940170,eiwit,two chicks,48.0,10.9,0.0,0.0,30 g,500 gram,openfoodfacts,1
5060150940682,mix pancake pour ready to,Two Chicks,198.0,6.4,31.7,4.8,1 portion (50 g),,openfoodfacts,5
5060178074697,and pepper puree tomato,Mr Organic,91.0,3.0,13.1,2.3,1 portion (100 g),,openfoodfacts,4
5060184081672,cabico rounds strawberry,Cabico,398.0,4.7,64.1,13.4,1 tsp (100 g),,openfoodfacts,3
5060186790671,cashew honey,Roy Nut,551.0,16.8,38.9,35.7,100 g,,openfoodfacts,2
5060188692737,fruit passion peach,,50.0,3.0,7.6,0.5,,,openfoodfacts,3
5060194792520,poke rice,Saitaku,354.0,6.7,80.0,0.0,1 bag (125 g),,openfoodfacts,2
5060195907374,toastie,Genius,258.0,1.8,45.0,5.4,33g,500 g,openfoodfacts,1
5060198649905,tonno,Crosta &amp; Mollica,217.017208413002,10.0,28.0,6.5,233 gram,233 gram,openfoodfacts,1
5060199512581,avocat prets,,205.0,1.56,0.83,20.6,,,openfoodfacts,2
5060221203753,nutter peanut,Grenade,356.666666666667,35.0,36.6666666666667,14.0,60 g,60 g,openfoodfacts,2
5060229013781,apres bio diner pukka tisane,pukka,4.0,0.0,0.0,0.0,,36 g,openfoodfacts,5
5060245600446,mass serious,optimum nutrition,375.595238095238,14.8809523809524,73.8095238095238,2.08333333333333,336 g,5.45 kg,openfoodfacts,2
5060298576606,topnut,,560.0,26.0,12.0,46.0,,,openfoodfacts,1
5060317322146,ufit,C : FIT,46.0,7.6,3.6,0.1,1 serving (330 ml),330ml,openfoodfacts,1
5060326271688,avena de harina,HSN,395.0,13.0,68.0,7.0,1 serving (50 g),1 kg,openfoodfacts,3
5060326275570,evoseries hsn sport,HSN,360.0,76.6666666666667,6.0,3.66666666666667,30 g,44 lbs,openfoodfacts,3
5060326279400,evowhey oats,HSN,396.0,44.0,38.0,7.1,50 g,2 kg,openfoodfacts,2
5060336506565,fruity rich sauce,Branston,134.0,0.5,30.0,0.5,,245g,openfoodfacts,3
5060337221931,drink kefir,Biotiful Dairy Ltd,63.0,3.1,6.7,2.6,1 serving (250 ml),1 litre,openfoodfacts,2
5060337222594,cherry kefir protein,Biotiful,72.4,10.4,6.4,0.36,1 pot (250 g),,openfoodfacts,3
5060337222808,fruit kefir tropisch,Beautiful Immunity,57.0,2.9,8.6,1.3,1 portie (250 ml),,openfoodfacts,3
5060337507608,monster peach rehab tea,"Monster, Monster Energy",10.0,4.25,2.2,3.45,500ml,500ml,openfoodfacts,4
5060342450777,coconut raw water,Rebel Kitchen,24.0,0.5,4.5,0.5,,,openfoodfacts,3
5060343743168,pure serie whey,Bulk powder,379.0,72.0,12.0,4.0,1 portion (30 g),,openfoodfacts,3
5060360500805,danio strawberry,Danone,80.2,7.9,11.6,0.2,150 g,150 g,openfoodfacts,2
5060360501154,mars mix,Mars,165.6,2.5,20.9,8.0,120 g,120 g,openfoodfacts,2
5060360501895,oykos,Danone,138.0,2.7,12.5,8.5,,440g,openfoodfacts,1
5060360503240,activia cherry,"Danone,Activia",51.0,4.7,7.8,0.1,120g,120g,openfoodfacts,2
5060360506241,activia rasberry,Activia,49.0,4.9,7.0,0.1,115 g,,openfoodfacts,2
5060360508795,skyr strawberry,Danone,61.1111111111111,6.0,8.7037037037037,0.185185185185185,1 portion (270 g),270 gram,openfoodfacts,2
5060360508955,activia kefir,Activia,66.9565217391304,4.0,4.78260869565217,3.47826086956522,1 portion (115 g),345g,openfoodfacts,2
5060367181151,butter crunchy dark peanut roast,Pip & Nut,594.0,27.0,11.0,48.0,1 serving (15 g),1 kg,openfoodfacts,5
5060390280630,chicken soya,Regal Mandarin,166.1089865895,26.2,1.0,6.8,2 portion (400 g),,openfoodfacts,2
5060391621449,crunchie imp spread,Cadbury,553.33333333,3.33333333333333,58.0,34.0,1 serving (15 g),,openfoodfacts,3
5060402904752,baked cookies soft,Bounty,492.0,5.4,54.0,27.0,22.5 g,180 g,openfoodfacts,3
5060402907906,mars spread,Mars,573.0,3.1,57.6,36.4,,200 g,openfoodfacts,2
5060402909566,cookies mars,Mars,454.0,5.4,61.0,20.0,18 g,162 g,openfoodfacts,2
5060424708420,eaa,Warrior,0.0,0.0,0.0,0.0,12 g serving (12 g serving),,openfoodfacts,1
5060428431966,huhnchen mit reis sauer su,"Dosen Bistro / Convar, Dosenbistro / Convar, Convar",534.0,8.5,77.0,0.9,,150g,openfoodfacts,5
5060428436947,zwieback,EF Emergency Food / Convar,396.0,13.7,68.8,6.9,,70g,openfoodfacts,1
5060430293460,banana power shake,BOL,73.1707317073171,6.09756097560976,4.8780487804878,2.92682926829268,1 portion (410 ml),,openfoodfacts,3
5060463492571,choc,Gnaw Chocolate,554.0,7.9,48.8,35.4,1 portion (100 g),,openfoodfacts,1
5060465382405,innermost pre workout,,382.0,74.0,19.7,0.2,,,openfoodfacts,3
5060503883383,arribiatta orzo spicy,Press Healthfood,98.1081081081081,5.45945945945946,12.6756756756757,2.40540540540541,1 portion (370 g),,openfoodfacts,3
5060510583344,caser chicken wrap,Starbucks,250.0,10.0,27.0,11.0,1 portion (183 g),,openfoodfacts,3
5060512670967,hip kombucha pop,Hip Pop,90.4352777777778,0.0211111111111111,22.5075694444444,0.0136180555555555,,,openfoodfacts,3
5060519140777,curcuma tonique,Pukka,1.0,1.0,1.0,1.0,,36 g,openfoodfacts,2
5060549321344,fresco o,Daily Dose,33.2217973231358,0.1,7.3,0.5,1 bottle (300 ml),,openfoodfacts,2
5060560281115,cocoa dusted peanuts,Manilife,544.0,20.0,36.0,36.0,1 portion (25 g),,openfoodfacts,3
5060745440030,curry massaman paste thai,Mae Jum,73.0,3.6,11.0,1.9,1 portion (8.7 g),,openfoodfacts,4
5060751218173,punch,Monster,38.0,0.0,9.0,0.0,500 g,,openfoodfacts,1
5060751995371,nutrition optimum,Optimum Nutrition,48.5181644359465,7.6,4.0,0.1,1 bottle (330 ml),,openfoodfacts,2
5060796010107,post protein shake strawberry workout,The Six Pack Revolution,398.0,77.0,8.9,5.9,1 portion (100 g),,openfoodfacts,5
5060808305603,creme de pistache,,532.0,7.1,60.0,29.0,,,openfoodfacts,3
5060814030285,fibre probiotic with,New Leaf,0.0,0.0,0.0,0.0,2.0g,,openfoodfacts,3
5060896621739,khaotic,Monster Energy,34.0,0.0,8.6,0.0,,500 ml.,openfoodfacts,1
5060983400148,and chickpea spicy sweet wrap,Simply Lunch,235.0,5.31818181818182,32.5,9.40909090909091,1 portion (220 g),,openfoodfacts,5
5061001130931,bone broth mushroom soup,Willpowders,500.0,48.4848484848485,12.4242424242424,29.0909090909091,1 portion (33 g),,openfoodfacts,4
5061003282027,beetroot ketchup,Diddly Squat Farm Shop,54.0,1.5,12.2,0.0,1 portion (100 g),,openfoodfacts,2
5061013943468,doctor monster the,monster,44.0,0.0,11.0,0.0,100 ml,500ml,openfoodfacts,3
5061013947183,monster punch,Monster Energy Drink,38.0,0.0,9.0,0.0,250 ml,,openfoodfacts,2
5061038850284,and spinach tofu,,65.4,4.34,1.3,4.18,,,openfoodfacts,3
5061064100902,base pizza,Crosta Mollica,227.772466539197,7.0,41.0,3.4,1 half a pizza (135 g),,openfoodfacts,2
5061071620141,banoffee cof pie,Naughty Boy,325.0,6.6,72.0,0.8,100 g,,openfoodfacts,3
5063089310069,chicken soup sweetcorn,ASDA,61.0,2.5,7.33333333333333,2.3,1 portion (300 g),,openfoodfacts,3
5063089325018,chicken dinner,Asda,100.75,8.75,10.0,2.5,1 portion (400 g),"400g,",openfoodfacts,2
5063089341483,fritters sweetcorn,Asda,192.0,5.7,26.0,6.4,1 portion (100 g),,openfoodfacts,2
5063089341490,arancini arrabbiata,Asda,216.0,6.1,28.0,8.4,,,openfoodfacts,2
5063089485460,ham hickory smoked,Asda,108.0,23.0,0.5,1.5,,,openfoodfacts,3
5063089610107,nutrition,Exceptional by Asda,404.0,3.6,51.0,20.0,73 g,,openfoodfacts,1
5063089639597,cheese four macaroni,Asda Bistro,208.0,9.6,16.0,12.0,1 portion (380 g),,openfoodfacts,3
5063089831977,chicken skewers teriyaki,ASDA,157.0,25.0,9.8,1.8,1 stick (70 g),,openfoodfacts,3
5063210056620,poppy seed sesame thins,Waitrose & Partners,475.0,10.8,58.3,21.1,1 cracker (4.2 g),,openfoodfacts,4
5063210080649,beef pizza spicy,Waitrose,220.594965675057,10.5263157894737,27.2768878718535,7.23112128146453,0.5 pizza (218.5 g),,openfoodfacts,3
5063210082551,crumbed panko red shrimp,Waitrose,193.0,11.4,19.7,7.4,1 1/2 pack (100 g),,openfoodfacts,4
5063249303580,bacon bake chicken pasta,Jack's,148.422562141491,9.3,13.0,6.3,1 portion (100 g),,openfoodfacts,4
5063249305324,and chicken sour sweet,Jacks,111.75,6.25,19.75,0.8,1 portion (400 g),,openfoodfacts,4
5063249306680,pains petit white,Jacks,284.0,8.2,59.0,0.9,,,openfoodfacts,3
5063270101681,mint morocco spices,Lipton,4.0,0.5,0.5,0.5,250.0g,,openfoodfacts,3
5063334013059,basmati cooked rice,Sainsbury,125.0,2.8,26.5,0.7,1 portion (100 g),,openfoodfacts,3
5063334019808,cones cream ice serve soft,Sainsbury’s Taste The Difference,279.746835443038,3.29113924050633,37.5949367088608,12.7848101265823,1 portion (79 g),,openfoodfacts,5
5063334033200,easter hoppy mix,Sainsbury’s,350.0,1.66666666666667,85.6666666666667,1.66666666666667,1 portion (30 g),,openfoodfacts,3
5063334034221,sunsoaked tomatoes,Sainsbury’s Taste The difference,114.782608695652,2.60869565217391,6.78260869565217,7.65217391304348,1 portion (57.5 g),,openfoodfacts,2
5063445782226,houmous pepper red,Tesco,251.0,5.2,9.7,20.4,0.25 pot (45 g),,openfoodfacts,3
5063446474830,chicken crown spiced tikka,Tesco,147.60147601476,23.9114391143911,3.28413284132841,4.31734317343173,1 portion (271 g),,openfoodfacts,4
5063446493398,chicken curry edamame katsu tesco,Tesco,119.0,8.1,12.7,3.5,1 pack (325 g),,openfoodfacts,5
5063717033599,cake fish,ASDA,164.705882352941,8.0,16.4705882352941,6.94117647058824,1 fish cake (85 g),,openfoodfacts,2
5063717041112,and chive cream sour,Asda,246.0,1.8,7.4,24.0,1 portion (50 g),,openfoodfacts,4
5065003325098,chicken satay,Natural Fitness Foods,132.957746478873,13.5211267605634,12.3943661971831,2.8169014084507,1 portion (355 g),,openfoodfacts,2
5065006916217,intra ride,Ride Nutrition,374.418604651163,0.0,93.0232558139535,0.0,1 portion (43 g),,openfoodfacts,2
5065010567146,riceberry,Yum Asia,360.0,8.2,74.0,3.0,10 serving (100 g),,openfoodfacts,1
5065012058437,crunch honey nut,Surreal,378.0,35.9,34.1,13.6,1 serving (48 g),240g,openfoodfacts,3
5065014727041,honey hot sriracha,Wilderbee,258.0,1.0,63.6,0.2,,,openfoodfacts,3
5065021708293,tuffnut,Láma,582.5,21.0,20.0,51.0,1 portion (40 g),,openfoodfacts,1
5065024934880,bbq chicken korean,THE GYM KITCHEN,200.0,11.0,27.0,5.1,1 portion (200 g),,openfoodfacts,3
5070000624600,piquant,Wednesdays Domaine,11.0,0.0,2.8,0.0,1 portion (100 ml),,openfoodfacts,1
5079217572414,cacao pur,,328.0,25.0,19.0,11.0,,,openfoodfacts,2
50836383,fishermans friend mint,"Fisherman's Friend, CFP Brands",242.0,0.5,98.0,0.5,1.15 g,25g,openfoodfacts,3
5099839660504,cream fresh,Centra,379.0,2.0,2.7,40.0,1 serving (100 ml),,openfoodfacts,2
5099839729287,vibe vita,Happy Pear,16.0,0.0,3.6,0.0,1 bottle (500 ml),,openfoodfacts,2
5099839732034,carved crumbed ham irish,SuperValu Signature Taste,115.0,23.0,2.5,2.5,1 slice (20 g),,openfoodfacts,4
5099839732072,crumbed ham hand irish,Centra,106.0,21.0,1.0,1.8,100 g,,openfoodfacts,4
5099874067023,danish fruit pastries,Dunnes Stores,366.0,5.8,45.0,16.7,85,170g,openfoodfacts,3
5099874113881,marrowfat no peas soak,Dunnes,322.0,23.3,51.3,2.6,,125g,openfoodfacts,4
5099874409106,denver irish matured steak,Dunnes Stores,140.0,21.0,0.5,5.9,,,openfoodfacts,4
5099890001650,sour strawberries,Ritchie's,365.0,0.0,91.0,0.1,,90g,openfoodfacts,2
5200100941943,cookies protein,Violanta,516.0,20.4,35.8,31.7,150 g,150 g,openfoodfacts,2
5200106870377,farma kefir koukaki,Farma Koukaki,47.0,3.6,3.5,2.0,1 bottle (330 g),330mll,openfoodfacts,3
5200112247255,butter hi penaut protein,Ellinikos Karpos,542.0,33.0,11.8,37.9,,,openfoodfacts,4
5200114120235,brot pita,Pures Hasioti,217.391304347826,8.69565217391304,40.0869565217391,1.73913043478261,115 g,,openfoodfacts,2
5200132753880,corn crackers from rice,Nutri Valley,381.578947368421,6.57894736842105,84.2105263157895,1.31578947368421,1 cake (7.6 g),,openfoodfacts,4
5201004020338,caprice,Papadopoulos,477.0,7.4,67.0,19.0,1 portion (8 g),400gr,openfoodfacts,1
5201008412948,tottis,Tottis,446.0,8.0,50.0,22.0,,,openfoodfacts,1
5201008416663,cocoa cream serenata,"tottis,",434.0,7.5,46.0,24.0,,70g,openfoodfacts,3
5201008424361,champion croissant super,,466.0,7.0,50.0,26.0,110.0g,,openfoodfacts,3
5201010144592,misko,Misko,359.0,12.0,71.7,2.0,1 portion (100 g),500 g,openfoodfacts,1
5201024788546,baked crackers,Lays,452.0,8.6,61.0,18.0,,,openfoodfacts,2
5201041023712,honey imp jannis sesame,,489.0,14.0,37.0,30.0,40,40,openfoodfacts,4
5201049211029,honey paste tahini with,,570.0,9.5,46.9,37.5,,350 g,openfoodfacts,4
5201054057339,fruits strawberry,Fage,106.0,7.3,10.3,4.0,,,openfoodfacts,2
5201078210048,paprika peanuts spicy,Pami,587.0,23.4,13.4,47.0,,,openfoodfacts,3
5201168815207,dodoni feta,Dodoni,266.666666666667,16.6666666666667,0.0,23.3333333333333,30 g,150 g,openfoodfacts,2
5201168815214,cheese feta pdo,Dodoni,257.0,17.0,0.0,21.0,,150 g,openfoodfacts,3
5201219488817,cranberries fitness,Nestle,460.0,6.8,79.79,15.5,38 g,,openfoodfacts,2
5201301311016,add quick,Meteora,56.0,10.0,4.0,0.0,500 gr,,openfoodfacts,2
5201310722506,hummus,esti,335.0,7.9,21.8,24.4,,,openfoodfacts,1
5201310722704,ifantis,IFANTIS,429.0,23.0,1.0,37.0,100 g,100g,openfoodfacts,1
5201485000034,kris,Κρις Κρις,257.0,9.6,44.0,3.8,,360g,openfoodfacts,1
52018237,tabaco,Karelia,386.0,5.1,79.2,3.8,,,openfoodfacts,1
5202053010394,chicken sandwich,ΣΤΕΡΓΙΟΥ,306.0,10.3,36.5,12.6,,180 γρ,openfoodfacts,2
5202175019930,dip nachon,,505.0,0.80000001192093,68.0,0.10000000149012,,,openfoodfacts,2
5202178086526,drink eat,Olimpos,99.0,7.0,6.9,4.3,1 portion (500 ml),,openfoodfacts,2
5202390021121,creamy supreme,Violife,194.0,0.0,5.0,24.0,10 gram,150 g,openfoodfacts,2
5202576305786,spanakorizo,Sklavenitis,91.1111111111111,2.66666666666667,8.22222222222222,4.88888888888889,450 g,,openfoodfacts,1
5203927699400,papayes seches,Sdoukos,354.0,0.7,84.0,1.1,25 g,200 g,openfoodfacts,2
5203927999913,for fruit prunes sechees snack,,240.0,2.2,64.0,0.0,,200,openfoodfacts,5
5204193812319,and corn peanut snack,Jumbo Snacks,520.8,15.2,48.8,28.4,25g,,openfoodfacts,4
5204653003608,bran cracker,Tsanos,271.028037383178,14.9532710280374,27.1028037383178,1.86915887850467,10.7g,,openfoodfacts,2
5213000781007,crunch protein,mooveat,393.846153846154,30.7692307692308,46.1538461538462,14.1538461538462,65g,65g,openfoodfacts,2
5281128104923,baked chips honey mustard potato,Snipes,423.333333333333,6.0,73.3333333333333,11.3333333333333,1 portion (30 g),,openfoodfacts,5
5285000397465,indomie,Indomie,436.619718309859,10.0,66.0,15.0,,70g,openfoodfacts,1
5290007001963,brine chick choice in peas,Morphakis,91.0,5.0,15.2,1.1,100g,,openfoodfacts,5
5290068010447,carob,Amaaia,353.0,6.2,68.0,5.7,400 g,,openfoodfacts,1
5290219003410,carob syrup,Mavroudes,286.0,1.5,70.0,0.0,,,openfoodfacts,2
5290266000165,bread cyproit pitta,Fitides,251.0,9.2,45.5,2.0,220 g,,openfoodfacts,3
5290367001634,jam,Nikis,318.07,0.62,78.9,0.0,1 portion (100 g),,openfoodfacts,1
5291803003380,cypriot ricotta,Papouis,155.0,12.5,3.0,10.4,1 portion (100 g),,openfoodfacts,2
5301000230172,croissant strawberry,,373.0,0.8,47.1,17.4,,50 g,openfoodfacts,2
5304000069025,peach pjeshke,,24.98,0.216,5.792,0.066,,,openfoodfacts,2
5310005032650,and bonitas cream sour,Vitaminka,515.0,3.9,59.2,28.8,1 Bag (30 g),,openfoodfacts,4
5310115006503,dessert kokos perfetto,Vincinni,439.0,6.04,61.29,18.44,22.5 g,135 g,openfoodfacts,3
5310134000803,biscuits tea,Donia,435.714285714286,7.5,70.0,13.9285714285714,2 pcs (28 g),,openfoodfacts,2
5310153008064,pukanki,Saluti,381.0,10.29,71.54,8.95,,,openfoodfacts,1
5350026010459,dip tuna,Camel Brand,187.23,20.91,6.86,8.25,1 portion (100 g),,openfoodfacts,2
5351904609628,crisp,,330.607,1.3041,11.3894,30.83188,,200 g,openfoodfacts,1
5391511420407,carrot coriander honey soup,Cully & Sully,59.0,1.04,6.1,3.1,100 g,400 g,openfoodfacts,4
5391515111561,choi pak,Lidl,14.0,1.5,1.9,0.0,1 portion (100 g),,openfoodfacts,2
5391515250642,crackers snap wheat,,478.0,13.0,63.0,17.0,,,openfoodfacts,3
5391526150405,cajun wrap,Gym Fuel,200.952380952381,11.4285714285714,21.9047619047619,7.14285714285714,1 portion (210 g),,openfoodfacts,2
5391528180073,baked fries oven potato sweet,Strong Roots,156.0,2.1,21.0,6.2,100 g,500 g,openfoodfacts,5
5391541651895,curry massaman,Eatto,114.961759082218,10.0,6.5,5.1,1 portion (100 g),,openfoodfacts,2
5397136017640,jacobs pink wafers,Jacob's,520.0,0.0,61.0,29.0,100 g,100g,openfoodfacts,3
5400101102293,avec compote de morceaux pomme,,92.0,1.5,21.0,0.5,,,openfoodfacts,5
5400113530497,de farine froment,Delhaize,351.0,12.0,69.9,2.0,,1 kg,openfoodfacts,3
5400113729723,compote poire pomme,DELHAZE,53.0,0.5,12.0,0.5,90 g,4 x 90 g,openfoodfacts,3
5400113738336,drink kokos rice,Delhaize,54.0,0.5,9.6,1.5,100 ml,,openfoodfacts,3
5400113740216,ananas bevroren,Delhaize,54.0,0.5,12.0,0.5,125 g,250 g,openfoodfacts,2
5400113760573,citroen mayonaise met,Delhaize,743.0,1.3,1.4,81.0,100 g,465 gr,openfoodfacts,3
5400117566768,tenders,Delhaize,229.0,13.0,27.0,7.5,1 portion (100 g),,openfoodfacts,1
5400117585417,aardbeien confituur,Delhaize,244.0,0.5,59.0,0.1,,,openfoodfacts,2
5400117597014,pistachecreme,Delhaize,583.0,14.0,36.0,43.0,,,openfoodfacts,1
5400117598103,banane compote fraise pomme,,54.0,0.5,12.0,0.5,90 g,4 x 90g,openfoodfacts,4
5400117610805,kippenwit,Delhaize,112.0,20.0,0.5,3.2,,,openfoodfacts,1
5400119613569,cheese protein raspberry soft,Delhaize,58.0,9.5,4.3,0.31,1 pot (200 g),200 g,openfoodfacts,4
5400119621656,au cuit fouf jambon roti,Delhaize,131.0,21.0,0.6,5.0,,,openfoodfacts,5
5400141274349,entiers extra fins haricots vers,Boni,32.0,1.9,3.9,0.5,,,openfoodfacts,5
5400141275803,creme pate,Everyday,313.333333333333,8.8,4.4,29.0,,,openfoodfacts,2
5400141289992,saus zoetzure,Boni,142.0,0.5,35.0,0.0,,"500 ml, 585 g",openfoodfacts,2
5400141427059,biscuits evdy sprits,Everyday Sprits,534.0,5.0,58.0,31.0,22g,400 g,openfoodfacts,3
5400141467147,panais,Boni Selection,76.0,1.8,13.0,1.1,,1kg,openfoodfacts,1
5400141509960,paprika,Boni,23.0,0.9,3.8,0.5,,,openfoodfacts,1
5400141513110,crevette,Jumbo,88.0,18.0,0.0,1.0,150.0g,,openfoodfacts,1
5400141561920,frieten oven,Boni,178.0,2.5,26.0,6.5,,,openfoodfacts,2
5400141561975,butternut pompoen,Boni,15.0,0.7,2.2,0.5,,,openfoodfacts,2
5400141563146,sandwiches,Everyday,286.666666666667,7.2,49.0,6.4,45 g,450g,openfoodfacts,1
5400141595796,as choco,Boni,444.0,6.8,67.0,16.0,,12,openfoodfacts,2
5400141627367,choco cookies,Boni,420.0,9.0,72.0,9.0,,,openfoodfacts,2
5400141642643,de foie pate,Colruyt,356.0,11.0,2.8,33.0,1 pi�ce,,openfoodfacts,3
5400141650778,biscuits coco de noix,Boni Selection,452.307692307692,4.5,54.0,23.0,32.5 g,,openfoodfacts,4
5400141703191,kersenconfituur,Boni,123.0,0.5,42.0,0.5,,,openfoodfacts,1
5400141723359,maiscrisps,Boni,433.0,6.6,76.0,11.0,30.8 g,,openfoodfacts,1
5400210096971,pompoenpitten,,592.0,30.0,4.7,49.0,10.0g,,openfoodfacts,1
5400210535920,pain pita,Spar,245.0,8.4,49.0,1.0,50 g,,openfoodfacts,2
5400706107167,bio hemp seeds,Purasana,610.0,32.0,1.0,52.0,,,openfoodfacts,3
5400706613217,hemp powder protein raw,Purasana,351.0,52.0,4.0,11.0,,200 gr,openfoodfacts,4
54025790,mini tropico,Tropico,30.0,0.0,7.2,0.0,,,openfoodfacts,2
5407010201659,bearnaise,,605.0,0.8,3.7,65.0,,,openfoodfacts,1
5410013173656,eau forest fruit spa,,18.0,0.0,4.5,0.0,,,openfoodfacts,4
5410041040807,framboise pims,Lu,397.0,3.4,65.0,13.0,25g,150 g,openfoodfacts,2
5410056189485,royco soupe,Royco,38.0,1.0,5.6,1.2,,,openfoodfacts,2
5410056199255,eieren mayonaise met,Devos Lemmens,743.0,1.3,1.6,81.1,1 portie (15 g),,openfoodfacts,3
5410063021259,biscuit coco,Cereal,428.059273422562,62.0,12.0,15.0,,132 g,openfoodfacts,2
5410063043657,crunchy pistache,Nutrition et Santé Benelux,209.0,16.0,25.0,6.8,62 g,,openfoodfacts,2
5410093171283,bakken braden,Alpro,679.0,0.5,0.5,75.0,,500 gr,openfoodfacts,2
5410106013104,cuisson rapide riz,Bosto,350.0,6.57,76.9,1.36,60 g,8 x 125 g,openfoodfacts,3
5410126006025,biscoff,Lotus,484.0,4.9,72.9,19.0,8 gram,250 gram,openfoodfacts,1
5410126066944,biscoff crunchy,Lotus,571.0,3.2,58.8,35.7,20 gram,700 gram,openfoodfacts,2
5410126706970,biscoff creamy,"Lotus,Biscoff",584.0,2.9,57.0,38.1,15g,410 g,openfoodfacts,2
5410146418471,danone fruit,Danone,83.0,4.4,14.2,0.9,,,openfoodfacts,2
5410233710082,fra konsentrat sitronjuice,"Haugen-Gruppen,Meroso Foods,ReaLemon",22.0,0.3,1.0,0.1,5ml,250 ml,openfoodfacts,3
5410256106008,betterave brut de sucre,Tienen,396.0,0.0,99.0,0.0,,1 kg,openfoodfacts,4
5410291030962,pistachio spread,Belgid Or,569.0,6.9,55.0,34.0,,200 g,openfoodfacts,2
5410724500147,sandwich toast,ProVital,261.0,20.5,27.0,7.0,37 gram,500 gram,openfoodfacts,2
5410803010093,kebab pitta,Colona,678.0,1.2,0.1,74.8,,840 g,openfoodfacts,2
5410966114249,nems sweet,,207.0,0.4,51.0,0.5,,,openfoodfacts,2
5411146334242,chocopasta puur,Boerinneke,460.0,1.8,55.0,27.0,,400 g,openfoodfacts,2
5411188128311,coco sans sucres,"Alpro,Danone",14.0,0.1,0.0,1.2,100 ml,1l,openfoodfacts,3
5411188128700,fermentovany sojovy vyrobek,Alpro,68.0,3.6,8.1,2.1,150 g,150 g,openfoodfacts,3
5411188130741,hafer natur,Alpro,54.0,3.8,3.1,2.1,,400g,openfoodfacts,2
5411188140207,fresa,Alpro,68.0,3.6,8.1,2.1,,,openfoodfacts,1
5411188141440,banana cookie,alpro,41.0,7.5,7.1,2.3,1 pot (200 g),,openfoodfacts,2
5411188543381,soya,alpro,39.0,3.0,2.5,1.8,1 serving (100 g),1 l,openfoodfacts,1
5411396042133,boter echte,Balade,547.0,1.0,0.8,60.0,,,openfoodfacts,2
5411761343230,dardenne saucisson,Marcassou,397.0,25.0,0.1,33.0,,225 g,openfoodfacts,2
5411788043328,seitan,lima,117.0,21.3,4.1,1.3,,500g,openfoodfacts,1
5411788048408,brown miso rice unpasteurized,Lima,158.0,11.6,12.4,5.9,,,openfoodfacts,4
5411823872302,makaroniki,Biedronak,475.0,8.33333333333333,55.8333333333333,24.1666666666667,12 g,,openfoodfacts,1
5411873132609,beurre du pays,,564.75,0.525,0.675,62.175,,250 g,openfoodfacts,3
5411904001355,mou sandwich,Albert Heijn,285.0,8.2,54.0,3.5,1 sandwich (45 g),10,openfoodfacts,2
5412952810388,choco crispies,Maître Antoine,491.0,5.4,66.0,23.0,,,openfoodfacts,2
5412971076208,nature puru,Poure Nature,125.0,4.0,4.6,10.0,,,openfoodfacts,2
5412971116072,bio nature yaourt,Pur natur,73.0,4.2,5.4,3.8,,500g,openfoodfacts,3
5413141990010,croissant hamkaas,Albert heijn,306.0,8.7,25.8,9.2,,,openfoodfacts,2
5413548280189,bons schoko,"Ferrero,Kinder",576.0,8.3,52.5,36.6,5.8 g,125 g,openfoodfacts,2
5413848479320,ah cremepate,AH,222.9201015625,7.64175,15.6984890625,19.19925,,,openfoodfacts,2
5413883005584,fraiche pizza trattoria,L'Artisane,238.4,11.1,23.5,10.8,100 g,,openfoodfacts,3
5413950184204,de pain viande,Charles,281.0,16.8,5.5,21.3,,150 g,openfoodfacts,3
5414802814126,shrimps,Fisker Daily,71.0,17.53,0.0,0.06,,,openfoodfacts,1
5419980089816,rijstpap,AJ,105.0,4.2,13.0,4.0,210 g,,openfoodfacts,1
5425005030084,kadaifi,,316.0,3.6,59.6,6.8,,,openfoodfacts,1
5425029493605,schuppenboer zero,Brouwerij Het Nest,27.0,0.2,5.8,0.0,330 ml,,openfoodfacts,2
5425035415165,beer sturm,,26.0,0.5,5.0,0.0,,,openfoodfacts,2
5430000423212,brun buf de fond,Fundo,25.0,6.3,0.5,0.1,,,openfoodfacts,4
5430000504041,mostoed,BRUSSELS KETJEP,110.0,5.2,3.3,8.5,,1,openfoodfacts,1
5430001512045,nona,Nona,19.0,0.0,4.9000000953674,0.0,,,openfoodfacts,1
5449000004840,fanta naranja,"Fanta,Coca-Cola",19.0,0.0,4.5,0.0,,2L,openfoodfacts,2
5449000008329,capri sun,Capri-Sun,21.0,0.0,4.9,0.0,,,openfoodfacts,2
5449000033819,aquarius naranja,"Aquarius,The Coca-Cola Company,Coca-Cola",19.0,0.0,4.5,0.0,330ml,330 ml,openfoodfacts,2
5449000035295,exotic fruits oasis zero,Oasis,2.0,0.2,0.1,0.0,500ml,,openfoodfacts,4
5449000099631,fraise kiwi tropico,Coca-Cola,24.0,0.0,5.8,0.0,,,openfoodfacts,3
5449000109613,sprite zero,Sprite,1.3,0.0,0.0,0.0,250 ml,500 ml,openfoodfacts,2
5449000143129,mezzo mix zero,Coca cola,1.0,0.0,0.2,0.0,,1l,openfoodfacts,3
5449000155023,rosa,,0.0,0.0,0.0,0.0,,,openfoodfacts,1
5449000205568,azucar bajo en,"Sprite,Coca-Cola",3.99,0.0,0.998,0.0,250 ml,2 l,openfoodfacts,3
5449000224392,citron scheweppes,Schweppes,102.0,0.0,33.0,0.0,,,openfoodfacts,2
5449000263810,fanta ohne zuckerzusatz,"Coca Cola, Fanta",3.0,0.0,0.6,0.0,,1l,openfoodfacts,3
5449000275813,mojito,Schweppes,19.0,0.0,4.3,0.0,1 portion (250 g),,openfoodfacts,1
5449000335180,fanta frutti sabor tutti,Fanta,1.0,0.0,0.0,0.0,100ml,330 ml,openfoodfacts,4
54492653,drink isotonic sports,Powerade,18.0,0.0,4.1,0.0,500 g,500 ml,openfoodfacts,3
5450005085598,cuit jambon pain petit,Panelux,193.0,12.0,24.0,5.3,1 portion (100 g),,openfoodfacts,4
5450017880396,pates superieure,,356.0,13.0,71.0,1.5,,,openfoodfacts,2
55148115,houmous pepper red roasted with,Sainsbury's,213.0,5.9,9.5,16.1,1 serving (100 g),,openfoodfacts,5
55543316,cassonade,,396.0,0.0,99.0,0.0,,,openfoodfacts,1
5579454457951,sky,,50.0,9.1,3.1,0.5,,,openfoodfacts,1
5600409203405,butter in sardines,Jose,355.555555555556,14.4444444444444,0.0,33.3333333333333,1 can (90 g),,openfoodfacts,3
5600893835014,chia com friambre pao peru,MyBreak,238.76673040153,8.7,33.0,7.5,80 g,,openfoodfacts,5
5600961130911,chocobutter,Prozis,535.0,21.0,29.0,40.0,100 g,,openfoodfacts,1
5600961174892,protein puffies,Prozis,450.0,36.0,36.0,23.0,,150 g,openfoodfacts,2
5601009925025,espirais,Pingo Doce,350.0,11.0,71.0,1.7,220 g,500 g,openfoodfacts,1
5601119246546,chourico extra,Nobre,321.0,23.0,0.9,25.0,1 portion (200 g),,openfoodfacts,2
5601227023862,atum de pizza,Amanhecer,245.714285714286,10.2285712105887,26.0,10.6857147216797,175.0g,,openfoodfacts,3
5601227044676,joaninhas,Amanhecer,513.0,6.0,62.0,26.0,100.0g,,openfoodfacts,1
5601312009030,feijao preto,CONTINENTE,90.0,6.8,10.9,0.9,80 g,260 g (420 g),openfoodfacts,2
5601312107651,acores atum dos em posta,,193.0,28.0,0.5,8.5,,120g,openfoodfacts,5
5601312108337,basmati vaporizado,Continente,352.0,8.5,77.6,0.5,,1kg,openfoodfacts,2
5601312179702,francesinhas,Continente,188.0,16.0,7.7,10.1,,,openfoodfacts,1
5601312308010,ricota suave,Continente,164.0,8.0,6.0,12.0,25 g,250g,openfoodfacts,2
5601312501084,carne de rissois,Continente,254.444444444444,7.8,27.2,12.4,90 g,,openfoodfacts,3
5601312505372,cremosa nata,Continente,336.0,2.0,3.2,35.0,50 g,200 ml / 197 g,openfoodfacts,2
5601312509202,batata de doce pure,Continente,94.0,1.10000002384186,21.0,0.300000011920929,100 g,,openfoodfacts,4
5601312514909,carne kebab vaca,Continente,293.0,20.0,6.9,21.0,1 portion (100 g),,openfoodfacts,3
5601312515357,camaroes panados,Continente,190.0,8.6,23.8,6.4,1 portion (50 g),,openfoodfacts,2
5601312876496,amendoins casca com torrado,Continente,614.0,25.0,10.0,51.0,100 g,1 kg,openfoodfacts,4
5601312880271,batatas,,61.0,1.7,13.0,0.5,100,1 kg,openfoodfacts,1
5601363014199,queso sabor,Mix Ups,505.0,6.3,59.0,26.0,,125 g,openfoodfacts,2
5601378880802,mostarda,Maçarico,59.7299285714286,1.27003428571429,10.9712121428571,0.557342857142857,100 g,250 g,openfoodfacts,1
5601575135606,bentes dr peitorais rebucados,Dr. Bentes,390.0,0.8,96.0,0.3,,,openfoodfacts,4
5602353907774,biscostos,,538.0,6.1,54.4,32.2,,220 g,openfoodfacts,1
5603344410044,et piri sardines tomate,,179.0,19.0,1.0,11.0,,,openfoodfacts,4
56035056,not why,why not,23.0,0.5,5.3,0.5,100g,330,openfoodfacts,2
5604260328536,de feijao sopa verde,Porsi,26.0,0.7,3.6,0.7,400 g,,openfoodfacts,4
5604260341924,aveia bebida bio,Pasturages,58.0,1.2,7.8,2.0,,,openfoodfacts,3
5604321000166,sementes sesamo,Cem Porcento,636.0,17.7,23.5,49.7,100 g,,openfoodfacts,2
5607047018101,feijao verde,Pingo doce,35.0,2.0,5.5,0.0,100 g,,openfoodfacts,2
5607780026401,nutzer,Prozis,600.0,20.0,32.5,42.5,1 bar (40 g),,openfoodfacts,1
5608516251043,doce framboesa,,235.0,1.0,55.0,0.6,,,openfoodfacts,2
5690350194600,rjomasosa,Íslands Sósur,133.0,4.3,5.0,11.0,100 g,,openfoodfacts,1
5690516010157,smjor,MS,295.2,0.16,0.08,32.8,,,openfoodfacts,1
5690519213326,maiskorn,Ora,96.0,3.0,19.0,0.0,100 g,,openfoodfacts,1
5690535008814,hnetu toppur,Emmessís,293.0,3.8,37.0,14.0,82 g,,openfoodfacts,2
5690575210109,sinnepssosa,E. Finnsson,310.0,1.1,13.0,29.0,100 g,,openfoodfacts,1
5690845003783,isey skir,,78.0,10.0,3.5,2.4,,,openfoodfacts,2
5694230150021,chicken spicy,Lemon,374.0,12.0,17.0,28.0,,,openfoodfacts,2
5700382922062,entrecotes,Coop,262.0,18.0,0.0,21.0,100 g,,openfoodfacts,1
5701018060967,karry mayo,Bähncke,361.0,1.0,15.0,33.0,15 g,,openfoodfacts,2
5701090034382,matador mix,Haribo,346.0,4.4,80.0,0.1,80 g,,openfoodfacts,2
5701090076696,tophatte,Haribo,336.0,0.0,83.0,0.0,1 portion (4 g),,openfoodfacts,1
5701181882991,dreams soft,Anna & Clara's,323.0,4.7,78.0,0.0,,,openfoodfacts,2
5701181883738,mix sour,Anna & Clara's,341.0,5.9,77.0,0.25,,80 g,openfoodfacts,2
5701182012472,abricot et peche the,gemi,5.0,0.0,1.2,0.0,,,openfoodfacts,4
5701182012502,bois des fruits the,gemi,12.0,0.0,2.8,0.0,,,openfoodfacts,4
5701259437122,pudercukurs,DanSukker,400.0,0.0,100.0,0.0,1 portion (100 g),500 g,openfoodfacts,1
5701262003352,rejer,Fotex,88.2352941176471,20.0,0.0,0.235294117647059,1 portion (85 g),,openfoodfacts,1
5701975303701,bio natur skyr,Thise,15.0,11.0,3.5,0.2,100g,400g,openfoodfacts,3
5701979975546,imp ostepops,KiMs,536.0,7.0,54.0,33.0,,140g,openfoodfacts,2
5704080959993,roastbeef,3-Stjernet,111.0,20.0,0.9,3.0,100 g,,openfoodfacts,1
5704749030285,rox strawberry,sostrene,386.0,0.0,96.0,0.0,,,openfoodfacts,2
5704749030384,espresso rox,anna&clara,386.0,0.0,96.0,0.0,,80 g,openfoodfacts,2
5704749030407,mix rox,,386.0,0.0,96.0,0.0,,,openfoodfacts,2
5704749030421,butter toffes,sostrene,475.0,2.2,69.0,21.0,,,openfoodfacts,2
5704959122435,seitan wrap,Kvickly,213.0,8.7,25.5,8.1,260 g,,openfoodfacts,2
5704982000519,hindbaer mosters,Mosters,48.0,0.0,12.0,0.0,,,openfoodfacts,2
5705830013149,mix sur,Rema 1000,334.0,6.6,77.0,0.0,235 g,,openfoodfacts,2
5706296901117,konfiture sanddorn,Bangs,185.0,0.4,40.5,2.3,,285g,openfoodfacts,2
5706779065787,ananas et papaye seches,,353.0,0.0,87.0,0.0,,100 g,openfoodfacts,4
5706911030161,pepperoni pizza protein,ProteinLab,272.0,15.0,27.0,11.0,100 g,,openfoodfacts,3
5706911030741,kebab okse,True Kebab,282.0,14.0,4.1,24.0,130 g,,openfoodfacts,2
5707196191851,bacon fedtreduceret,Tulip,128.0,24.0,0.0,3.5,1 portion (100 g),,openfoodfacts,2
5707196307764,frankfurter,Gøl Pølser,260.0,13.0,2.6,22.0,84 g,,openfoodfacts,1
5707196372533,krydret roastbeef,Pålækker,136.0,24.0,2.1,3.5,,,openfoodfacts,2
5707288016116,danish honey,"Anna & clara,Søstrene Grene",334.0,0.3,82.0,0.0,,280g,openfoodfacts,2
5707673106873,havarti i skiver,ØGO,333.0,26.0,1.5,25.0,1 slice (26 g),,openfoodfacts,3
5707735916808,bacon i tern,SuperBrugsen Slagter,244.0,16.0,0.1,20.0,100 g,,openfoodfacts,3
5707897111523,hindbr sorbet,Hansens,133.0,0.8,32.0,0.0,,650 ml,openfoodfacts,2
5708209004090,supreme taco,broken taco,76.0,1.4,15.0,0.5,20 g,,openfoodfacts,2
5708229162565,cocoa hot mint snowy,Leaves N' Beans,409.0,7.2,74.0,7.8,1 bag (20 g),,openfoodfacts,4
5710326000145,fettuccine spinat,la pasta di maria,280.0,9.0,56.0,1.7,250 g,250 g,openfoodfacts,2
5710326021737,mousse rotein,Protein Lab,82.0,10.0,3.9,2.7,1 portion (200 g),200 g,openfoodfacts,2
5710557161714,iskender kebab,MB,341.0,22.0,8.6,24.0,,,openfoodfacts,2
5711070806342,waffers,Nordthy,530.0,8.2,55.0,30.0,100 g,,openfoodfacts,1
5711111040728,moutard sucree,anna & clara,190.0,5.0,31.0,4.0,,,openfoodfacts,2
5711657026163,hydro tabs,Bodylab,1.8,0.0,0.16,0.0,500 ml,,openfoodfacts,2
5711812913093,pins sweet,sostrene,330.0,4.1,74.0,2.2,,1,openfoodfacts,2
5711865712902,steak tun,Natural,117.82982791587,25.0,0.0,1.8,100 g,,openfoodfacts,2
5711953023958,capuccino starbucks,Starbucks,69.0,2.7,8.5,2.5,,220 ml.,openfoodfacts,2
5711953084553,puck,Puck,280.0,6.0,3.0,27.0,140,140 g,openfoodfacts,1
5711953097898,frappucino starbucks,Starbucks,64.0,2.8,9.7,1.6,250ml,250ml,openfoodfacts,2
5711953115868,cheese white,Apetina,109.333333333333,16.0,0.6,10.0,1 portion (150 g),150 g,openfoodfacts,2
5711953140334,rejeost,BUKO,86.7590822179731,16.0,2.4,17.0,,200g,openfoodfacts,1
5711953172786,pizzakase,Arla,301.0,24.0,3.2,21.0,,1pcs,openfoodfacts,1
5711953190490,cheesy spread,Arla,287.0,9.0,2.0,27.0,100 g,,openfoodfacts,2
5711953204739,esrom,Costello,323.0,24.0,0.0,25.0,100 g,1150g,openfoodfacts,1
5711953205972,escape sumer,StarBucks,62.0,2.8,8.9,1.6,100 g,,openfoodfacts,2
5712840020012,cashew,Raw-Bite,465.0,12.0,44.0,25.0,1 serving (50 g),50 g,openfoodfacts,1
5712840020036,coconut,rawits bite,445.0,8.0,43.0,25.0,,1,openfoodfacts,1
5712871118146,bnner ko mukimame,Salling,130.0,11.0,6.5,7.2,1 portion (100 g),1pcs,openfoodfacts,3
5712875670275,mariekiks,Salling,440.0,8.5,73.0,12.0,4.65 g,,openfoodfacts,1
5712876057457,cashew ndder,Salling,626.0,22.0,20.0,50.0,100 g,,openfoodfacts,2
5712877032088,med risotto svampe,Næmt,123.0,3.5,19.0,3.7,100 g,,openfoodfacts,3
5712877748897,dybfrosne hindbr,Salling,31.0,0.8,5.1,0.5,,,openfoodfacts,2
5712877968240,karry ketchup,Salling,133.0,0.6,31.0,0.5,,,openfoodfacts,2
5713162100840,cocoa cookie raw,guru snack,536.0,16.0,25.0,39.4,,1,openfoodfacts,3
5713848111757,med pepperoni pizza,Ole's,200.0,9.0,27.0,5.5,1 pizza (440 g),,openfoodfacts,3
5713935493407,mix snacks,,485.0,7.9,64.0,21.0,,,openfoodfacts,2
5714484000078,foccacine rosemary,,450.0,3.2,73.0,16.0,,200 g,openfoodfacts,2
5714484000801,pesto red,anna & clara,325.0,3.6,8.2,30.0,,90g,openfoodfacts,2
5714484000917,cinnamon mix muffin,Søstrene Grene,350.0,5.9,80.0,0.7,,300,openfoodfacts,3
5714946004255,cocoa protein shake,Murph,63.0,10.0,4.8,0.3,1 portion (250 ml),,openfoodfacts,3
5726866108500,proteinbrd,Kohberg,254.838709677419,19.3548387096774,26.1290322580645,6.12903225806452,1 serving (31 g),450g,openfoodfacts,1
5740001204148,biscuits fourres noisette,,483.0,6.0,65.0,22.0,,,openfoodfacts,3
5740900400849,enyhen sos vaj,Lurpak,679.0,0.5,0.6,75.0,1 serving (100 g),200 g,openfoodfacts,3
5741000129401,faxe kondi,Faxe Kondi,0.0,0.0,0.0,0.0,,,openfoodfacts,2
5741000234495,boost razzy,Face Kondi Booster,18.0,0.0,3.7,0.0,500 ml,,openfoodfacts,2
5741000234709,booster sort,Faxe Kondi,46.0,0.0,11.0,0.0,1 can (330 ml),,openfoodfacts,2
5744001420140,cheese chips crave protein,the organic,411.0,25.0,51.0,11.0,,30 g,openfoodfacts,4
5744001420164,paprikaonion,crave,82.7823125,23.686245625,38.8119425,8.996584375,30 g,1,openfoodfacts,1
5744001421222,herbs poppeas tomaten,,347.0,16.0,45.0,10.0,,,openfoodfacts,3
5744001421246,cheddar onion poppeas,,347.0,16.0,46.0,10.0,,,openfoodfacts,3
5744007370272,kiss strawberry,Snck,390.0,29.0,40.0,14.0,1 bar (55 g),,openfoodfacts,2
5745000555284,berry first for those times,Heaply,406.0,1.7,69.0,13.0,,100g,openfoodfacts,5
5745000657230,dates peach sweet true,True Dates,334.0,2.3,70.0,2.7,,100 g,openfoodfacts,4
5760466101240,pikant,BUKO,237.0,4.5,3.8,23.0,100 g,,openfoodfacts,1
5760466630016,danes feta quadrats,feta classic,260.0,15.0,0.0,22.0,,430gr,openfoodfacts,3
5760466776349,buko toskana typ,"Arla, Buko",179.0,7.3,5.3,14.0,,200 g,openfoodfacts,3
5760466908009,kermajuusto kettera,Arla,275.0,29.0,0.0,17.0,,,openfoodfacts,2
5877838811598,cheddar extra mature,Seriously,416.0,25.4,0.1,34.9,,,openfoodfacts,3
5900014004245,harnas jasne pene,"Harnaś,Carlsberg",43.0,0.0,0.0,0.0,500ml,500 ml,openfoodfacts,3
5900020011275,cini minis,Nestlé,620.0,19.6666666666667,93.3333333333333,17.0,1 Portion (30 g),450 g,openfoodfacts,2
5900020027948,koko krunch,Nestlé,372.8,7.7,54.0,14.0,25 g,25g,openfoodfacts,2
5900020033963,banana choco fitness,Nestlé,378.0,6.1,70.0,7.5,,141 g,openfoodfacts,3
5900073911218,chese chio,Chio,537.045889101338,6.0,48.0,35.0,1 - (100 g),,openfoodfacts,2
5900102000142,danusia,Wawel,484.0,5.1,58.0,24.0,1 bar (38 g),,openfoodfacts,1
5900102008735,taki tiki,"Tiki Taki,Wawel",564.0,8.1,47.0,37.0,20 g,100 g,openfoodfacts,2
5900102028368,krowkowa,Wawel,508.0,5.0,56.0,29.0,,,openfoodfacts,1
5900130045634,is marabou,Marabou,318.888888888889,3.2,32.0,19.0,90 ml,,openfoodfacts,2
5900197025631,biakowy men protein shake,Bakoma,36.9385714285714,3.12060714285714,5.69621428571428,0.183178571428571,380 g,380 g (358 ml),openfoodfacts,4
5900244001199,boczek,Morliny,306.0,13.0,0.5,28.0,,150 g,openfoodfacts,1
5900259098313,chipa,Lay's,540.0,6.4,2.0,9.0,,,openfoodfacts,1
5900259140739,baked chamembert honey,Lays,450.0,5.6,72.0,14.0,1 pack (110 g),,openfoodfacts,3
5900316552246,butter cookie keto peanut soft,FRANK & OLI,467.0,17.7,11.3,33.11,50g,50 g,openfoodfacts,5
5900352016474,cocoa jezyki,Goplana,451.0,5.2,59.0,21.0,15.5 g,,openfoodfacts,2
5900385012528,hot ketchup,"Kotlin,Maspex",97.0,1.3,21.0,0.5,,450g,openfoodfacts,2
5900397751651,konfitura truskawka wisnia,Łowicz,161.0,0.5,39.0,0.5,,240g,openfoodfacts,3
5900497043243,ice peach tea,Lipton,19.0,0.0,4.6,0.0,1 portion (500 ml),500ml,openfoodfacts,3
5900497330503,mirinda,"Mirinda,PepsiCo",31.0,0.0,7.8,0.0,250ml,"0,5 l",openfoodfacts,1
5900500030659,jabko mieta napoj,Hortex,20.0,0.0,4.9,0.0,1 portion (100 g),500 ml,openfoodfacts,3
5900512987378,serek wiejski,Delikate,97.0,11.0,2.0,5.0,200 g,200g,openfoodfacts,2
5900531007019,serek wiejski wysokobiakowy,Piatnica,93.0,14.0,2.4,3.0,200 g,200g,openfoodfacts,3
5900552053170,mix pomaranczowy,Frugo,30.0,0.0,7.1,0.0,500g,500 ml,openfoodfacts,2
5900562432149,chopped pork,"soklow, Sokolow",227.0,14.0,0.5,19.0,,300g,openfoodfacts,2
5900562485312,konserwowa szynka,Kraina Wędlin,98.2456140350877,17.8947368421053,2.10526315789474,2.10526315789474,1 portion (28.5 g),,openfoodfacts,2
5900567001517,serem z,"Berlinki,Morliny",231.0,12.0,2.9,19.0,1 serving (100 g),250 g,openfoodfacts,2
5900567015613,eksportowa szynka,"Krakus,Animex Foods",98.0,19.0,2.0,1.6,20 g,120 g,openfoodfacts,2
5900587042576,sonecznik uskany,,618.0,21.0,12.0,52.0,25.0g,,openfoodfacts,2
5900587048677,nierkowiec zurawina,BakaDOr,494.0,12.0,52.0,25.0,,,openfoodfacts,2
5900587048714,jumbo rodzynki,Bakador,314.0,3.0,72.0,0.7,,,openfoodfacts,2
5900587049926,kokosowa kostka,Haps,483.333333333333,4.0,63.3333333333333,23.6666666666667,30 g,,openfoodfacts,2
5900617002242,kasza kus,,348.0,12.0,70.0,1.1,,,openfoodfacts,2
5900643036068,activiabdrink fraisekiwi,Danone,63.0,3.0,10.8,0.9,,,openfoodfacts,2
5900691086176,kremowa smietanka,SM Gostyń,291.0,2.2,3.1,30.0,100 ml,,openfoodfacts,2
5900771000719,twarozek wiejski,Jogo,124.0,9.1,3.8,8.0,,,openfoodfacts,2
5900783010065,kwasny sodko sos,Pudliszki,68.0,0.8,16.0,0.5,120 g,,openfoodfacts,3
5900783010294,zerp,Heinz,46.6666666666667,1.33333333333333,5.33333333333333,0.0,15 gram,1 gram,openfoodfacts,1
5900783011055,czosnkiem passata z,Pudliszki,36.0,2.1,5.3,0.5,1 portion (100 g),,openfoodfacts,3
5900820000257,aciate extra maso,łaciate,753.0,0.6,0.8,83.0,,200 g,openfoodfacts,3
5900820022013,smietanka,Pilos,189.0,2.7,4.0,18.0,100.0g,,openfoodfacts,1
5900852926785,potje,Olvarit,33.0,0.7,6.9,0.2,125 gram,125 gram,openfoodfacts,1
5900928089451,biedronka nachosy ser,Top,475.0,6.0,61.0,22.0,25 g,,openfoodfacts,3
5900951251818,biscuit mms,"M&M's, Mars",511.0,6.3,63.0,26.0,"19,8 g",198 g (10x19.8g),openfoodfacts,2
5900951310430,creamy peanut smooth snickers,Snickers,536.0,11.0,53.0,31.0,18.25 g,,openfoodfacts,4
5900951312250,twix xtra,Twix,493.0,4.5,65.0,24.0,1 stick (37.5 g),75 g,openfoodfacts,2
5900951314421,minis mm,M&M´s,493.0,5.5,70.0,21.0,20 g,1pcs,openfoodfacts,2
5900951321160,mini mms,M&M's,491.0,5.5,70.0,20.0,,,openfoodfacts,2
5900972007821,bio couscous,Bio Primo,118.308,3.2,17.0,3.7,1 serving (100 g),,openfoodfacts,2
5900972008743,brokuami pieca ryba z,Frosta,118.0,11.0,2.2,7.4,1 portion (330 g),330g,openfoodfacts,4
5901002501784,bbq chicken rice with,So Food,122.0,5.9,19.0,2.1,1 portion (330 g),,openfoodfacts,4
5901028918634,marchew mini,Mroźna Kraina,32.0,0.7,6.0,0.2,,450g,openfoodfacts,2
5901028918825,asia pfanne,Kaufland,75.0,2.6,6.9,3.4,100 g,1pcs,openfoodfacts,2
5901044033465,saucw,Roleski,384.0,0.8,14.0,36.0,1 portion (100 g),,openfoodfacts,1
5901067407083,kubus peach water,,19.0,0.0,4.7,0.0,,,openfoodfacts,3
5901104005111,coconut strawberry,Vemondo,95.0,0.7,13.1,4.4,150g,150g,openfoodfacts,2
5901177153023,di frutti mare,,561.0,7.5,49.5,36.5,,,openfoodfacts,3
5901330052392,carbo nox,Sport Nutrition,384.0,1.0,96.0,0.0,50 g,,openfoodfacts,2
5901384506667,porc ramen tonkotsu,Oyakata,83.0,2.2,10.0,3.7,100 g,350 g,openfoodfacts,3
5901436031062,kapusta kwaszona marchewka z,POLSKA,19.0,1.0,4.0,0.0,100 g,1pcs,openfoodfacts,4
5901588066202,torcik,"E.Wedel, LOTTE Wedel",533.0,7.2,55.0,30.0,,250g,openfoodfacts,1
5901592127463,kuskus perowy,Go Active,170.0,5.4,20.0,6.8,220 g,220 g,openfoodfacts,2
5901696011958,zurek,"Jemy Profi, Jemy Profi S.A., Profi",52.0,1.8,4.0,3.1,,450g,openfoodfacts,1
5901713021700,pomidorowy smietana ze,Dawtona,57.0,1.1,8.6,1.9,1 portion (100 g),520g,openfoodfacts,3
5901713025715,dawtona jabka porzeczki,Dawtona,32.7777777777778,0.333333333333333,6.11111111111111,0.277777777777778,180 g,,openfoodfacts,3
5901713026071,banana mus,Pokket,74.0,0.7,16.0,0.5,180 g,,openfoodfacts,2
5901720167491,combino macaroni,Lidl,342.5,13.0,65.0,1.875,80 g,,openfoodfacts,2
5901784165846,kabanosy serem z,Berlniki,404.0,24.0,5.0,32.0,,,openfoodfacts,3
5901784166898,drobiowe kabanosy kids,Berlinki,328.0,22.0,6.0,24.0,75 g,,openfoodfacts,3
5901882220027,sojowy sos,Tao Tao,158.0,6.7,31.6,0.0,1 portion (100 g),,openfoodfacts,2
5901947667330,cream pstacho,KFD,656.0,21.0,9.2,58.0,100 g,,openfoodfacts,2
5902377002135,serek szynka topiony z,Światowid,203.0,11.0,6.0,15.0,,,openfoodfacts,4
5902379345834,cobkies,Bergen,549.0,9.6,48.0,35.0,1 cookie (22 g),110 g,openfoodfacts,1
5902481052675,jazmin rice,K Classic,351.0,7.1,79.0,0.7,1 portion (100 g),,openfoodfacts,2
5902487123485,epice tenders,,175.0,16.0,13.0,6.2,,,openfoodfacts,2
5902609001288,bites cake,,398.0,10.0,79.0,2.9,,,openfoodfacts,2
5902837745282,and cheese chips onion protein,Fit King Delicious,416.0,30.0,42.0,16.0,1 bag (60 g),,openfoodfacts,5
5902884493167,drobiowo kabanosy wieprzowe,Wędzarnia Smaku,506.0,27.0,5.0,42.0,,,openfoodfacts,3
5902899145204,castraveti creme hoch,Hochland,212.0,5.0,2.9,20.0,,200 g,openfoodfacts,3
5902899147147,ser smietankowy zoty,Hochland,362.0,23.0,0.0,30.0,1 slice (16 g),135 g,openfoodfacts,3
5902978002374,skawa,Dream dragees,476.0,4.5,72.0,19.0,,,openfoodfacts,1
5903068900297,boczek i jajko kanapka,stop café,287.0,9.1,20.0,19.0,220 g,,openfoodfacts,4
5903357354077,krowki recznie robione,Bacówka,194.0,2.55,42.0,1.85,200 g,,openfoodfacts,3
5903364661274,kapusta kiszona,Gospodarstwo Rolne Charsznica,35.0,1.4,6.1,0.2,,,openfoodfacts,2
5903538900628,jasne omza,Lomża,43.0,0.4,3.6,0.0,,,openfoodfacts,2
5903641965606,ananas kandyzowany,Your Taste,350.0,0.1,87.3,0.0,100 g,,openfoodfacts,2
5903767003527,fruvita,fruvita,56.0,3.0,8.7,0.9,250 g,,openfoodfacts,1
5903890498269,cookies oat sesame with,,528.0,4.3,58.0,31.0,,,openfoodfacts,4
5903895080933,ososiem paprykarz szczecinski z,Mariners,155.0,5.0,9.3,10.0,100 g,330,openfoodfacts,4
5903933902432,coco creametto white,,528.0,3.7,52.0,41.0,,,openfoodfacts,3
5903933902890,diet konjac rice,Ostrovit,6.0,0.0,1.3,0.01,100 g,,openfoodfacts,3
5903933922188,beef hydro protein,Ostrovit,383.0,96.0,0.0,0.0,,,openfoodfacts,3
5903949891485,biesiadna szynka,Kabanos,147.0,21.0,0.5,7.0,,,openfoodfacts,2
5904215143048,musztarda ostra sodko,Auchan,179.0,4.4,26.0,5.7,100 g,175 g,openfoodfacts,3
5904215173458,chrupki pizza,Auchan,484.0,6.5,62.0,23.0,1 paczka (70 g),,openfoodfacts,2
5904215192183,kiebasa torunska,Auchan,294.0,13.0,2.9,26.0,,,openfoodfacts,2
5904304020458,pszenny tost,Grzybki,291.0,8.4,54.0,4.1,1 piece (22.5 g),,openfoodfacts,2
5904358550178,jasny sojowy sos,House of Asia,42.0,4.5,5.9,0.0,,,openfoodfacts,3
5904358552530,ciemny sojowy sos,House of Asia,48.0,4.8,7.3,0.0,10 g,,openfoodfacts,3
5904448000279,icetea,,391.0,0.0,95.5,0.0,,1pcs,openfoodfacts,1
5904584581588,biae kiebaski,Kraina Wędlin,249.0,17.0,2.6,19.0,270 g,,openfoodfacts,2
5904844610256,amo coffee,Dolce Amo,435.0,0.04,81.0,11.0,1 portion (7 g),,openfoodfacts,2
5904988311682,capricciosa pizza protein,Dzik,211.0,17.2,28.9,2.4,1 serving (350 g),,openfoodfacts,3
5905118077270,matcha mochi o smaku,Asia Flavours,316.0,2.5,72.0,2.5,1 mochi (30 g),,openfoodfacts,4
5905316550209,imbir kandyzowany,Your Taste,330.0,0.2,82.0,0.2,100 g,,openfoodfacts,2
5905644031289,kurczak po tajsku warzywami z,Makłowicz I Synowie,130.0,6.8,22.0,1.3,1 portion (400 g),,openfoodfacts,5
5905771751234,ciast do pistacji posypka z,Nuttin,610.0,26.0,11.0,50.0,100g,100g netto,openfoodfacts,5
5905784303697,mrozone truskawki,Carrefour,32.0,0.7,5.4,0.4,,,openfoodfacts,2
5905784363141,chemca szynka z,Carrefour,117.0,22.0,0.5,3.2,,,openfoodfacts,3
5905868424751,hydration oshee vitamin water,Oshee,16.0,0.0,3.7,0.0,,,openfoodfacts,4
5906063861136,iso pure whey,YAVA LABS,376.666666666667,84.0,2.7,2.63333333333333,1 portion (30 g),,openfoodfacts,3
5906245787476,kiebasa krakowska szynki z,Kraina Wędlin,198.0,29.0,1.4,8.5,1 portion (52 g),,openfoodfacts,4
5906425120277,bez cukru dodatku ketchup premium,Develey,52.0,1.9,8.5,0.5,1 portion (100 g),,openfoodfacts,5
5906827022674,byskawiczne owsiane patki,Melvit,369.0,13.0,59.0,1.4,,1 kg,openfoodfacts,3
5906896602388,biscuits de fortune,,397.0,6.8,89.0,2.1,,,openfoodfacts,3
5906936681755,czerwona soczewica,,325.0,25.0,46.0,1.6,100.0g,,openfoodfacts,2
5907317058005,espresso tonic,On Lemon,36.0,0.0,8.6,0.0,250 g,,openfoodfacts,2
5907501016439,swiezonka,Spirchlerz Rusiecki,251.0,16.0,3.7,19.0,,,openfoodfacts,1
5908226814751,parowki szynki z,Kraina Wędlin,285.0,14.0,0.7,28.0,,,openfoodfacts,3
5908226816106,kiebaski pikantne sniadaniowe,Dolina Dobra,238.0,17.0,2.4,18.0,33 g,,openfoodfacts,3
5908230521485,kabanosy wieprzowe,tarczyński,507.0,26.0,5.2,42.0,1 kabanos (8 g),105g,openfoodfacts,2
5908230521508,drobiowe kabanosy,Tarczyński,488.0,25.0,4.8,41.0,,,openfoodfacts,2
5908230531521,krakowska sucha szynki z,Tarczyński,164.0,24.0,1.1,6.9,100 g,330 g,openfoodfacts,4
5908230537172,chicken kabanos protein,Tarczyński,309.0,40.0,4.9,14.0,1 packet (50 g),,openfoodfacts,3
5908230538841,ano kab sy,,399.1,17.0,9.1,33.0,,,openfoodfacts,3
5908230540363,jerky turkey,Tarczynski,200.0,40.0,5.1,2.0,1 portion (40 g),,openfoodfacts,2
5908234811940,happy minis warfers,Flis,543.0,7.2,58.0,31.0,1 serving (100 g),200g,openfoodfacts,3
5908238696352,truskawki,New One,37.0,0.7,7.0,0.5,1 pakowaniu (1 pakowaniu),,openfoodfacts,1
5908260251574,oshee zero,OSHEE,0.133333333333333,0.0,0.0,0.0,1 serving (750 g),750 ml,openfoodfacts,2
5908260254834,oshee vitamin water,OSHEE,21.0,0.0,4.8,0.0,278 ml,555ml,openfoodfacts,3
59097075,bajeczny,e wedel,525.0,8.6,54.0,30.0,1 bar (40 g),40g,openfoodfacts,1
5940741585037,passion pop,HiWATER,30.0,0.0,7.5,0.0,320 ml,,openfoodfacts,2
5941000025226,mix star,Star,521.0,5.7,61.0,28.0,1 portion (90 g),90 gr,openfoodfacts,2
5941000033894,doritos smantana,Doritos,479.0,6.1,62.0,22.0,100 g,,openfoodfacts,2
5941021011161,dark heidi raspberry,Heidi,519.0,4.3,49.0,34.0,,80g,openfoodfacts,3
5941021022303,cherry dark heidi sour,S.C. Heidi Chocolat S.A.,530.0,4.81,50.0,32.0,80g,80g,openfoodfacts,4
5941035007433,casei prajitura,,408.0,5.0,50.0,20.0,,60,openfoodfacts,2
5941035008904,cake home,Alka,399.0,5.2,49.0,20.0,100,60 g,openfoodfacts,2
5941047805911,baton crema rom,Rom autentic,471.0,3.7,60.8,23.3,1 serving (30 g),30g,openfoodfacts,3
5941047813947,cookie rum with,Kandia,431.0,3.9,53.0,22.0,,35 g,openfoodfacts,3
5941132012071,afumat in saramura tofu,inedit,132.0,13.0,1.2,8.0,77 g,300 g,openfoodfacts,4
5941132012095,ardei cu in saramura tofu,Inedit,134.0,13.0,1.6,7.9,,230 g,openfoodfacts,5
5941132012118,chimen in saramura tofu,Inedit,147.0,13.3,4.6,8.3,,,openfoodfacts,4
5941132012132,cu in marar saramura tofu,,133.0,13.0,1.5,7.9,300.0g,300g,openfoodfacts,5
5941132300062,cioco crema mix pentru prajituri,Dr. Oetker,172.0,5.0,22.0,6.7,,55g,openfoodfacts,5
5941173000983,cremos iaurt,Covalact,75.0,5.1,2.3,5.0,1 portion (140 g),140g,openfoodfacts,2
5941173001102,crema de urda,covalact,99.0,7.0,2.0,7.0,,200g,openfoodfacts,3
5941192109261,branza cremoasa,President,220.0,13.5,2.2,17.5,1 cub (42 g),250g,openfoodfacts,2
5941209002271,baut danone iaurt,Danone,43.0,3.2,3.6,1.8,,490g,openfoodfacts,3
5941209009201,danette,Danette,123.0,3.2,23.3,1.9,1 buc (125 g),,openfoodfacts,1
5941209013772,activia nuci ovaz si,,91.0,3.7,11.44,3.4,,125 g,openfoodfacts,4
5941209014649,sana,Danone,62.0,3.5,3.9,3.6,,"0,49",openfoodfacts,1
59412304,caise danone yaourt,Danone,63.2,2.96,9.6,1.6,125g,125g,openfoodfacts,3
5941237000829,boni,,269.0,2.88,2.87,26.0,,900g,openfoodfacts,1
5941238007438,branza cu sunca topita,Hochland,200.0,9.0,5.0,16.0,,,openfoodfacts,4
5941238010643,branza cu smantana topita,Hochland,240.0,15.0,4.5,18.0,20.0g,,openfoodfacts,4
5941238010650,br hoch sunca top,Hochland,240.0,15.0,4.5,18.0,,280g,openfoodfacts,4
5941238013309,branza cedar cu topita,Hochland,241.0,15.0,4.8,18.0,20.0g,7 slices / 140 g,openfoodfacts,4
5941238014962,branza cremoasa extra,Hochland,242.0,14.0,1.5,20.0,100 g,,openfoodfacts,3
5941238015235,branza de vaci,Hochland,114.0,17.0,3.5,3.5,100 g,275 g,openfoodfacts,3
5941238015242,branza de usoara vaci,Hochland,89.0,18.0,3.1,0.5,275 g,275g,openfoodfacts,4
5941238015655,chese cream,Almette,260.0,6.3,2.4,25.0,1 portion (100 g),,openfoodfacts,2
5941259005338,campofrio victoria,Campofrio,165.2,13.5,5.3,10.0,,"800 g,",openfoodfacts,2
5941259016419,crenvursti cu de piept pui,Caroli,252.0,12.0,3.7,21.0,100 g,,openfoodfacts,5
5941265020028,bacon cris tim,Cris-tim,238.0,20.85,0.7,16.79,100 g,100g,openfoodfacts,3
5941265025504,bacon cristim,Cris-Tim,238.0,20.85,0.7,16.79,1 portion (100 g),"300 g,",openfoodfacts,2
5941300010212,boromir cirese tort,Boromir,378.0,4.8,66.5,10.3,,250 g,openfoodfacts,3
5941300011028,chec cu iaurt marmota,Boromir,346.0,6.0,58.0,10.0,,,openfoodfacts,4
5941300013244,capsuni chec cu mini,Boromir,326.0,5.0,63.0,6.0,50 g,,openfoodfacts,4
5941300014340,corn cu fistic,Boromir,408.0,7.0,50.0,20.0,60 g,,openfoodfacts,3
5941334011780,taraneasca zacusca,Bunatati De Topoloveni,209.0,8.0,19.6,9.9,,,openfoodfacts,2
5941348028163,porc sissi sunca,,89.0,17.5,1.3,1.5,,170g,openfoodfacts,3
5941348028170,de din piept pui sunca,Sissi,94.0,18.0,2.2,1.5,100 g,,openfoodfacts,5
5941355008844,fructe iaurt padure zuzu,,68.0,3.1,7.6,2.7,1 portion (125 g),125gr,openfoodfacts,4
5941355011288,baut de iaurt,Zuzu Bifidus,67.0,2.9,9.5,1.8,320.0g,320 g,openfoodfacts,3
5941355013176,stors zuzu,Zuzu,61.0,8.0,2.68,2.0,100 grame,150 grame,openfoodfacts,2
5941355017266,baut de iaurt zuzu,,56.0,2.9,9.1,0.9,100g,,openfoodfacts,4
5941355017501,biscuiti cu iaurt,Zuzu,93.0,3.0,14.5,2.5,125 g,125g,openfoodfacts,3
5941360005333,branza natur pufoasa,Delaco,235.0,5.6,3.4,22.0,,140g,openfoodfacts,3
5941360005340,branza pufoasa,Delaco,252.0,7.0,4.1999998092651,23.0,,140g,openfoodfacts,2
5941442007910,faina,Raftul Bunicii,350.0,11.0,72.0,1.5,,,openfoodfacts,1
5941445677608,chio paprica,Chio,523.0,5.8,50.0,32.0,30g,125g,openfoodfacts,2
5941448003367,pistacho,,640.0,20.0,16.0,54.0,,150,openfoodfacts,1
5941466022326,cu kfc sos usturoi,KFC,295.0,0.7,9.5,28.0,,7,openfoodfacts,4
5941536006386,cabanos carnati meda,Meda,337.0,14.0,0.6,31.0,,350gr,openfoodfacts,3
5941597001603,crenvursti fox pui,,234.0,13.66,1.42,20.0,470g,470g,openfoodfacts,3
5941597003867,crenvursti de porc,Fox,264.0,12.1071428571429,1.7,22.7142857142857,5 pieces (280 g),,openfoodfacts,3
5941690000640,rucar terezia,,363.0,27.1,0.0,27.2,,480gr,openfoodfacts,2
5941694010645,b de masa tip unt,Unicarm,587.0,0.2,0.4,65.0,1 portion (120 g),,openfoodfacts,5
5941768002217,myfibre tranzit,Sly,335.75,18.75,34.75,14.75,40 g,,openfoodfacts,2
5941872202312,branza de ibanesti vaci,Ibanesti,145.0,14.9,2.96,8.0,,450 g,openfoodfacts,4
5941875906446,ceai de menta munte,Olympus,17.0,0.0,4.2,0.0,1 portion (500 ml),,openfoodfacts,4
5941875906477,ice tea,Olympus,1.0,0.0,0.0,0.0,,,openfoodfacts,2
5941884005499,zmeura,Casa Țărănească,52.0,1.2,11.9,0.7,100 g,,openfoodfacts,1
5941893363276,castraveti otet,Altceva,29.0,1.0,3.5,0.5,,680 g,openfoodfacts,2
5941896700825,autentica campeneasca cu maia paine,Trei Brutari,246.0,9.4,51.0,1.1,1 slice (30 g),,openfoodfacts,5
5941905049204,artesana bio sana,,69.4,3.9,4.9,3.8,,350 ml,openfoodfacts,3
5941905049280,artesana kefir,Arte sana,66.8,3.8,4.8,3.6,,350 ml,openfoodfacts,2
5941905049457,artesana branza de vaci,Artesana,97.0,20.3,2.6,0.55,,,openfoodfacts,4
5941905049532,iaurt visine,Artesana,80.0,3.0,10.1,3.1,1 portion (160 g),,openfoodfacts,2
5941905087220,amandina,Ana Pan,368.0,4.94,48.94,16.85,100 g,,openfoodfacts,1
59419198,peche,"Danone,Activia",92.0,3.6,12.6,2.9,,125g,openfoodfacts,1
59419723,drojdie pakmaia,Pakmaya,572.0,0.8,2.3,63.0,15 ml,25,openfoodfacts,2
5942016307191,timisoreana,,39.0,0.0,0.0,0.0,,500 ml,openfoodfacts,1
5942204005694,max pepsi,,1.0,0.0,0.0,0.0,,2.5l,openfoodfacts,2
5942325003265,de nestea piersici,Nestea,19.0,0.5,4.5,0.5,,"1,5 L",openfoodfacts,3
5942325003289,nestea,Nestea,18.0,0.5,4.5,0.5,,,openfoodfacts,1
59441199,banane danonino zmeura,"Danone, Polonia",93.0,6.3,11.1,2.5,100g,4x50,openfoodfacts,3
59454847,cerise yaourt,Danone,95.0,3.29999995231628,12.8999996185303,3.59999990463257,125.0g,125g,openfoodfacts,2
5948688013309,de pasta tomate,Proxi,98.0,3.0,19.0,0.7,1 portion (300 g),,openfoodfacts,3
5948710012201,and ham mushrooms pizza,Edenia,199.0,9.3,30.0,4.1,,425,openfoodfacts,4
5948710016803,copt pui,Food & Glory,135.0,20.3,1.0,6.0,,1kg,openfoodfacts,2
5948990121099,pasta sauce,PANZANI,52.0,1.3,6.4,2.0,1 portion (100 g),,openfoodfacts,2
5949040202447,toortitzi,tortizi cu suzan alb și negru,437.0,11.0,67.0,13.0,,,openfoodfacts,1
5949040203239,soocitzi,Alka,427.0,11.0,74.0,9.2,,200 g,openfoodfacts,1
5949040203840,toortizzi,Alka,416.0,10.0,72.0,8.0,10.0g,,openfoodfacts,1
5949065022051,ricatta,Mega Image,150.0,7.5,3.0,12.0,1 portion (30 g),,openfoodfacts,1
5949093101841,wau,Babic,224.0,34.3,0.0,9.6,,200,openfoodfacts,1
5949101000050,budinca cu frisca zuzu,,94.0,2.4,16.0,2.2,170.0g,170g,openfoodfacts,4
5992895023866,majonez,Czifra,270.0,0.5,10.0,25.0,,640g,openfoodfacts,1
59939788,choco wafer,Milka,422.0,7.9,66.0,14.0,,,openfoodfacts,2
5996253002326,oven paprika,Chio,405.0,6.1,72.0,9.2,1 portion (30 g),,openfoodfacts,2
5996253002401,chio de mare oven sare,Chio,435.0,5.9,80.0,9.2,30g,100g,openfoodfacts,5
5996379357362,wummis,Haribo,338.0,6.3,77.0,0.5,1 portion (175 g),175g,openfoodfacts,1
5996383900943,knusperente,Goldenfoot,215.0,21.9,0.2,14.1,,320g,openfoodfacts,1
5997010301133,arany paprikacreme piros scharf,Univer,51.0,2.0,5.0,1.4,,160g,openfoodfacts,4
5997010309016,extra paprikamark scharf,Univer,41.0,2.2,1.2,2.2,,145ml,openfoodfacts,3
5998003165848,extra sonks,herz,101.0,17.0,2.0,2.8,100 g,,openfoodfacts,2
5998200103476,turo,Lotti,133.0,16.0,2.2,6.7,,,openfoodfacts,1
5998200485534,mizo proten,Mizo,53.0,8.0,5.3,0.0,1 doboz (250 ml),,openfoodfacts,2
5998279115165,majas,Finomino,133.0,10.6,3.8,8.3,,,openfoodfacts,1
5998711388935,cream onion sour tuc,Tuc,503.0,7.1,64.0,24.0,100 g,100 g,openfoodfacts,4
5999033893305,fruit mix,SPAR,66.0,1.20000004768372,12.0,0.5,450.0g,,openfoodfacts,2
5999033898591,pizza sonkas spar,Spar,219.0,11.0,29.0,6.3,1 portion (350 g),350g,openfoodfacts,3
5999076231928,hypermass,BiotechUSA,390.769230769231,30.7692307692308,58.4615384615385,2.15384615384615,1 portion (65 g),2 x 65 g,openfoodfacts,1
5999076255177,iso whey zero,BioTechUSA,376.0,84.0,4.8,2.4,25 g,,openfoodfacts,3
5999076263981,iso pistachio whey zero,BioTech USA,378.0,84.0,3.9,3.0,25 g,,openfoodfacts,4
5999105917311,casein max,Galvanize Nutrition,353.333333333333,73.3333333333333,11.3333333333333,1.33333333333333,1 portion (30 g),,openfoodfacts,2
5999139406805,sajt trappista,Spar Free From,337.0,26.0,0.5,26.0,100 g,,openfoodfacts,2
5999536055415,banana chococooo,Gutichoco,355.0,2.4,65.0,9.2,1 portion (13 g),,openfoodfacts,2
5999559164286,chips kaso rice,,463.0,7.0,69.0,17.0,,,openfoodfacts,3
5999861070275,cappuccino cream irish,Café Frei,378.571428571429,5.71428571428571,75.7142857142857,5.71428571428571,14 g,,openfoodfacts,3
5999861606245,feher forma kenyer,Jordán Pékség Kft.,263.0,7.63,54.54,0.77,500g,0.5kg,openfoodfacts,3
6001001614740,brine chickpeas in,POT O' GOLD,106.377143215371,6.3,10.0,2.5,122,400,openfoodfacts,3
6001008640742,bacon streaky,Spar,303.7762905831,18.4,1.0,25.9,,,openfoodfacts,2
6001046605048,cape crumbed hake ij,I&J,220.6022944203,11.1,21.0,10.5,100 g,,openfoodfacts,4
6001069202804,chip mix,Simba,557.666666666667,1.38888888888889,63.8888888888889,33.0555555555556,36 g,,openfoodfacts,2
6001224749427,potato snack,,565.0,2.5,57.2,36.3,,,openfoodfacts,2
6001299010576,cranberry krush,Clover,197.0,9.0,11.0,0.0,,1.5L,openfoodfacts,2
6003770000526,extra hot peri sauce,Nando's,74.1,0.7,8.8,3.7,5ml,125ml,openfoodfacts,4
6003770011126,naise peri,Nando's,223.072020395156,0.8232,16.0721,19.343,1 serving (15 g),,openfoodfacts,2
6003770011157,hot mayo peri perinaise,Nando's,211.918419375398,0.9,16.0632467651367,19.4753532623291,15 g,265 g,openfoodfacts,4
6004732001261,cream fresh pasteurised,Hancor,348.948374706,2.2,2.3,37.0,250 ml,,openfoodfacts,3
6007875598735,orzo,WOOLWORTHS FOOD,345.230507754408,12.0,68.8888888888889,1.55555555555556,1 portion (45 g),,openfoodfacts,1
6009188001216,aero peppermint,Nestlé,538.1,6.9,58.0,30.7,20 g,40 g e,openfoodfacts,2
6009245448978,cakes corn mini,Woolworths,389.579349843,6.0,86.6666666666667,1.0,30 g,,openfoodfacts,3
6009804342648,chicken couscous fry stir with,GVR Prep,86.9625,11.5375,7.3425,1.225,400 g,,openfoodfacts,5
6009804342655,chicken quinoa savory with,GVR Prep,83.1575,11.685,6.2575,1.57,400 g,,openfoodfacts,4
6009804342686,quinoa savory steak with,GVR Prep,90.595,11.2475,6.2575,2.62,400 g,,openfoodfacts,4
6009804342693,couscous fry steak stir with,GVR Prep,98.425,11.37,8.055,2.3475,400 g,,openfoodfacts,5
6009890812063,bbq hickory sauce smokey,Carb Smart,36.5678776233,0.5,2.0,2.9,,,openfoodfacts,4
6017443282294,chicken rub winner,BBQ Experience Center,262.0,1.3,59.0,1.1,,,openfoodfacts,3
6036000104800,chips yam,Fresh Cut,156.2,2.89,35.26,0.4,1 portion (100 g),,openfoodfacts,2
6046000012449,confit de madd,,181.0,0.38,44.0,0.28,,,openfoodfacts,3
6083166092809,and butter cookies cream nut,Early Riser,542.857142857143,0.0,28.5714285714286,42.8571428571429,14 g,,openfoodfacts,5
6084012090444,cheddar cheese kraft,Kraft,34.3125845,3.239529075,4.9300655375,0.1802406625,25 g,100g,openfoodfacts,3
6091301800424,dassaisonnement farine kentucky,,340.0,8.0,76.0,0.0,,,openfoodfacts,3
6111021021005,aicha tomate,Aicha,117.0,4.6,23.7,0.4,4g,70g,openfoodfacts,2
6111032004448,danup fraise,Danone,246.0,1.75,10.1,1.28,170g,170 g,openfoodfacts,2
6111032004455,dan up,Danone,46.4706,1.4118,8.6471,0.7059,170g,170 g,openfoodfacts,2
6111032008446,danino,,80.0,3.1,11.5,2.5,,,openfoodfacts,1
6111032010333,danone peche,Danone,95.0,3.4,14.3,2.7,,110g,openfoodfacts,2
6111049010036,sardine,Capricorne,225.0,20.4,0.9,15.5,100 g,,openfoodfacts,1
6111069012812,frito tomate,,77.0,1.5,9.5,3.5,,,openfoodfacts,2
6111094000099,torsodes,Dari,500.0,12.0,72.0,2.0,,,openfoodfacts,1
6111094000907,dari,dari,361.0,12.0,72.0,2.0,1 portion (100 g),,openfoodfacts,1
6111180011794,homemade,,407.0,4.5,78.0,7.2,,300 g,openfoodfacts,1
6111242100305,cremy jaouda,jaouda,109.0,3.6,16.9,3.0,,110g,openfoodfacts,2
6111242100930,jaoda raibi,Jaouda,75.3,2.48,13.58,1.38,,165g,openfoodfacts,2
6111242102781,nature tendre,"Tendre, jouda",119.0,4.2,14.3,5.0,3g,110g,openfoodfacts,2
6111242104549,press up,Jaouda,52.0,0.4,12.0,0.1,950g,950g,openfoodfacts,2
6111242105331,beurre frais pasteurise,Jaouda,746.0,0.1,1.0,82.0,,200g,openfoodfacts,3
6111242106673,jutos,Jaouda,40.0,0.0,10.0,0.0,1000ml,,openfoodfacts,1
6111242106949,jben,Jaouda,235.0,8.0,3.5,21.0,160g,160g,openfoodfacts,1
6111242107366,moyen press up,Jaouda,37.0,0.1,8.7,0.0,100ml,,openfoodfacts,3
6111242109537,omar,Jaouda,96.0,2.0,13.5,3.4,,320,openfoodfacts,1
6111242109544,dej honey jaouda ptit,Jaouda,97.0,3.0,13.3,3.7,,,openfoodfacts,4
6111242880917,raib,,42.0,3.2,5.0,1.0,,,openfoodfacts,1
6111242882355,banane vitam,RAFiI,81.0,3.0,14.2,1.0,,,openfoodfacts,2
6111259344501,extrem,Excelo,412.0,7.0,54.6,18.5,30g,,openfoodfacts,1
6111259347625,crunchy pickers,,523.809523809524,4.76190476190476,61.9047619047619,28.5714285714286,21g,25g,openfoodfacts,2
6111260960516,kekitobrownies,Bimbo,437.0,6.12,51.9,22.8,1 serving (100 g),,openfoodfacts,1
6111262386574,donut,,401.4,5.1,49.2,18.0,,,openfoodfacts,1
6111266962712,jao,جودة,66.0,2.6,11.2,1.2,,380gr,openfoodfacts,1
6130093066066,ifruit,,48.0,0.13,11.53,0.03,,,openfoodfacts,1
6130760001505,faise soumame,Soummam,95.0,2.67,14.7,2.87,,,openfoodfacts,2
6130760004100,jnina,Soummam,75.12,1.6,13.58,1.6,,170 g,openfoodfacts,1
61332935,heinz ketchup tomato,,102.0,1.2,23.2,0.1,,,openfoodfacts,3
6135794000395,creme dessert proteinee,Food & health F&H,97.8,11.0,10.0,1.78,,110g,openfoodfacts,3
6186000316175,choco funy,,511.0,6.5,54.0,28.0,,,openfoodfacts,2
6191326500658,berbere harissa,,150.0,3.0,12.0,8.0,,,openfoodfacts,2
6191469700274,instantane sucre the vert,kyufi,18.0,0.3,3.8,0.1,,112.5 g,openfoodfacts,4
6191507249628,vitup,Vitalait,76.0,2.6,12.3,1.8,,260 g,openfoodfacts,1
6191514004340,cream dessert mix,"Best Brands,Smart Chef",355.3,0.4,88.2,0.1,,38 g,openfoodfacts,3
6191537703381,hrous,Cap d'or,67.0,3.9,9.6,0.5,,390 g,openfoodfacts,1
6194002491189,chamia,Papillon,561.1,6.57,51.1,35.71,,350 g,openfoodfacts,1
6194005454174,aura,,546.0,12.0,57.0,9.0,,,openfoodfacts,1
6194017302791,bon cap du harissa,Socodal,66.3,2.39,5.0,2.92,,70 g,openfoodfacts,4
6194019608181,cidre,"Boga,SFBT",28.32,0.1,7.08,0.1,,300ml,openfoodfacts,1
6221012003030,chocos coco pops,Kellog’s,380.0,10.0,80.0,2.66666666666667,1 portion (30 g),330,openfoodfacts,3
6221031492105,cheese doritos nacho with,Doritos,495.0,6.5,60.0,25.0,,,openfoodfacts,4
6223000370407,artichoke bottoms,Àawi Basma,46.3917525773196,3.09278350515464,12.3711340206186,0.0,97 g,,openfoodfacts,2
6223000430194,pan tostada,Rick Bake,260.0,12.8,44.8,3.6,25 g,,openfoodfacts,2
6223002383375,hipro strawberry,Danone,59.0,8.3,5.5,0.5,300 g,26ml,openfoodfacts,2
6223012613349,wazawizo,,399.0,0.0,99.8,0.0,,,openfoodfacts,1
6236000008416,mee poh,Made In Brunei,353.8,2.2,75.4,5.0,100 gm serving (100 g),,openfoodfacts,2
6240000755157,toast white,Fresco,260.0,8.0,50.0,5.0,,,openfoodfacts,2
6253361249609,bisco cream kunafa,Choco Lake,545.0,5.0,48.0,36.0,1 portion (100 g),,openfoodfacts,3
6253813870191,joy,Jordina,43.0,0.0,10.8,0.0,100ml,1 liter,openfoodfacts,1
6260100103825,biscuits,Petit Beurre,432.64,9.24,75.2,10.52,5 biscuits (25 g),,openfoodfacts,1
6271011501037,cream face funny ice,KDCOW,224.561403508772,4.21052631578947,26.6666666666667,11.9298245614035,28.5 g,,openfoodfacts,4
6271100332740,mayo mf,Mf,720.0,1.3,7.8,75.6,1 serving (15 ml),,openfoodfacts,2
6271100662878,cheese pro puffs,prolife,387.0,27.6,53.2,14.2,,50 g,openfoodfacts,3
6275000520450,arayes meat,Mawashi,274.0,31.5,21.0,7.2,1 portion (100 g),,openfoodfacts,2
6280203456710,ajwa dattes,,283.0,1.81,64.7,0.25,,500 g,openfoodfacts,2
6281004761034,safari,,506.0,5.7,59.7,26.6,,,openfoodfacts,1
6281100720317,mero,,413.0,4.7,60.4,16.9,100g,16g,openfoodfacts,1
6281123031230,air cheese fried sambousak,Switz,266.666666666667,8.33333333333333,50.0,1.66666666666667,12 g,,openfoodfacts,4
6285602010747,cream deemah strawberry,Deemah,482.0,8.0,72.0,18.0,1 biscuit (6.8 g),,openfoodfacts,3
6287001562520,crackers protein zaatar,,444.07266,26.0,38.0,29.0,,,openfoodfacts,3
6290400030095,oats white,QUAKER,392.5,13.0,65.0,8.0,1 portion (40 g),500 gm,openfoodfacts,2
6291002400002,french fries premium,Al Islami,120.0,2.3,20.0,2.9,,,openfoodfacts,3
6291100600564,brownie keto protein,Be fit,327.5,25.0,34.0,17.75,40 g,40 g,openfoodfacts,3
6291108230541,dates emirates,Date Crown,325.0,1.81,76.0,0.4,,,openfoodfacts,2
6294017138144,mushroom soup,Magi,443.0,11.3,47.7,23.1,,,openfoodfacts,2
6405304004008,piparkakkuriisipuuro,Kokkikartano,161.0,2.6,18.0,8.7,100 g,,openfoodfacts,1
6406510701996,kana suosikkiciabatta taco,Hetki,278.0,9.1,20.0,18.0,180 g,,openfoodfacts,3
6406510703297,carbonara pasta,Hetki,157.0,6.0,19.0,6.7,310 g,,openfoodfacts,2
6407800024788,banaani rahkaohukainen,Atria,170.0,8.7,24.0,4.1,1 lettua (20 g),,openfoodfacts,2
6408180736728,vaasan,Peruna Sämpylä,271.0,9.1,45.0,5.0,70 g,,openfoodfacts,1
6408430042081,maitorahka pehmea rasvaton,Valio,58.0,10.0,3.7,0.1,250 g,250 g,openfoodfacts,3
6408430360253,jauhis mifu,Valio,173.0,24.0,3.4,7.3,,,openfoodfacts,2
6408659612751,proteiinimannapuuro,Juustoportti,98.0,6.7,6.8,4.9,1 purkki (300 g),,openfoodfacts,1
6409400116900,nakki nuotio,Pouttu,199.0,11.0,1.0,17.0,1 nakki (62.5 g),,openfoodfacts,2
6409536651313,tomaattikeitto,Jalostaja,28.0,0.8,5.7,0.2,275.0g,,openfoodfacts,1
6409620011467,kunnon pekoni,Snellman,342.0,17.0,0.1,30.0,100 g,,openfoodfacts,2
6409620017544,ohuen ohut savukinkku,Snellman,103.0,19.0,1.5,2.3,,,openfoodfacts,3
6409620017551,keittokinkku ohuen ohut,Snellman,96.0,19.0,1.5,1.5,,,openfoodfacts,3
6410380049775,bbq snacks,Taffel,516.0,3.5,60.0,28.0,1 portion (100 g),,openfoodfacts,2
6410380060282,juustonaksut,Taffel,550.0,10.0,51.0,33.0,,,openfoodfacts,1
6410405164988,tyrni,PIRKKA,90.0,0.7,6.3,5.0,,200g,openfoodfacts,1
6410405186522,kermajuusto saariston,Pirkka,380.0,25.0,0.0,31.0,,,openfoodfacts,2
6410405267887,inkovaarimurska,Pirkka,20.0,0.9,3.3,0.0,,,openfoodfacts,1
6410405306036,pizzajuustomuru,Pirkka Parhaat,292.0,28.0,0.0,20.0,,150 g,openfoodfacts,1
6410500090014,crisp finn,FINN CRISP,350.0,10.0,61.0,2.6,1 serving (6 g),200g,openfoodfacts,2
6411200104858,annospikapuuro kaura kuitu,Elovena,363.0,15.0,51.0,8.1,40 g,12 x 40 g,openfoodfacts,3
6411401014826,kismet,Fazer,528.0,8.0,56.0,30.0,100g,,openfoodfacts,1
6412000034574,kana wrap,Saarioinen,185.0,6.8,21.0,7.8,220 g,,openfoodfacts,2
6412000036295,protein puuro rouhea,Saarioinen,81.0,5.1,8.4,2.6,1 pack (310 g),,openfoodfacts,3
6413300018035,protein raspberry,Arla,71.0,10.0,6.4,0.2,200g,200g,openfoodfacts,2
6413300026573,creme fraiche texmex,Arla,159.0,2.6,7.6,13.0,100 g,,openfoodfacts,3
6413467234804,crisp dark rye,Fazer,327.272727272727,10.0,59.0,2.8,8 g,215 gr,openfoodfacts,3
6415130086314,natur omena,Marli,43.0,0.2,10.2,0.0,,2 dl,openfoodfacts,2
6416453039148,kina snacks,Fazer,535.0,6.9,57.0,32.0,100 g,,openfoodfacts,2
6416453075061,domino piparkakku,"Fazer, Domino",492.0,4.4,69.0,22.0,1 cookie (13.4 g),175 g,openfoodfacts,2
6416453093294,dream raspberry,Fazer,565.0,1.9,60.0,35.0,21 g,21 g,openfoodfacts,2
6416453555501,domino pink,Fazer,497.0,4.4,68.0,22.0,1 portion (13.5 g),,openfoodfacts,2
6420106181986,stafide,Sano vita,290.0,2.7,67.7,0.04,,,openfoodfacts,1
6420169003164,afumat bonito macro,,230.0,21.0,3.0999999046326,16.0,,,openfoodfacts,3
6420610111981,omenasose,Bonne,45.0,0.1,10.4,0.2,100 g,,openfoodfacts,1
6420610115378,juice menu,Bonne,48.2791586998088,0.2,11.0,0.5,100 g,,openfoodfacts,2
6420614921869,perunamuusi,Kruunu Herkku,103.0,1.6,12.4,4.9,250 g,,openfoodfacts,1
6425881211217,fofico snacks,Lotto,523.0,18.1,43.6,29.3,90 g,,openfoodfacts,2
6425899000780,artesana br cu trufe,Artesana,358.2,27.4,4.7,27.4,,,openfoodfacts,4
6425899001169,artesana branza,Arte sana,97.0,20.3,2.6,0.55,100.0g,,openfoodfacts,2
6430017901320,kanan munat vapaan,Laitilan Kanatarha,143.0,12.5,0.3,10.3,100g,580g,openfoodfacts,3
6430041080145,tattarijauho,Viljatuote,334.0,12.0,70.0,1.4,,,openfoodfacts,1
6430056289854,peach vibe,Celsius,3.0,0.0,0.0,0.0,1 portion (250 ml),,openfoodfacts,2
6430059507580,mettakakko,Lapin Leipomo,423.3,6.4,52.8,20.0,45 g,,openfoodfacts,1
6430064408377,mehujaa missa x,Fazer,110.0,0.1,26.0,0.0,90 g,,openfoodfacts,3
6430068540400,chavre,Mö,180.0,1.8,15.0,12.0,,180 g,openfoodfacts,1
6430078921039,bbq mustard,Poppamies,114.0,1.0,25.0,1.0,,,openfoodfacts,2
6430104960711,keitto savuporo,Apetit kotimainen,74.0,3.0,7.0,3.7,1 box (370 g),,openfoodfacts,2
6437005070853,riisipiirakka rukiinen,Vaasan,185.0,4.0,28.0,5.7,100 g,,openfoodfacts,2
64833651,au jambon piemontaise,,115.0,4.3,8.7,6.5,,,openfoodfacts,3
6713694801672,upfront,UPFRONT,60.0,3.2,0.5,0.5,150 ml,550 ml,openfoodfacts,1
6810288524006,sans sucettes sucre,,233.0,0.0,87.0,0.0,,,openfoodfacts,3
6901347884459,coconut drink,Coconut Palm,49.7,0.6,7.0,2.0,100ml,1.25 L,openfoodfacts,2
6901668005816,cream ice matcha oreo,Oreo,247.368421052632,5.0,58.0,22.0,,,openfoodfacts,4
6901668928085,biscuits crispy oreo wafers,Oreo,517.0,3.3,63.0,27.8,1 portion (12 g),192 g,openfoodfacts,4
6901668936356,oreos,Oreo,497.131931088,5.6,67.8,22.5,1 bag (40 g),1pcs,openfoodfacts,1
6909003000175,sauerbohnen soe,sichuan Piciandouban,90.9090909090909,6.06060606060606,18.1818181818182,0.0,1 portion (33 g),227g,openfoodfacts,2
6924080218466,dried seaweed,Yuho,250.0,20.0,40.0,0.0,1 portion (10 g),,openfoodfacts,2
6924743936973,chips heinz ketchup potato,Lay’s,542.857142857143,5.71428571428571,54.2857142857143,34.2857142857143,1 portion (70 g),,openfoodfacts,4
6924911905060,crust rice,Big Bro,503.0,7.3,68.4,22.1,1 portion (100 g),,openfoodfacts,2
6933641106128,cookie crispy,Aomeisi,475.0,5.0,70.0,20.0,2 piece (40 g),,openfoodfacts,2
6933981301993,rice shirataki,Magic Bowl,67.5,1.5,15.0,0.3,1 portion (40 g),,openfoodfacts,2
6934438368354,brauner zucker,South Word,364.0,0.0,91.0,0.0,,300g,openfoodfacts,2
6934731200139,fresh instant japanese udon,Bacco,122.0,3.0,26.0,0.4,200 g,200 g,openfoodfacts,4
6935553821229,stirfry udon,,198.0,4.5,25.3,8.3,100g,,openfoodfacts,2
6937623402574,hi,劲仔,83.3333333333333,0.0,16.6666666666667,2.77777777777778,1 pouch (18 g),20x18g,openfoodfacts,1
6944483629331,and fish hot spicy,Sagoon,323.85277246654,35.2,2.7,19.2,1 portion (50 g),,openfoodfacts,4
6946431800243,and chives onion wraps,Mission,297.777777777778,8.0,47.3333333333333,7.33333333333333,45 g,270 g,openfoodfacts,4
6947593010587,akta kinesisk mushroom soy soya,Pearl River Bridge,137.0,6.3,26.7,0.0,100 ml,,openfoodfacts,5
6952784305304,peanuts spicy,Huang Fei Hong,620.0,24.0,18.0,50.0,0.333 tasse (50 g),,openfoodfacts,2
6972482391492,er fish suancai tai,Nice To Nice,102.941176470588,3.67647058823529,4.04411764705882,8.45588235294118,1 portion (816 g),,openfoodfacts,4
6973029302261,cheese corn crisps,Sys,314.285714285714,5.71428571428571,57.1428571428571,7.14285714285714,0.5 sac (35 g),,openfoodfacts,3
6973615680704,crunch vortex,Vortex Crunch,500.0,7.14285714285714,60.7142857142857,28.5714285714286,17 pleces (28 g),,openfoodfacts,2
6974112991904,handcrafted tofu,Maluji,133.333333333333,10.0,11.0,5.0,3530 z (30 g),,openfoodfacts,2
6975880471704,arawana cooked rice white,WKitchen,142.857142857143,2.38095238095238,32.8571428571429,0.476190476190476,1 bowl (210 g),,openfoodfacts,4
6978733431504,cheese cookie cotton tart,Rimo,450.0,5.76923076923077,72.6923076923077,15.0,26 g,78 g,openfoodfacts,4
7023026089333,spinat,FERDIG PREPPA,11.0,3.3,0.3,0.4,,200 g,openfoodfacts,1
7023539702149,torfisk,Lofoten,350.0,84.0,0.0,1.0,,30 g,openfoodfacts,1
7025110113474,poteter,Coop Xtra,78.0,1.8,17.0,0.1,,,openfoodfacts,1
7025110215697,potetstaver rustikke,Coop,193.0,3.5,32.0,5.0,100 g,,openfoodfacts,2
7025110226020,potet,Coop,80.0,1.9,17.0,0.1,1 portion (320 g),,openfoodfacts,1
7029161133146,rundstykke,Rema 1000,252.0,8.8,49.0,1.5,1 Rundstykke (55 g),,openfoodfacts,1
7031036630223,smak,Roastbiff Og Remulade,266.0,9.3,24.0,14.0,100 g,,openfoodfacts,1
7032069103043,hjertefiskekaker,Gode Hav,116.0,10.0,8.9,4.5,1 Piece (58.35 g),,openfoodfacts,1
7032069107157,kaker ost protein,Rema 1000,395.0,23.0,43.0,13.0,100 g,,openfoodfacts,3
7032069107164,paprika proteinkaker rkt,REMA,397.0,23.0,43.0,13.0,40 g,,openfoodfacts,3
7032069107171,proteinkaker,R,410.0,23.0,46.0,13.0,10 g,,openfoodfacts,1
7032069107331,is pistasj,Kolonihagen,207.0,4.8,22.0,11.0,,,openfoodfacts,2
7032069107577,krsj sjoko,Rema,483.0,6.9,65.0,21.0,100 g,,openfoodfacts,2
7032069108277,amorimi pasta,kolonihagen,363.0,11.0,75.0,1.7,,,openfoodfacts,2
7032069108420,pizzasaus rosso,Rema1000,46.0,2.3,7.6,0.4,100 g,,openfoodfacts,2
7032069738948,pannekakker,Rema,202.0,8.0,23.0,8.5,100 g,,openfoodfacts,1
7033330013290,bremykt mykere,Bremykt,281.2,0.5,0.5,78.0,1 portion (7 g),500 g,openfoodfacts,2
7033550601277,wienerbrd,Bakehuset,440.0,6.5,38.0,29.0,60 g,,openfoodfacts,1
7035620052354,fiskkaker,Hjerteformede,117.0,11.0,9.7,3.8,80 g,,openfoodfacts,1
7035620062315,crunchy peanttsmr,vilje,604.0,28.0,11.0,49.0,100 g,,openfoodfacts,2
7035620065644,carbonara pinsa,Eldorado,211.0,8.0,27.0,8.0,400 g,,openfoodfacts,2
7035620066245,mix pistasj ristet,Eldorado,593.0,25.0,8.0,52.0,,,openfoodfacts,3
7035620067365,casio e pepe pinsa,Eldorado,197.0,8.0,28.0,6.0,390 g,,openfoodfacts,4
7035620087400,ost revet,First Price,90.0,27.0,0.1,23.0,100 g,350 g,openfoodfacts,2
7037203644987,svinebiff tynnskarer,Gilde,103.0,22.0,0.0,1.7,100 g,,openfoodfacts,2
7037610230513,tandoori,Indian gourmet as,109.0,1.0,8.9,7.2,100 g,360 g,openfoodfacts,1
7037710090055,smash,"Nidar, Orkla",540.0,8.0,53.0,33.0,25 g,100 gram,openfoodfacts,1
7038010006340,cream creme fraiche sour,TINE,28.0,2.9,4.5,17.0,1 1/6 pk (50 g),300 g,openfoodfacts,4
7038010068911,ekstra stor,NORVEGIA,955.555555555556,27.0,0.0,26.0,1 portion (1250 g),,openfoodfacts,2
7038010071874,iskaffe pumpkin spice,TINE,52.47,2.7984,8.514,0.5016,330 g,,openfoodfacts,3
7038010073106,drikk protein,YT,75.0,6.8,9.1,1.2,300 g,,openfoodfacts,2
7039010013512,jordbr moste,Nora,226.923076923077,0.3,28.0,0.1,,,openfoodfacts,2
7039010181341,tomatketchup,Idun,42.0,1.7,8.0,0.0,17 g,510 g,openfoodfacts,1
7039010609746,fry kit koreansk stir,Toro,127.0,7.2,15.0,3.9,425 g,,openfoodfacts,4
7039010610087,pepperoni porsjon,Big One,241.0,11.0,24.6,10.0,340 g,,openfoodfacts,2
7040515020462,sma tomater,Adore,18.0,0.7,2.5,0.2,175 g,,openfoodfacts,2
7041011014115,is monaka,Hennig Olsen,275.714285714286,3.85714285714286,30.0,15.7142857142857,70 g,,openfoodfacts,2
7041011235114,brownie choco creme,Henning Olsen,342.857142857143,4.76190476190476,31.7460317460317,22.2222222222222,63 g,,openfoodfacts,3
7041111158375,krnsj,Minde,496.0,7.6,62.0,23.0,130 g,,openfoodfacts,1
7044614877712,koffeinfri max pepsi,Pepsi,1.0,0.0,0.0,0.0,100 ml,,openfoodfacts,3
7050122116076,cheddar ostepop,Maarud,511.0,10.0,44.0,32.0,30 g,140g,openfoodfacts,2
7051150007503,horn,Baker Hansen,274.0,7.5,47.4,4.7,100 g,,openfoodfacts,1
7058040617309,strandaskinke,Stranda,169.62962962963,28.0,0.0,14.0,1 skive (8 g),135 g,openfoodfacts,1
7071688005635,poppa rmme urter,Poppa,428.0,6.3,68.0,14.0,80 g,,openfoodfacts,3
7073313034539,cream dubai pistachio,Monster Snacks,595.0,16.0,26.0,49.0,25 g,,openfoodfacts,3
70875942,pois wasabi,,405.0,15.0,55.0,11.0,,,openfoodfacts,2
7090001986383,bondebrd,Kløverbakeriet,230.0,8.5,43.0,2.0,100 g,,openfoodfacts,1
7090007300404,kakemann,Madla Bakeri,400.0,7.0,65.0,12.0,64 g,,openfoodfacts,1
7090030411894,japanese rice sushi,Asian Foods,350.0,8.0,79.0,0.0,100 g,,openfoodfacts,3
7090034904019,chiafr,Jasmin,469.0,21.2,43.9,31.4,,,openfoodfacts,1
7090053790532,bombay curry,Saritas,124.0,1.2,10.0,8.8,1 glass (360 g),360 gram,openfoodfacts,2
7090053790860,curry punjabi,Sarina’s,105.0,1.8,9.8,6.8,100 g,,openfoodfacts,2
7090053791072,koriander mint,Sarita,47.0,2.4,5.7,0.7,100 g,,openfoodfacts,2
7090054421275,fyrstekakebiter,Calas,402.0,5.9,62.0,14.0,1 portion (100 g),,openfoodfacts,1
7252138339245,choco crisp,,377.0,8.3,77.0,3.0,,,openfoodfacts,2
7290003222094,bis pita teimani,מאפיית המכבים,243.0,7.08,51.4,1.0,1 portion (100 g),,openfoodfacts,3
7290003229123,pastrama,טירת צבי,98.0,16.0,4.0,2.0,1 serving (100 g),400 גרם,openfoodfacts,1
7290019642275,cranberry preserverves,Tnuva,260.0,0.0,64.0,0.0,,,openfoodfacts,2
7290109351971,fitness,Nestlé,464.285714285714,7.14285714285714,64.2857142857143,19.2857142857143,14 g,14.0g,openfoodfacts,1
7290110118280,fanta zero,Coca Cola,1.0,0.0,0.0,0.0,1 portion (330 ml),,openfoodfacts,2
7290116936017,crunch,Go By Tnuva,339.0,35.7,34.4,7.6,1 portion (62 g),,openfoodfacts,1
7290119380794,pro,דנונה,54.8837209302325,9.3,3.7,0.0,215 g,,openfoodfacts,1
7296073450740,crackers peanut rice with,Supersal,426.666666666667,7.66666666666667,72.3333333333333,11.0,30 g,,openfoodfacts,4
72986455,new super york,Ben & Jerry's,285.0,4.5,26.0,18.0,,,openfoodfacts,3
7300156500533,drink oat,Anglamark,42.0,0.7,7.8,0.8,100 ml,1 L,openfoodfacts,2
7300156573858,pannkakor,Coop,180.0,7.3,23.0,6.1,,,openfoodfacts,1
7300400126465,knackebrot wasa,Wasa,333.0,8.77,62.3,1.75,1 portion (11.4 g),205g,openfoodfacts,2
7300400481588,fibres,Wasa,330.0,12.0,47.0,5.0,10 g (1 tranche),230 g,openfoodfacts,1
7300400483025,pesto sandwich,Wasa,458.0,7.8,54.0,21.0,2 sticks (37 g),,openfoodfacts,2
7300400483179,cracker sesam,,392.0,14.0,57.0,9.5,13 gram,13 gram,openfoodfacts,2
7310100701367,smoothie tropisk,Semper,63.3333333333333,0.2,13.0,0.1,,90g,openfoodfacts,2
7310240073812,chateau pommes,Felix,114.0,1.7,16.0,4.2,,800 g,openfoodfacts,2
7310350134151,skum swampe,Malaco,354.0,4.2,83.0,0.3,,,openfoodfacts,2
7310532121085,cheese corners,Taffel,495.0,6.4,62.0,24.0,50 g,,openfoodfacts,2
7310960044284,carbonara,Dafgårds,167.0,6.2,17.0,8.1,390g,,openfoodfacts,1
7311041084069,kakao kiks med sandwich,First Price,447.0,6.1,73.0,14.0,1 portion (100 g),,openfoodfacts,4
7311041088494,fettucine med spinat,First Price,275.0,10.0,53.0,2.1,1 pose (500 g),,openfoodfacts,3
7311043008230,chips onion sourcream,Garant,517.0,6.7,55.0,29.0,250 g,,openfoodfacts,3
7311043011148,puffat ris,Garant,372.0,7.0,81.0,2.0,,,openfoodfacts,2
7311043020492,hotspicy ribs,Garant,206.0,16.0,6.3,13.0,495 g,,openfoodfacts,2
7311071336244,rostad,Pågen,256.0,9.6,47.0,2.2,,450 g,openfoodfacts,1
7311310383473,dip mex tex,Santa Maria,130.0,1.9,7.5,10.0,,,openfoodfacts,3
7311310388072,hot pepper santamaria sauce,Santa Maria,18.0,0.6,2.5,0.5,,,openfoodfacts,4
7311311012549,mix spice taco,Santa Maria,291.0,9.7,46.0,5.1,,532 g,openfoodfacts,3
7311311013522,chicken taco,"EDEKA S. Maria, EDEKA Santa Maria",273.0,9.8,36.0,6.3,,28g,openfoodfacts,2
7311312002112,medium sauce taco,Santa Maria,34.0,1.5,5.5,0.0,10 g,230 g,openfoodfacts,3
7311312009388,korean sauce sweet wok,Santa Maria,115.0,0.0,27.0,0.7,1 bottle (250 g),,openfoodfacts,4
7311800640109,sarek,Polarbröd,280.0,9.8,55.0,1.6,1 serving (50 g),375,openfoodfacts,1
7312110002779,citronmuffins,"Hagges, Hägges, Hägges of Sweden",446.0,5.1,52.0,24.0,19 g,200 g,openfoodfacts,1
7312220005615,annas kardemumma pepparkakor,Annas,472.0,5.5,70.0,19.0,4.5 g,150 g,openfoodfacts,3
7312560057626,havrekuddar,Frebaco,380.0,13.0,64.0,5.2,,350g,openfoodfacts,1
7312930010787,daim tarte,Daim,446.0,8.2,39.0,28.0,100 g,400 g,openfoodfacts,2
7313619001508,morot nypressad,Brämhults,40.2,0.63,7.59,0.25,,850 ml,openfoodfacts,2
7314871730007,havrebrod,Fazer,260.0,12.0,38.0,4.69999980926514,45.0g,,openfoodfacts,1
7315120008793,fyrtakt,Ikea,366.666666666667,0.0,90.0,0.0,1 portion (30 g),,openfoodfacts,1
7315122019513,pizzabitar,Ikea,221.0,8.7,27.0,7.8,1 tnv (100 g),7 x 100 g,openfoodfacts,1
7318690050926,bonor svarta,Ica,90.0,5.4,14.0,0.5,230 g,230g,openfoodfacts,2
7318690081487,edamerost i skivor,ICA Basic,310.0,25.0,0.5,24.0,,400 g ℮,openfoodfacts,3
7318690514602,krossade tomater,ICA,20.0,0.8,3.7,0.5,,390 g,openfoodfacts,2
7318690678519,dryck havre,Ica Basic,44.0,0.8,7.6,1.0,,,openfoodfacts,2
7318690682813,donutkakor mini,ICA,430.0,4.1,54.0,23.0,100 g,,openfoodfacts,2
7318690693024,burata mini,Ica,235.0,10.0,1.5,21.0,,,openfoodfacts,2
7322550031796,parsa sparris,Blå Band,37.0,1.4,4.8,1.3,250 ml,95 g,openfoodfacts,2
7330122811578,havrebamse,Delibake,520.0,5.7,59.0,28.0,,225 g,openfoodfacts,1
7331340301230,krippis,Narr,518.0,5.5,62.0,28.0,,,openfoodfacts,1
7335029178403,assaisonnees carottes rapees,,71.0,0.9,6.3,4.0,,,openfoodfacts,3
7340001805116,peanutbutter,Barebells,395.0,29.1,29.1,20.0,1 portion (55 g),,openfoodfacts,1
7340011321309,strobrod,Änglamark,357.0,13.0,71.0,1.3,,400g,openfoodfacts,1
7340012517060,chorizofars farsk spansk,Nonna Elide,314.0,13.0,0.2,29.0,,,openfoodfacts,3
7340083470912,barmix djupfryst,Eldorado,35.0,0.9,5.6,0.5,100.0g,1 kg,openfoodfacts,2
7340083478208,tonfisk,Garant,98.0,23.0,0.0,0.7,,1pcs,openfoodfacts,1
7340083492310,chicken kebab,Gastrino,421.0,39.0,43.0,9.5,1 portion (100 g),,openfoodfacts,2
7340083499036,fruktmix not,Eldorado,467.0,12.0,49.0,24.0,50 g,,openfoodfacts,2
7340130505710,kokosbite,Renée Voltaire,505.0,6.3,50.0,29.0,40 g,,openfoodfacts,1
7340131603286,nocco,NOCCO,3.0,0.8,0.0,0.0,,,openfoodfacts,1
7340191107601,snacks,Änglamark,417.0,7.0,63.0,14.0,15 g,,openfoodfacts,1
7340191120334,jumbo pitabrd,Coop,245.0,8.4,49.0,1.0,90 g,,openfoodfacts,2
7340191126299,choco mini wafer,Coop,505.0,4.1,57.0,28.0,5 g,,openfoodfacts,3
7340191150867,carrot fruit juice,Coop,50.0,0.2,12.0,0.0,,,openfoodfacts,3
7340191180932,havre,Änglemark,442.0,8.5,67.0,14.0,100 g,,openfoodfacts,1
7340191182868,berry duo,"Coop,Biscuit International Germany",466.0,4.3,70.0,19.0,,176g,openfoodfacts,2
7340191182875,cocoa duo,"Coop,Biscuit International Germany",491.0,5.4,64.0,23.0,,176g,openfoodfacts,2
7340191183827,cookie cream ice sandwitch,Coop,265.0,4.8,41.0,8.7,,,openfoodfacts,4
7340191185524,pitkajyvainen riisi,Xtra,342.0,6.7,78.0,0.3,,,openfoodfacts,2
7340211604288,core protein whey,Svenskt Kosttilskud,391.0,80.0,6.0,5.0,1 portion (33 g),,openfoodfacts,3
7340216105742,bomb brunch,Omnipollo,51.0,0.5,12.6,0.1,330 ml,,openfoodfacts,2
7340222801836,antioxydant,,17.0,0.0,4.2,0.0,,,openfoodfacts,1
7350009157148,iso premium whey,Self Nutrition,384.0,96.0,0.0,0.0,1 portion (40 g),1 kg,openfoodfacts,3
7350009157162,iso whey,Self Nutrition,384.0,96.0,0.0,0.0,1 portion (40 g),1 kg,openfoodfacts,2
7350018063379,asmundtorpspastej,SP Chark,226.0,9.7,11.0,16.0,,,openfoodfacts,1
7350028545063,majskakor,Friggs,380.0,10.0,81.0,4.0,9 g,130 gr,openfoodfacts,1
7350037195594,cabanossy,Härryda Karlsson,318.0,14.0,0.8,28.0,100 g,,openfoodfacts,1
7350045596529,bbq chips potato smoky,Gårdschips,500.0,8.4,47.0,30.0,,,openfoodfacts,4
7350049154701,nutrition star,Supreme casein,350.0,78.0,7.0,1.0,1 portion (30 g),,openfoodfacts,2
7350054795081,bondbonor cream onion sour,Dave & Joe’s,437.0,20.5,46.8,16.6,,100 g,openfoodfacts,4
7350072313281,up whey,Skytrion,386.0,76.6,10.0,6.0,1 scoop (30 g),,openfoodfacts,2
7350102450269,jom,Gourmet Gummies,340.0,0.0,84.0,0.0,1 bag (25 g),,openfoodfacts,1
7350116923872,kakuni manju,Twin Dragon,277.0,7.8,56.0,1.6,45 g,360 8pcs,openfoodfacts,2
7350116923995,sichuanpeppar,EAGLOBE,316.0,6.7,66.5,8.9,,100 g,openfoodfacts,1
7350116924978,sanuki udon,Twin Dragon,121.0,3.0,26.0,0.4,200 g,,openfoodfacts,2
7350118520154,fat marrow,Sthl,896.0,0.1,0.3,99.6,100 g,,openfoodfacts,2
7350122560269,erdbeerkuchen,Frödinge,220.0,2.8,27.0,11.0,,,openfoodfacts,1
7350126085416,tranbar tranbarsjuice,Jokk,44.0,0.0,11.0,0.0,250 ml,,openfoodfacts,2
7350153720533,and froosh fruit passion peach,Froosh Energy Drink,4.0,0.0,0.9,0.0,,,openfoodfacts,5
7350179290003,cocoa food raw shake,Mëtta,400.0,31.0,42.0,12.0,1 meal (100 g),,openfoodfacts,4
73682394,de puree tomates,,28.0,1.9,4.4,0.1,,,openfoodfacts,3
7391814009130,bananchips,Exotic snacks,510.0,2.0,66.0,26.0,30 g,,openfoodfacts,1
7391835920384,cashew notsmor,Kung Markatta,620.0,20.0,25.0,48.0,,,openfoodfacts,2
7391835921190,chiafron,Kung markatta,447.0,21.0,42.8,34.0,,275g,openfoodfacts,1
7392055040395,chicken pops,Happy Chef,145.333333333333,11.6666666666667,8.86666666666667,6.86666666666667,150 g,,openfoodfacts,2
7393263064920,bacon parisare,Nyhlens Hugosons,263.0,9.0,5.7,22.6,,,openfoodfacts,2
7393622006202,enriseokt renkott,Hissas,263.0,11.7,4.0,22.0,,,openfoodfacts,2
7393624095327,butterkaka,Dahls,297.0,5.0,50.0,8.3,1 5 (500 g),,openfoodfacts,1
7394376617034,aufstrich natur,Oatly,234.0,3.2,9.8,20.0,,150g,openfoodfacts,2
7394376623912,churros ikaffe,Oatly,70.0,1.1,8.8,3.2,100 ml,1L,openfoodfacts,2
7394376624094,matcha strawberry,Oatly,65.0,1.1,8.3,2.8,,,openfoodfacts,2
7401201600113,madre masa,Pricesmart,239.0,6.0,50.0,3.0,1 portion (100 g),,openfoodfacts,2
7406234000732,corazon tipitin,Colombina,320.0,0.0,80.0,0.0,12.5 g,,openfoodfacts,2
7411204804456,a frutado manzana sabor,petit,18.0,0.0,4.8,0.0,250 ml,355,openfoodfacts,4
7421096462566,aux de dinde pastrami poivres,,91.0,16.0,3.6,1.3,,,openfoodfacts,5
7421200900113,bread de pan sweet yema,Panificadora Tabora,486.0,8.57,62.86,17.14,1 PIECE (35 g),,openfoodfacts,5
7429407010055,montabes,,900.0,0.5,0.0,99.9,,,openfoodfacts,1
7441000711986,mix tosty,Tosty,484.0,12.0,44.0,28.0,25 g,,openfoodfacts,2
7441001605765,queso rico,Dos Pinos y,400.0,20.0,2.5,30.0,20 g,,openfoodfacts,2
7441008931980,ahumado hickory tocino,FUD,500.0,31.25,0.0,43.75,16 g,,openfoodfacts,3
7441029518535,chia con quinoa rapiditas y,Bimbo,312.0,2.4,10.7,2.7,25 g,250 g,openfoodfacts,5
7451002615144,mona pan,Rimith,302.608695652174,9.56521739130435,46.6086956521739,8.69565217391304,1 ms (57.5 g),,openfoodfacts,2
7460193552183,chorizo extra,Lider,370.0,19.0,3.8,31.0,25 slices (100 g),150 g,openfoodfacts,2
7460966303011,pan sandwich,,90.0,3.0,18.0,0.5,,,openfoodfacts,2
7463995837052,bites crostata,Flora,457.142857142857,5.71428571428571,74.2857142857143,15.7142857142857,1 portion (70 g),,openfoodfacts,2
7466762939027,pirucreamcajas,piru cream,495.2380952381,9.5238095238095,71.428571428571,19.047619047619,,300 g,openfoodfacts,1
7467581603281,biscuits soda,,431.0,8.4,77.6,9.6,,,openfoodfacts,2
7500462705893,carne seca,Reynero,402.222222222222,75.5555555555556,0.0,11.1111111111111,1 portion (90 g),,openfoodfacts,2
7500478007271,superfoods,QUAKER,350.0,13.3333333333333,55.3333333333333,8.33333333333333,30 g,475 g,openfoodfacts,1
7500478015870,crackets,Gamesa,465.0,6.6,64.1,20.2,,,openfoodfacts,1
7500478037872,doritos mix,Doritos,467.0,7.4,58.5,22.6,100 g,,openfoodfacts,2
7500525356550,cacahuate con crema de trocitos,Valley Foods,620.0,22.0,26.0,47.0,,,openfoodfacts,5
7500757000078,croquetas ibericas,Alchef,248.0,15.0,11.0,16.0,1 portion (100 g),,openfoodfacts,2
7501005116985,de fideos sopa,Knorr,99.0,2.8,19.4,1.1,,115g,openfoodfacts,3
7501008023624,zucaritas,Kellogg's,381.0,1.0,37.0,0.0,40g,710 g,openfoodfacts,1
7501011181809,jamaica,Belight,0.0,0.0,0.0,0.0,200 ml,1.5 L,openfoodfacts,1
7501020561142,durazno,LALA,76.0,2.0,13.5,1.6,,220 g,openfoodfacts,1
7501030467090,bimbo cero pan,BIMBO,206.0,10.7,36.9,1.7,1 rebanada (27.75 g),610 g,openfoodfacts,3
7501045402888,atun,Dolores,111.0,10.9,3.4,6.0,1.3 serving (100 g),,openfoodfacts,1
7501058638076,crema media,Nestlé,152.0,10.59,15.58,5.08,15g,485 g,openfoodfacts,2
7501059225411,kinder nido,Nestlé,64.0,1.66,8.22,2.72,34 gr,360g,openfoodfacts,2
7501101525025,bachoco docenera huevo,Bachoco,140.0,12.7,0.27,9.83,50g,12 pzas,openfoodfacts,3
7501478412010,tostadas,Norteñas,527.0,7.0,55.0,31.0,1 portion (100 g),,openfoodfacts,1
7501639308398,bebida coco de,Güd,24.5,0.2,1.2,2.1,100.0g,1L,openfoodfacts,3
7502209115194,pan pita taquero,LIBANIUS,262.7,9.618085,67.9697,1.4938125,40 g,320 g,openfoodfacts,3
7502229432363,simisure,,240.0,12.0,43.0,2.0,290.0g,,openfoodfacts,1
7502261267411,cacahuate crema de,Dulsa,623.1,24.8,19.6,49.5,,,openfoodfacts,3
7502261272279,huevo,Cresta Roja,140.23,13.86,0.43,9.23,100 g,12,openfoodfacts,1
7502276300417,con jamon queso sandwich y,7-eleven,187.5,7.3,18.2,9.5,1 sandwich (172 g),,openfoodfacts,5
7502276305047,proteina,Seven Select,263.67,40.82,20.41,5.71,100 g,,openfoodfacts,1
7502323640008,camaron empanizado,La Vida Foods,170.0,11.0,18.0,6.0,1 portion (100 g),,openfoodfacts,2
7503002671467,oaxaca queso,Flor de Alfalfa,348.0,26.0,3.9,25.4,,400 g,openfoodfacts,2
7503003691013,dip preparado,Don Elias,98.4,7.1,2.2,6.8,,,openfoodfacts,2
7503008669673,bebida coco con de matcha,A de Coco,26.0,0.0,2.1,1.9,100 ml,1l,openfoodfacts,5
7503013543050,de horneadas maiz tostadas,Susalia,270.0,6.2,55.0,3.2,1 portion (100 g),200 g,openfoodfacts,4
7503032941165,empanizador picosito,morama,85.0,4.0,14.0,4.0,,,openfoodfacts,2
7503045520173,bistec not,Not Co,140.0,16.0,9.0,4.0,,,openfoodfacts,2
7503055055375,horchata,La Monjita,13.6686714051394,0.440924884036756,3.08647418825729,0.440924884036756,1 tbsp (226.796 g),,openfoodfacts,1
7506306321007,knorr sopa story toy,Knorr,39.0134529147982,1.39013452914798,7.53363228699552,0.358744394618834,223 g,115g,openfoodfacts,4
7509473928222,adobera queso,Don Matías,78.0,5.8,3.7,4.2,100 g,,openfoodfacts,2
75159382,pistache,,615.0,25.0,12.0,50.0,,,openfoodfacts,1
7582743874238,butter mixed nut,Biona Organic,604.0,22.0,11.0,51.0,1 portion (100 g),,openfoodfacts,3
7590408057063,hovezi peprem roastbeef s,Albertovo Uzenářstvi,109.0,21.0,0.9,2.4,100 g,,openfoodfacts,4
7591869001121,casabito,CASABE GOURMET,366.66666666667,0.0,91.666666666667,0.0,"12,5g (aprox. 5 galletas)",30unds,openfoodfacts,1
7591869001244,casabe crujiente de yuca,CASABE GOURMET,360.0,0.0,88.0,0.0,25g (aprox. 1/2 porción),4 porciones,openfoodfacts,4
7600570500684,fumee saucisse,,201.0,15.0,3.0,14.4,,,openfoodfacts,2
7610008077381,nuts so,Torino,586.0,14.0,34.0,42.0,120 g,,openfoodfacts,2
7610026040046,minestrone,Findus,54.0,2.6,8.6,0.4,,450g,openfoodfacts,1
7610026045874,match movenpick perfect the,Mövenpick,251.0,3.1,30.7,12.7,,,openfoodfacts,4
7610029216431,chips cream onion sour,Denner,493.307839388145,3.9,62.0,25.0,1 portion (30 g),,openfoodfacts,4
7610029227222,beurre petit,Denner,500.0,7.0,63.0,24.0,,150g,openfoodfacts,2
7610095013569,aromat mit,Zweifel,517.45,6.6,51.0,31.0,1 portion (100 g),,openfoodfacts,2
7610095237002,creamy herbs hummus snack vaya,"VayaZweifel,Zweifel,Zweifel VAYA Snacks",417.0,16.0,56.0,13.0,30g,80 g,openfoodfacts,5
7610162272455,reserva serrano,Coop,232.0,30.0,1.0,12.0,,"0,130 kg",openfoodfacts,2
7610162343117,weisswurst,Bell,236.0,12.0,0.0,21.0,,,openfoodfacts,1
7610247589119,bohnen fein,"Bischofszell, Farmer's Best, Farmer's Best - Migros, Migros, Farmers Best",31.0,2.1,3.6,0.5,120g,750g,openfoodfacts,2
7610314770389,frites roshti,KADI,377.390057361376,1.8,21.0,9.2,1 portion (100 g),,openfoodfacts,2
7610411000709,beurre de tradition,Milco,742.0,0.5,0.5,82.0,100 g,150 g,openfoodfacts,3
7610491081773,fructose,Morga,400.0,0.0,100.0,0.0,100 g,,openfoodfacts,1
7610582656668,krautersauce,Meals For Kids,58.0783938814532,1.3,6.8,2.9,,,openfoodfacts,1
7610632000731,avocat bio,Migros,205.0,1.56,0.83,20.6,,1 pièce,openfoodfacts,2
7610800001119,fins petits pois,"Coop,Qualité & Prix",90.0,6.0,12.0,0.7,125 g,210g,openfoodfacts,3
7610800017912,berner mit rosti speck,"Coop,Coop Qualité & Prix",115.0,3.5,11.0,6.0,250 g,1pcs,openfoodfacts,4
7610845752502,pomodori secchi,Coop Fine Food,226.7,5.8,8.9,17.3,100 g,180g,openfoodfacts,2
7610900292745,caffe emmi wendy,Emmi,45.0,3.0,4.4,1.7,1 coffee (230 ml),230 ml,openfoodfacts,3
7610900874521,kiddos onken,Onken,76.6,4.3,8.1,3.0,,4 * 90g,openfoodfacts,2
7611100058889,bratensauce paste,"Knorr,Unilever",75.8,1.0,4.2,6.0,,800g,openfoodfacts,2
7611174181018,sponser,Recovery,360.0,17.0,63.0,2.20000004768372,60.0g,,openfoodfacts,1
7612100026748,drink isotonic powertabs,Isostar,358.0,0.0,75.0,0.0,24 g,120 g,openfoodfacts,3
7612100034552,isostar,Isostar,347.0,0.0,88.0,0.0,120 g,40 gram,openfoodfacts,1
7612100909591,cream crunchy,Ovomaltine,547.0,3.7,59.4,32.4,,380g,openfoodfacts,2
7612100921364,ovorocks,Ovomaltine,471.0,7.4,62.7,20.0,,,openfoodfacts,1
7613034077851,nesquik,"Nestlé, Nesquik",70.0,3.5,9.6,1.7,200 ml de lait + 13.5 g de poudre,"1,1 kg e",openfoodfacts,1
7613034279309,capri,Nestlé,487.0,5.0,66.0,22.0,30g,30g,openfoodfacts,1
7613034471758,carbonara di forno pietra,Buitoni,274.0,8.2,26.9,14.5,,300 g,openfoodfacts,4
7613034872630,yorkie,Nestlé,528.260869565217,6.95652173913043,57.3913043478261,29.3478260869565,1 serving (46 g),46 g,openfoodfacts,1
7613034919625,aero mint peppermint,Nestlé,534.0,4.3,61.8,29.6,1 bar (27 g),108g,openfoodfacts,3
7613034943859,meritene,,385.0,22.6,65.1,3.8,,,openfoodfacts,1
7613035009240,brasse fraise ptit,"Nestlé, Bébé Nestlé, Nestlé bébé, P'tit brassé",107.0,3.0,15.7,3.4,100 g,4 x100 g (400 g),openfoodfacts,3
7613035037076,currywurst souce,Maggi,109.0,1.5,22.0,0.8,,1pcs,openfoodfacts,2
7613035273993,borowikowy sos,"winiary,nestle",41.33333,0.4,6.13333,1.2,1 portion (75 ml),33g,openfoodfacts,2
7613035356023,et kat kit,"Nestlé, Kit Kat",523.0,8.2,58.8,27.9,,,openfoodfacts,3
7613035414013,frischkase makkaroni mit ofen,Maggi,185.0,10.2,16.2,8.6,290 g,39g,openfoodfacts,4
7613035748736,mix thai,"Findus, Fach 1",41.0,3.5,3.6,0.9,,600g,openfoodfacts,2
7613035833272,perrier,"Nestlé, Nestlé Waters, Perrier",0.0,0.0,0.0,0.0,,1 l,openfoodfacts,1
7613036241755,imp munchies pouch,Nestlé,488.0,4.1,64.9,23.3,6 pieces (27.46 g),104g,openfoodfacts,3
7613036305846,instant kaffee,"Nestlé, Nescafé, Nescafé Gold",396.6,14.4,40.2,15.4,4 g,200g,openfoodfacts,2
7613036427166,backfrische die funf kase,Wagner,251.470588235294,11.0,27.0,8.0,340 g,340g,openfoodfacts,4
7613036600996,aroma espresso intense,Nescafé,296.0,19.4,42.6,1.1,,100g,openfoodfacts,3
7613036959049,starbucks sumatra,"Dark single origin coffee sumatra, STARBUCKS, by NESPRESSO",1.0,0.2,0.3,0.0,,55 g,openfoodfacts,2
7613037280364,espresso roast sb,STARBUCKS®,17.5438596491228,1.75438596491228,0.0,0.0,5.7 g,57g,openfoodfacts,3
7613037777659,frambuesa fruta pura,Savory,56.0,0.4,12.8,0.3,75ml,75 ml,openfoodfacts,3
7613039471401,mit reis tomatensuppe,Maggi,34.0,0.9,6.9,0.2,,750ml,openfoodfacts,3
7613196016248,choc mousse,Cailler,193.333333333333,4.7,18.1,11.4,,,openfoodfacts,2
7613269273837,favorit,FARMER'S BEST,31.0,2.0,4.2,0.5,1 portion (100 g),500g,openfoodfacts,1
7613287653628,optifibre,Nestle,200.0,0.0,92.0,0.0,1 portion (5 g),,openfoodfacts,1
7613312267806,batonnets,Pelican,190.0,13.0,0.8,8.9,30 g,450g,openfoodfacts,1
7613312322673,fun perit smarties,Migros,311.0,4.3,43.0,13.0,36 g,,openfoodfacts,3
7613312323793,rosa thon,"M Classic, MClassic, Migros",109.0,26.0,0.0,0.5,,1pcs,openfoodfacts,2
7613312352953,creme protein,Oh!,568.0,29.0,22.0,43.0,,270 g,openfoodfacts,2
7613312440407,ice tea zero,Migros,2.0,0.0,0.4,0.0,100 ml,,openfoodfacts,3
7613312452219,birne,SunQueen,58.0,0.5,14.0,0.0,,230g,openfoodfacts,1
7613312465189,crunchy nutz,Party,504.0,13.0,38.0,32.0,,,openfoodfacts,2
7613312483749,chips choco peanut,Farmer Classic,488.0,14.0,45.0,26.0,25 g,,openfoodfacts,3
7613312488355,cookies funky monkey,Migros,496.175908221797,6.0,58.0,26.0,1 portion (25 g),200g,openfoodfacts,3
7613312519653,handsome,Migros Bio,606.0,36.0,1.5,50.0,8 g,,openfoodfacts,1
7613331180537,cacao en poudre,Betty Bossi,356.0,23.0,19.0,20.0,,150g,openfoodfacts,3
7613379444073,reissirup,Naturaplan,325.0,0.0,80.0,0.0,,300g,openfoodfacts,1
7613404046661,crispy tofu,Migros,238.0,13.0,12.0,15.0,,4 x 50 g,openfoodfacts,2
7613404132166,biscuits de paques,,412.0,6.3000001907349,69.0,12.0,,,openfoodfacts,3
7613413729579,capres kapern,Coop Naturaplan,33.0,2.1,3.8,0.0,,60g,openfoodfacts,2
7613413950188,ananas in scheiben,"Coop, Qualité & Prix",54.0,0.0,13.0,0.0,,140g,openfoodfacts,3
7614800988210,coquins spitzbuben,Kambly,448.0,5.1,70.0,16.0,1 portion (448 g),,openfoodfacts,2
7616352025030,brombeeren,Mein Beerenglück,47.3,1.13,6.53,0.7,125 g,125g,openfoodfacts,1
7617027000642,maisstarke,"Migros, Patissier",359.0,0.5,88.0,0.6,,300g,openfoodfacts,1
7617500199276,schweppes tonic zero,Schweppes,1.0,0.0,0.0,0.0,500.0g,500ml,openfoodfacts,3
7622201391652,cookies cream croissant max,7 Days,287.0,3.66000008583069,28.2000007629395,17.3999996185303,60.0g,,openfoodfacts,4
7622201392192,cocoa croisant max peanut,7 days mondelez,474.0,7.0,43.0,30.0,80 g,80g,openfoodfacts,4
7622201419110,ciok oro soft,Mondelez Italia,439.0,5.1,53.0,23.0,30 g,,openfoodfacts,3
7622201425050,crunchies,oreo,480.0,4.8,68.0,20.0,,110g,openfoodfacts,1
7622201458287,timeout,Cadbury,533.980582524272,0.5,6.2,3.0,,,openfoodfacts,1
7622201492786,mini wafers,Milka,527.0,5.4,59.0,29.0,,110g,openfoodfacts,2
7622201639983,frambuesa pims,"Fontaneda,Mondelez",397.0,3.4,65.0,13.0,,150 g.,openfoodfacts,2
7622201676810,nussini,"Milka, Mondelez",556.0,5.7,54.0,34.0,62.681 g,270 g,openfoodfacts,1
7622201691042,oro saiwa,Oro Saiwa,399.425287356322,8.6,59.0,12.0,,0,openfoodfacts,2
7622201693954,cheese fat medium soft,PHILADELPHIA LIGHT,220.0,7.4,5.2,11.0,1 portion (100 g),165g,openfoodfacts,4
7622201710828,cameo cookies creme sandwich,Nabisco,481.48148148148,7.4074074074074,74.074074074074,18.518518518519,,,openfoodfacts,4
7622201745561,terrabusi variedad,"Mondelez, Mondelez International, Terrabusi",453.333333333333,6.33333333333333,70.0,16.3333333333333,30 g,390g,openfoodfacts,2
7622201760243,kekse kokuszos,Győri Édes,499.0,6.2,64.0,24.0,30 g,,openfoodfacts,2
7622201763459,picnic,Cadbury,481.0,7.4,60.0,23.0,48.4 g,,openfoodfacts,1
7622201774998,crunchies dipped oreos,Oreo,501.0,4.9,66.0,24.0,25g,110 g,openfoodfacts,3
7622201797560,crema queso,Philadelphia,266.666666666667,6.0,3.33333333333333,26.0,15 g,,openfoodfacts,2
7622201803193,tita,,494.0,5.263,63.157,23.684,,19 g,openfoodfacts,1
7622202008764,fruit kids mix patch sour,Mondelez,326.0,2.8,77.0,0.1,7 sweets (24.5 g),,openfoodfacts,5
7622202029738,brookie choco,Marabou,466.0,5.2,54.0,26.0,22,132,openfoodfacts,2
7622202219214,brunch chip choc,Cadbury,428.0,6.2,65.0,16.0,1 serving (28 g),5 x 28g (140g),openfoodfacts,3
7622202225192,dunkers,Dairylea,240.0,9.6,26.0,10.0,1 serving (41 g),3 x 41g,openfoodfacts,1
7622202239182,orsociok,Oro ciok,392.0,5.1,59.0,15.0,1 piece (30 g),,openfoodfacts,1
7622202254178,choco croissant,milka,474.0,6.4,48.0,28.0,50g,50g,openfoodfacts,2
7622202258602,bites oreo,Cadbury,564.0,4.8,56.0,34.8,1 portion (25 g),100g,openfoodfacts,2
7622202261442,entieres mmmax noisettes,Milka,560.0,7.9,48.0,36.0,,250 g,openfoodfacts,3
7622202264481,wispa,Cadbury,542.857142857143,6.53061224489796,57.1428571428571,32.2448979591837,1 portion (24.5 g),100g,openfoodfacts,1
7622202265020,daim,Monde lez International,544.0,2.9,61.0,32.0,,,openfoodfacts,1
7622202265884,cookies creme oreo sensations,Milka,519.230769230769,4.23076923076923,61.5384615384615,28.4615384615385,1 cookie (26 g),,openfoodfacts,4
7622202283994,cracotte,LiGA,336.3842,9.58484,66.04578,1.96798,36.75 g,250 gram,openfoodfacts,1
7622202342530,oreo sandwich,Cadbury DAIRY MILK,520.833333333333,6.77083333333333,57.2916666666667,28.125,1 portion (19.2 g),,openfoodfacts,2
7622202345593,oreo zard,Oreo,486.413043478261,5.16304347826087,70.6521739130435,20.3804347826087,1 portion (36.8 g),,openfoodfacts,2
7622202355769,chipita,Chipita,552.0,5.3,48.0,37.0,1 portion (27 g),80 γρ,openfoodfacts,1
7622202372360,cake muffin,Marabou,428.571428571428,5.42857142857143,57.1428571428571,20.8571428571429,35 g,,openfoodfacts,2
7622202398650,croissant max,7 Days,452.0,5.5,43.0,28.0,1 portion (100 g),80,openfoodfacts,2
7622202801990,biscoff cote dor,,518.0,7.3,59.0,27.0,,,openfoodfacts,3
7622202814198,biscoff marabou,Marabou,536.0,4.6,61.0,30.0,,,openfoodfacts,2
7622210103314,cremoso queso,Philadelphia,249.0,3.7,2.8,25.0,30 g,200 g,openfoodfacts,2
7622210276650,cake choc,Milka,429.0,5.4,56.5,21.0,35 g,35g,openfoodfacts,2
7622210293381,mmmax,"Milka,Oreo",555.555555555556,4.8048048048048,55.8558558558559,33.9339339339339,1 serving (33.3 g),300 g,openfoodfacts,1
7622210416643,biscotte,"Heudebert,LU,Mondelez",408.0,11.0,73.0,7.3,"40,5 g",830 g,openfoodfacts,1
7622210450821,bakes fruits red soft,belVita,387.189292543021,5.3,63.0,12.0,,250 g,openfoodfacts,4
7622210462534,biscuit mini oreo strawberry,Oreo,495.0,4.7,72.9,19.9,,67 g,openfoodfacts,4
7622210591005,moo tendre,"Milka, Mondelez",440.4875716323,5.1,52.0,24.0,5 portion (140 g),,openfoodfacts,2
7622210598073,herzen von,Milka,569.0,6.1,52.0,37.0,,110g,openfoodfacts,2
7622210635396,brownie choco,MILKA,468.0,5.0,50.0,27.0,25 g,150g,openfoodfacts,2
7622210653307,oreo tarta,Royal,262.0,5.5,32.0,12.0,1 portion (61 g),215g,openfoodfacts,2
7622210683724,cheesecake mmmax strawberry,Milka,526.0,5.3,60.0,29.0,100 g,300g,openfoodfacts,3
7622210717696,choco cream ib t,Milka,504.0,5.7,67.7,24.0,1 serving (100 g),260g,openfoodfacts,4
7622210718358,cheese cream sandwich,Ritz,507.407407407407,6.9,56.3,28.3,"27 g, 3 pieces",243 g,openfoodfacts,3
7622210796868,patch sour,Jelibon,360.0,0.0,89.0,0.0,160g,160g,openfoodfacts,2
7622210809049,chip choc cookies,Cadbury,495.0,5.8,62.0,25.0,13.5g,135 g,openfoodfacts,3
7622300136048,creme oreo strawberry,OREO,471.014492753623,6.15942028985507,71.0144927536232,19.5652173913043,27.6 g,"28,5 g",openfoodfacts,3
7622300136055,biscuits creme oreo strawberry,"Mondelez, Oreo, โอรีโอ",484.0,6.0,71.1,19.5,27g,137g,openfoodfacts,4
7622300434328,coco jaffa,Milka,360.0,3.7,71.0,6.8,1 portion (29.4 g),147g,openfoodfacts,2
7622300489427,enrobed imp oreo white,"Charbonnel et Walker, GINBIS, Mondelez, Oreo, Oreo - Mondelēz International",507.317073170732,3.41463414634146,68.2926829268293,24.390243902439,1 biscuit (20.5 g),245g,openfoodfacts,4
7622300590970,biscuits choco,"Milka,Mondelez",334.265576923077,6.30659134615385,59.1290961538461,20.8722067307692,1 serving (100 g),150 g,openfoodfacts,2
7622300784751,cake chock,"Milka,Mondelēz",428.0,5.5,56.0,21.0,35 g,175 g,openfoodfacts,2
7622400928604,daim sues,Nestlé,544.0,3.1,61.0,32.0,,200g,openfoodfacts,2
7623186014857,ka,Migros,284.0,9.0,31.0,13.0,235 g,,openfoodfacts,1
7623186312847,streichfrischkase,Migros Bio - Züger Frischkäse AG,260.0,7.5,3.5,24.0,,150g,openfoodfacts,1
7623186343599,bananen quark,M Classic,108.0,6.5,15.0,2.40000009536743,125.0g,,openfoodfacts,2
7623186682629,bifidus nature,Migros,69.0,4.5,4.8,3.5,1 portion (150 g),150 g,openfoodfacts,2
7623186726408,beurre bio cuisine de,Migros Bio,742.0,0.5,0.5,82.0,1 portion (10 g),200g,openfoodfacts,4
7624841032018,dours pattes,Coop,431.0,5.8,62.0,17.0,25 g,,openfoodfacts,2
7624841054829,au beurre bio croissants,Coop Betty Bossi,387.0,9.0,44.0,19.0,43 g,172 g,openfoodfacts,4
7624841286589,noix,"Coop, Qualité & Prix",742.0,17.0,10.0,69.0,30g,130,openfoodfacts,1
7624841535175,doux peperoni piments,Prix Garantie,32.0,1.3,6.6,0.0,,,openfoodfacts,3
7624841798242,crevetten,Coop,77.0,18.0,0.0,0.6,,300g,openfoodfacts,1
7624841815284,cacahuetes de puree,"Coop, Karma",605.12,22.6176,14.6816,48.7072,10 g,250g,openfoodfacts,3
7627534181055,maiskorner,"Coop, Coop Naturaplan, naturaplan",81.0,2.3,12.0,2.0,,160g,openfoodfacts,1
7627534377168,pate vaudoid,Coop,345.0,12.0,24.0,22.0,,,openfoodfacts,2
7627534472016,bio chick pea,"Karma, Coop",125.0,6.5,16.0,2.3,,435g,openfoodfacts,3
7627534513511,rose thon,,130.0,29.0,0.0,1.5,,,openfoodfacts,2
7627534583323,amandes bio,Coop Naturaplan,644.0,22.0,3.5,58.0,,200g,openfoodfacts,2
7627536589781,affumicata scamorza,Sapori D’Italia,346.0,23.0,0.6,28.0,,,openfoodfacts,2
7627537093676,chas knopf pizza,Emmentaler AOP,327.0,13.4,43.1,10.5,180 g,,openfoodfacts,3
7627537687462,nero riso,Fine Food,349.0,7.0,72.0,2.5,80 g,,openfoodfacts,2
7627537818309,knackebrot,,335.0,9.1,61.0,1.4,,,openfoodfacts,1
7630294503876,krauter spiesse,planted,128.0,18.0,3.2,4.4,100 g,2x100g,openfoodfacts,2
7630373400928,faustbrot prosciutto,Migrolino Truly Good,215.0,7.3,20.0,11.0,2 portion (220 g),,openfoodfacts,2
7630428785147,amandes aux biscuit,"Colussi S.p.A. - Nespresso - Nestlé, Nespresso",462.0,10.0,63.0,18.0,,120g,openfoodfacts,3
7630477890717,caffe verona,Starbucks,76.923076923077,7.6923076923077,15.384615384615,0.0,,,openfoodfacts,2
7640101093520,kochbutter,Zuger frischkase,744.0,0.5,0.5,82.2,,200g,openfoodfacts,1
7640102850016,haussauce,haus-sauce,646.0,1.3,1.6,70.3,,250ml,openfoodfacts,1
7640114461569,frischkase sundried tomato,Amsel-Spitz,217.0,11.0,7.0,16.3,,,openfoodfacts,3
7640140092775,cocoa nibs,PAKKA,500.0,13.0,54.0,27.0,,,openfoodfacts,2
7640146240170,coco pure,Coco Fit,22.0,0.0,5.5,0.0,,,openfoodfacts,2
7640151030247,coquins,Maitre Pâtissier,432.0,5.5,68.0,15.0,,,openfoodfacts,1
7640151714857,chiefs chips protein,Chiefs,391.0,26.0,50.0,9.0,100 g,,openfoodfacts,3
7640153564757,cfm kokos protein schoko whey,Lee-Sport,399.0,72.8,7.3,6.8,30 g,,openfoodfacts,5
7640166792734,bio bratkase,,320.0,23.0,3.1,24.0,,,openfoodfacts,2
7640341610150,mate,Urbandrins facrory,11.6,0.1,2.9,0.1,,,openfoodfacts,1
7640341610266,kombucha urban,,15.2,0.1,3.8,0.1,,,openfoodfacts,2
7640341610341,infusades,,11.2,0.1,2.8,0.1,330.0g,,openfoodfacts,1
7649988754753,smoked wood,Wild Foods,75.0,0.9,6.7,4.2,,,openfoodfacts,2
76601415,rebuanas,Hacendado,418.0,14.2,70.2,8.1,,,openfoodfacts,1
7683074124907,herbamare,A.Vogel,307.0,1.7,25.2,22.0,250 gram,250 gram,openfoodfacts,1
7700304212538,caiman pan tajado,Horneaditos,264.0,2.3,55.0,10.9,42g,500 g,openfoodfacts,3
7700304295616,maranones,Nuthos,596.666666666667,22.3333333333333,23.6666666666667,46.6666666666667,30 g,,openfoodfacts,1
7701001997896,crema de mani,Taeq,651.0,26.0,13.0,57.0,1 portion (20 g),,openfoodfacts,3
7701101356098,jamon p,Pietrán,276.190476190476,14.3,9.05,2.62,42 g,h,openfoodfacts,2
7701101358375,ahumada cerdo de tocineta,Zenú,405.0,12.0,0.2,39.0,0.5 slice (9 g),,openfoodfacts,4
7702001086023,bon yurt zucaritas,Alpina,77.6470588235294,1.69550173010381,14.878892733564,1.34948096885813,170 g,170 g,openfoodfacts,3
7702007090314,mimos,Jumbo,558.333333333333,7.91666666666667,58.3333333333333,32.5,1 portion (24 g),,openfoodfacts,1
7702024065173,deditos,Nestlé,484.0,5.1,73.0,19.0,7.6 g,,openfoodfacts,1
7702189028808,potato ships,Pepsico,531.25,6.25,50.0,37.5,32 g,32 g,openfoodfacts,2
7702206610672,arveja,Diana,326.666666666667,21.6666666666667,65.0,0.833333333333333,1 portion (60 g),,openfoodfacts,1
7702417000293,arepa,Don Maíz,131.0,3.0,30.0,0.0,1 serving (100 g),,openfoodfacts,1
7702439309480,maiz tierno,Bary,53.0769230769231,2.23076923076923,10.7692307692308,0.846153846153846,130 g,,openfoodfacts,2
7702535012079,quatro,Coca-Cola,30.0,0.0,7.5,0.0,400 ml,400 ml,openfoodfacts,1
7702914600491,brownie chocorramo mini,Ramo,490.0,6.5,65.0,23.5,1 portion (20 g),,openfoodfacts,3
7703386000154,arepas crunch de maiz,Sary,150.0,2.66666666666667,36.6666666666667,0.333333333333333,30 g,,openfoodfacts,4
7705326078261,artesano pan,Bimbo,278.0,11.0,56.0,1.6,0.5 slice (18 g),500 g,openfoodfacts,2
7707280880218,cumbre fuerte,Juan Valdez,396.6,14.4,40.2,15.4,,8.8 oz (250 g),openfoodfacts,2
7707292621861,maranon,Riovalle,613.333333333333,15.0,32.0,46.6666666666667,30 g,,openfoodfacts,1
7708017709307,acai,Amapuri,78.0,0.0,4.0,6.0,1 pack (100 g),,openfoodfacts,1
7708723442680,buttar kareem,Kareem,628.571428571429,1.71428571428571,3.42857142857143,67.1428571428571,0.5 tbsp (7 g),,openfoodfacts,2
7709985494721,chorizo santarrosano,Don Julio,310.0,20.0,3.4,24.0,0.5 chorizo (50 g),,openfoodfacts,2
7730903753378,ricardito,Haas,380.555555555556,3.88888888888889,63.8888888888889,12.7777777777778,1 portion (36 g),,openfoodfacts,1
7750243077637,a coco sabor tentacion,Victoria,465.116279069767,6.97674418604651,69.7674418604651,18.6046511627907,1 portion (43 g),,openfoodfacts,4
7750477720125,cookies quinoa,NUTRI CO,128.7,2.8,18.6,4.7,30g,30 g,openfoodfacts,2
7750481340463,nativas papas,Tiyapuy,571.428571428571,3.57142857142857,60.7142857142857,32.1428571428571,1 portion (28 g),,openfoodfacts,2
7750885022309,chips choco,Costa,476.470588235294,7.05882352941176,65.0,20.8823529411765,34.0g,,openfoodfacts,2
7752748008079,and fruit panettone raisins with,,375.0,6.25,48.75,17.5,1 SLICE (80 g),,openfoodfacts,5
7752992001994,mani tostado,Frutos y snacks,596.0,26.0,11.0,50.0,80,80g,openfoodfacts,2
7758585000023,crunch mani,Fit Food,596.875,22.1875,22.1875,50.0,32 g,,openfoodfacts,2
7770108600077,azucar refinado,"Aguaí,Azuquitar",410.0,0.0,99.8,0.0,,1 kg,openfoodfacts,2
7772500000004,fideos,"Lazzaroni,Inpastas",368.75,12.5,71.25,3.625,80 g,400 g,openfoodfacts,1
7772622212040,batido verde,MONTECRISTO,367.433333333333,14.8,67.0,4.1,30 g,630 g,openfoodfacts,2
7773400000019,pancrek,"La Francesa,Pancrek",421.0,13.1,72.9,9.5,10 galletas (75 g),1 kg,openfoodfacts,1
7773401002746,moraditas,"mabel's,Moraditas",415.0,11.0,73.0,8.3,10 galletas (30 g),90 g,openfoodfacts,1
7790040133488,sonrisas,Galletitas bagley,412.0,7.7,71.0,11.0,123.0g,108g,openfoodfacts,1
7790040143364,diversion,arcor,454.838709677419,6.7741935483871,70.9677419354839,15.8064516129032,31.0g,,openfoodfacts,1
7790040143692,banadas choco cookies,Cofler,487.878787878788,6.66666666666667,63.6363636363636,23.030303030303,2 galletas (33 g),132.8 g,openfoodfacts,3
7790040143937,rex traviata,Tex,470.0,9.0,63.3333333333333,19.3333333333333,30 g,96gr,openfoodfacts,2
7790040173200,kesitas,"Bagley,Kesitas",473.0,10.0,60.0,22.0,26 galletitas/snacks (25 g),125 g (4.4 oz),openfoodfacts,1
7790040719804,rex,Bagley,478.0,8.6,62.0,22.0,15 galletitas/snacks (31 g),125 g (4.4 oz),openfoodfacts,1
7790070104410,pistacho sabor,Chocoarroz,425.0,5.35714285714286,50.0,22.8571428571429,1 portion (28 g),,openfoodfacts,2
7790070433220,pan rayado,Preferido,108.0,2.7,20.0,1.9,3 tablespoon (100 g),,openfoodfacts,2
7790206006120,bocadito marroc,Felfort,304.0,6.0,29.6,18.0,,,openfoodfacts,2
7790310983256,iberico jamon minitostaditas twistos,Twistos,104.0,2.0,15.0,4.0,25g (3/4 taza),95g,openfoodfacts,4
7790310985649,doritos queso sabor,Doritos,504.0,6.0,64.0,24.8,1 portion (25 g),77g,openfoodfacts,3
77903501,opera,arcor,510.714285714286,5.35714285714286,67.8571428571429,22.8571428571429,,55g,openfoodfacts,1
7790387110159,mate yerba,Taragui,60.0,4.0,12.0,0.0,50 g,1000 g,openfoodfacts,2
7790538010406,arrocitas finas hierbas mini,Arrocitas,316.666666666667,8.33333333333333,66.6666666666667,1.66666666666667,30 g,,openfoodfacts,4
7790580056001,confitados,"sugus,Arcor",381.0,1.0,91.0,1.4,12 unidades (20 g),50 g,openfoodfacts,1
7790580119133,bon o,Bon o Bon,555.0,10.0,48.0,36.0,,450 g,openfoodfacts,2
7790580140434,extreme tubitos,Mogul,372.0,2.4,85.0,2.6,17.5g,70g,openfoodfacts,2
7790580200114,tiburoncitos,"Mogul,Arcor",97.0,0.0425,71.4625,4.7225,30 g,30 g,openfoodfacts,1
7790895640018,manzana powerade,"Coca-cola,Powerade",25.0,0.0,6.0,0.0,200ml,500 ml,openfoodfacts,2
7790895640025,bebida mountain powerade,Powerade,25.0,0.0,6.0,0.0,,500ml,openfoodfacts,3
7790895640452,aquarius manzana,Aquarius,32.0,0.0,7.5,0.0,200ml,500 ml,openfoodfacts,2
7790895641206,aquarius uva,Aquarius,32.0,0.0,0.0,0.0,200ml,500ml,openfoodfacts,2
7790895643743,ades manzana soja,,22.0,0.6,3.5,0.49,,200 ml,openfoodfacts,3
7791249451656,shot,Mondelez,552.0,11.2,52.0,33.6,90gr,90g,openfoodfacts,1
7791337009820,pro proteina ser,Ser,71.0526315789474,7.89473684210526,7.36842105263158,1.0,190 g,190g,openfoodfacts,3
7791337009851,descremado queso,LaSerenisima,130.0,6.33333333333333,10.0,7.0,30 g,460G,openfoodfacts,2
7791337061507,casanmcrem,La serenisima,153.333333333333,7.33333333333333,6.66666666666667,10.6666666666667,30g,500g,openfoodfacts,1
7791875006091,havanna,Havanna,381.818181818182,6.0,60.0,12.5454545454545,1 piece (55 g),330 g,openfoodfacts,1
7791913000746,pritty,,97.0,0.0,23.0,0.0,200.0g,,openfoodfacts,1
7792180138514,cokie,9 de oro,463.0,7.0,63.0,7.0,120.0g,,openfoodfacts,1
7793176000020,pepas,Tem-Flor,396.774193548387,5.16129032258065,67.741935483871,12.258064516129,1 portion (31 g),,openfoodfacts,1
7793450000524,ronda,hojaldre,530.0,8.33333333333333,53.3333333333333,30.6666666666667,30g,150,openfoodfacts,1
77940131,mani turron,Arcor,392.0,8.8,73.0,7.9,1 unidad (25 g),25 g,openfoodfacts,2
7794870000330,aceite,Bunge,830.769230769231,0.0,0.0,92.3076923076923,1 porci�n (12 gramos) (13 ml),900ml,openfoodfacts,1
7797906054925,noisette papas,Mc cain,163.529411764706,2.58823529411765,23.5294117647059,6.58823529411765,1 portion (85 g),600 g,openfoodfacts,2
7798085681599,citric de estacion frutos,,41.0,0.7,9.5,0.0,,500 ml,openfoodfacts,4
7798085681834,citric naranja,citric,42.0,0.5,10.0,0.0,100 ml,1 l,openfoodfacts,2
7798094223063,smack,,405.0,3.8,66.0,14.0,,,openfoodfacts,1
7798098028114,espinaca,Solimento,28.7,2.62,2.25,0.5,100 g,,openfoodfacts,1
7798151952950,crunchy de mani manteca,Mani King,538.0,23.0,17.0,47.0,20.0g,,openfoodfacts,4
7798174261039,extrememass,HochSport,400.0,25.0,66.0,3.9,100 g,,openfoodfacts,1
7798256540236,firme tofu,Soy land,107.5,15.0,6.5,2.5,40 g,,openfoodfacts,2
7798333090067,cacao muecas,Muecas,486.0,11.2,54.4,24.8,50g,45 g,openfoodfacts,2
77995681,rhodesia,Terrabusi,547.619047619048,4.76190476190476,66.6666666666667,29.047619047619,21g,22 g,openfoodfacts,1
7801268002668,de mariscos surtido,Nuestra Cocina,89.0,14.6,1.8,2.6,50g,,openfoodfacts,3
7801610461013,pera,AQUARIUS,456.923076923077,11.3846153846154,65.0,22.4615384615385,65.0g,,openfoodfacts,1
7801620011062,bosque de frutos mas sabor,+mas,3.0,0.0,0.2,0.0,200ml,600 ml,openfoodfacts,5
7801909000329,churrascos de vacuno,Líder,84.0,15.0,0.3,2.5,1 portion (44 g),,openfoodfacts,3
7802200270015,compota mifrut,Vivo,65.0,0.7,15.6,0.0,,90 g,openfoodfacts,2
7802200270039,compota de pera,Carozzi,64.444444444444,0.0,15.888888888889,0.0,90.0g,90 g,openfoodfacts,3
7802200270381,banana mifrut,Carozzi,88.888888888889,1.1111111111111,22.222222222222,0.0,,,openfoodfacts,2
7802215107139,bombones carezza,Costa,555.555555555556,3.26797385620915,62.0915032679739,32.6797385620915,3 bombones (30.6 g),,openfoodfacts,2
7802215301735,coco protein sabor vivo,Vivo,380.0,7.5,45.0,37.5,15g,40 g,openfoodfacts,4
7802215506079,brownie chips mini,,169.0,1.5,22.8,8.1,35.0g,,openfoodfacts,3
7802225426701,chubi,"Arcor,Chubi",478.0,2.5,71.0,20.0,,20 g,openfoodfacts,1
7802420010453,merken papas rusticas,Marco Polo,481.0,6.8,58.6,24.4,1 portion (30 g),,openfoodfacts,3
7802800533817,kryzpo,sabor cheddar,532.0,5.7,58.0,30.0,25 g,110g,openfoodfacts,1
7802800544318,naranja nectar,Livean,11.0,0.2,2.2,0.0,200ml,200ml,openfoodfacts,2
7802820678154,powerade rojo,POWERADE,21.0,0.0,4.9,0.0,200ml,,openfoodfacts,2
7802820685459,de durazno nectar,del Valle,13.0,0.1,2.5,0.0,200ml,200 ml,openfoodfacts,3
7802900004330,batifrut papaya,Soprole,97.0,3.0,15.0,2.2,165g,165g,openfoodfacts,2
7802900004613,cappuccino protein sabor,Soprole,56.0,6.0,4.9,1.4,200ml,200 ml,openfoodfacts,3
7802910009424,extra protein proteina,LONCO LECHE,65.0,8.8,5.9,0.7,1 portion (200 g),,openfoodfacts,3
7802930005741,chacra queso,QUILLAYES,156.666666666667,13.9,4.8,9.3,30g,350g,openfoodfacts,2
7803403004483,rapiditas,Ideal,270.0,9.0,48.0,4.6,50 g,200 g,openfoodfacts,1
7803500020492,aceite coco de,mi tierra,893.0,0.0,0.0,99.0,,350.0 g,openfoodfacts,3
7804603950464,quark ricotta,Villa Baviera,77.4,17.0,1.0,0.6,25 g,Peso Neto 200g,openfoodfacts,2
7804669360016,cabra maduro queso,Callaqui,347.0,20.3,2.6,28.4,1 portion (30 g),,openfoodfacts,3
7808743604386,avena instantanea unimarc,Unimarc,373.7,16.9,55.7,6.9,40g,900g,openfoodfacts,3
7808744501851,croissant jamon queso,Daily Fresh.,321.0,11.3,20.4,22.0,,125 g,openfoodfacts,3
7840055432295,coeur de jambon,Delpeyrat,128.0,1.7999999523163,18.299999237061,5.3000001907349,,,openfoodfacts,3
7860000000454,datteri,mariam,306.0,2.2,74.0,0.2,50 g,,openfoodfacts,1
7862119180034,de pan yuca,Degeremcia S.A.,363.63636363636,9.0909090909091,40.909090909091,18.181818181818,44 g (2 UNITS),400 g,openfoodfacts,3
7862129010024,cakes maiz,Dr Müller,25.0,1.0,5.0,0.0,6.38g,115,openfoodfacts,2
7891000379028,kitkat white,KitKat,530.120481927711,7.71084337349398,57.8313253012048,28.9156626506024,41.5 g (1 unidad),41.5 g,openfoodfacts,2
7891000379585,nescau,Nestlé,380.0,3.0,85.0,2.0,20g,,openfoodfacts,1
7891025699880,cremoso danone requeijao,DANONE,253.333333333333,10.3333333333333,4.66666666666667,21.3333333333333,30 g,200g,openfoodfacts,3
7891095031122,batata extra fina,Yoki,576.0,4.8,38.8,44.0,1 serving (100 g),120g,openfoodfacts,3
7892840822590,churrasco torcida,Torcida,558.0,9.5,51.0,35.0,60 g,60g,openfoodfacts,2
7892840823191,churrasco fofura,Fofura,471.0,6.2,71.0,18.0,1 portion (25 g),,openfoodfacts,2
7894900087079,de e maca soja suco,Ades,16.5,0.600000023841858,2.79999995231628,0.300000011920929,200.0g,,openfoodfacts,5
7894904219650,kibe,INCRÍVEL!,197.5,5.53668379166667,9.96153443333333,6.70592089166666,100 g,300 g,openfoodfacts,1
7896004008998,bacon cheddar e sabor,Pringles,510.0,4.3,58.0,29.0,25 g,,openfoodfacts,4
7896004011660,bacon down upside,Pringles,525.0,4.2,55.0,32.0,25 g,,openfoodfacts,3
7896022033026,com massa ovos parafuso,Isabela,131.0,3.5,28.0,0.5,1 portion (100 g),,openfoodfacts,4
7896051111702,desnatado itambe,Itambé,31.5,3.3,4.6,0.0,200 ml,,openfoodfacts,2
7896196600079,massa para pasteis,Nápoles,290.0,8.0,53.3333333333333,4.0,30.0g,,openfoodfacts,3
7896304100064,branco extra ovo,Avine,142.0,13.0,2.9,8.7,1 portion (100 g),,openfoodfacts,3
7896324241884,de massa tapioca,Mosmann,149.0,3.70000004768372,33.0,0.200000002980232,80.0g,,openfoodfacts,3
7896336002725,pacoca,Santa Helena,494.444444444444,20.0,40.0,32.7777777777778,1 portion (18 g),,openfoodfacts,1
7896369614452,conserva em seco tomate,Mariza,168.0,1.8,11.0,13.0,100 g,,openfoodfacts,4
7896565000769,doce pipoca,Gulozinha,354.0,5.5,83.0,0.0,,,openfoodfacts,2
7896653709505,amendoim bombom com,flormel,433.333333333333,11.6666664679845,50.0,26.666667064031,12.0g,,openfoodfacts,3
7896733400070,nata,Holandês,413.0,2.0,0.0,45.0,1 portion (15 g),,openfoodfacts,1
7897011000258,bananinha,Fazendinha Rio Pardo,317.391304347826,4.34782608695652,76.5217407889988,0.434782615174418,23 g,,openfoodfacts,1
7897195981336,maracuja nectar,Life,48.0,1.0,11.0,0.0,200 ml,,openfoodfacts,2
7897581800098,pao sovado,Sabores,306.0,10.0,60.0,3.8,60 g,,openfoodfacts,2
7898225527074,best cheesecake de maracuja whey,Atlhetica Nutrition,195.0,12.0,19.0,10.0,49g,,openfoodfacts,5
7898641071885,fresh whey,DUX,406.451612903226,64.5161290322581,23.2258064516129,6.12903225806452,31 g,,openfoodfacts,2
7898641077047,coco protein shake whey,Dux,45.2,6.0,4.4,0.36,1 serving (250 ml),,openfoodfacts,4
7898687737769,body neutro protein,Bodybalance,360.0,93.3333333333333,0.0,0.0,15 g,,openfoodfacts,3
7898765400059,amendoim de pasta,Lá Ganexa,518.0,19.0,31.0,35.0,,,openfoodfacts,3
7898955705162,caju para,a tal da castanha,51.0,2.0,2.3,3.7,1 serving (200 g),,openfoodfacts,2
7898961400648,pork pururuca rinds,Jack Links,460.0,62.0,2.7,22.0,,,openfoodfacts,3
7898971943197,berry red whey,ESSENTIAL NUTRITION,363.333333333333,73.3333333333333,17.0,0.0,30 g,,openfoodfacts,3
7898974830012,batata frita sr,Crac,124.0,1.6,19.0,4.9,1 portion (85 g),,openfoodfacts,3
7899941202306,dry shot,Max Titanium,340.0,0.0,84.0,0.0,1 scoop (5 g),,openfoodfacts,2
7904842006257,aveia carne com de panqueca,Painéis FIT,153.714285714286,13.7142857142857,10.2857142857143,6.0,350 g,,openfoodfacts,5
7908793300624,brainstorm coffee,Essential Nutrition,279.569892473118,22.5806451612903,31.1827956989247,6.45161290322581,9.3 g,,openfoodfacts,2
8000005026014,di fio neve,Trevalli Cooperlat,301.0,2.2,12.0,27.0,,,openfoodfacts,3
8000020001874,asti cinzano sekt,Cinzano,660.1,0.0,0.0,0.0,,0.75l,openfoodfacts,3
8000050014998,macarrao,Grande Itália,367.0,13.0,69.0,3.40000009536743,100 g,,openfoodfacts,1
8000050028292,e pistacchio ricotta,Tigullio,365.0,2.8,13.0,33.0,100.0g,185g,openfoodfacts,3
8000050833407,risotto,Star,113.0,2.1,24.0,0.8,,,openfoodfacts,1
8000070063143,espresso maestro,Lavazza,396.6,14.4,40.2,15.4,,,openfoodfacts,2
8000080005577,corny nuts,Corny,550.0,17.0833333333333,37.9166666666667,35.8333333333333,1 barretta (24 g),,openfoodfacts,2
8000139002007,pate schiaffoni,Garofalo,357.0,14.0,73.0,1.0,,500g,openfoodfacts,2
8000300287097,crunch noir,Nestlé,509.0,5.9,54.4,27.3,16.7 g,2 * 100 g (200 g),openfoodfacts,2
8000300313994,cookie maxibon,"Maxibon,Nestlé",355.0,4.1,39.4,19.8,,,openfoodfacts,2
8000300408010,festive friends,"Nestlé, Smarties",531.0,7.6,57.4,29.6,,65g,openfoodfacts,2
8000300433937,break easter kitkat,KitKat,540.0,6.6,55.4,31.7,,243 gr,openfoodfacts,3
8000300437584,baci,Perugina,564.0,7.3,49.2,38.2,,,openfoodfacts,1
8000320010118,cirio diced rosii tomatoes,"Cirio, Cirio La polpa rustica",27.0,1.1,4.4,0.2,1 portion (100 g),400g,openfoodfacts,4
8000430030181,certosa,Galbani,274.0,12.0,2.5,24.0,1 portion (100 g),156 g,openfoodfacts,1
8000430386516,paesano,Galbani,499.0,43.0,3.0,35.0,,80g,openfoodfacts,1
8000500023976,bonbons,Raffaello Confetteria,627.0,7.4,38.6,48.3,1 piece (10 g),150 g,openfoodfacts,1
8000500180709,bueno kinder mini,Kinder,572.0,8.6,49.5,37.3,5.4 g,108 g,openfoodfacts,3
8000500248744,fiesta,Ferrero,449.0,3.8,54.9,20.8,36g,360 g ( 10 x 36 g),openfoodfacts,1
8000500269169,cards kinder,"Ferrero,Kinder",510.0,11.5,55.9,26.3,2256 g (KINDER CARDS),128 g,openfoodfacts,2
8000500283158,brioss,Kinder,422.0,9.4,47.0,21.0,27g,270 g,openfoodfacts,1
8000500289877,kinder schokobons white,"Ferrero, Kinder",577.0,10.3,47.3,38.3,5.8 g (KINDER SCHOKOBONS),200 g,openfoodfacts,3
8000500384794,kinder tronky,Kinder,522.222222222222,9.8,57.1,27.8,18 g,90 g (5 x 18 g),openfoodfacts,2
8000500391228,kinder kinderini,Ferrero,494.0,5.9,66.8,22.1,1 biscuit (12.5 g),250 g,openfoodfacts,2
8000500434123,crispy kinder,Kinder,573.0,7.8,51.8,36.8,34 g,34 g,openfoodfacts,2
8000500435700,proteines,EAT NATURAL,497.5,21.6,31.6,30.3,40g,45g,openfoodfacts,1
8000500447130,kinderini,Kinder,508.0,6.0,67.9,23.0,,100g,openfoodfacts,1
8000633051679,tomino,Unes,309.0,21.0,0.0,25.0,,,openfoodfacts,1
8001069989970,arborio rizotto,tarantola,350.0,7.4,78.0,0.6,,1 kg,openfoodfacts,2
8001100071022,zeropiu,Balocco,503.916449086162,7.0,68.0,16.0,,,openfoodfacts,1
8001115477598,frits petits poissons,Medusa,231.0,13.0,6.5,17.0,,120 g,openfoodfacts,3
8001120667328,benessere dop feta si,,275.0,16.0,1.0,23.0,150.0g,,openfoodfacts,4
8001120671875,cremosa ricotta,Coop,144.0,11.0,2.5,10.0,,,openfoodfacts,2
8001120685322,arachidi tostate,"Coop, Spesotti coop",636.0,28.0,7.3,53.0,,500gr,openfoodfacts,2
8001120689047,chips di verdure,Coop,481.0,4.6,41.0,29.0,,80 g,openfoodfacts,3
8001120767974,cremoso mix,BeneSi,66.9216061185468,2.7,15.0,3.1,,,openfoodfacts,2
8001120905796,crescenza,Coop BeneSì,157.575757575758,13.0,1.89999997615814,23.0,165.0g,,openfoodfacts,1
8001230050454,pecorino,Giovanni Ferrari,411.0,28.0,0.6,33.0,,100 g,openfoodfacts,1
8001250009234,di patate tronchetti,De Cecco,155.0,3.3,32.0,1.0,,500g,openfoodfacts,3
8001300244813,ceci di zuppa,Despar,103.0,4.7,15.0,2.2,250 g,500 g,openfoodfacts,3
8001420004137,riso,"gallo, Riso Gallo S.P.A.",208.0,4.7,41.0,2.3,100 g,250g,openfoodfacts,1
8001543000030,carnia di esse,Vogrig,455.0,6.9,73.0,15.0,,230 g,openfoodfacts,3
8001585001040,max mix,Balconi,427.0,5.6,55.0,20.0,35 g,350 g  x 35 g),openfoodfacts,2
8001585001224,cacao trancetto,Balconi,369.0,5.1,57.0,13.0,28g,280 g,openfoodfacts,2
8001585001354,coconut max mix,Balconi,440.0,6.2,51.0,23.0,35g,10*35 g - 350 g,openfoodfacts,3
8001585001507,abricot trancetto,Balconi,378.571428571429,6.07142857142857,57.1428571428571,14.6428571428571,28.0 g,280 g,openfoodfacts,2
8001585008063,noisette wafers,Balconi,520.0,6.2,62.0,26.8,,175g,openfoodfacts,2
8001585008391,cake strawberry,Balconi,356.0,3.5,56.5,12.8,,400g,openfoodfacts,2
8001620019504,care skin,Kéfir Brand,16.0,1.1,2.9,0.0,220 ml,220 ml,openfoodfacts,2
8001665725118,and pecorino sauce sundries tomato,Rana,257.0,5.5,6.1,23.0,1 portion (100 g),,openfoodfacts,5
8001665732192,cheese four rana sauce,,266.0,4.5,3.9,21.0,,,openfoodfacts,4
8001735032238,mix proteico,Life,562.0,17.0,21.0,44.0,1 portion (100 g),,openfoodfacts,2
8002050045002,hawaii pizza,Mantua Surgelati,216.0,8.5,31.0,5.9,,,openfoodfacts,2
8002190006611,riso su,Galbusera,433.0,10.3,70.9,11.3,,508 g,openfoodfacts,2
8002225650383,bio kostka pomidory,,19.3,0.86,2.49,0.26,,400 g,openfoodfacts,3
8002270206801,aranciata,"Nestlé, San Pellegrino",35.0,0.4,8.1,0.0,,33 cl,openfoodfacts,1
8002270376979,ciao,,3.0,0.0,0.4,0.0,,,openfoodfacts,1
8002330028657,bianco kefir,Esselunga,43.0,3.3,4.0,1.2,,480 g,openfoodfacts,2
8002330029845,crema e patate porri,Esselunga,35.0,1.8,3.4,1.2,1 portion (310 g),,openfoodfacts,4
8002330033088,bevanda di soia,Esselunga,43.0,3.9,1.6,2.1,,1000 ml,openfoodfacts,3
8002330102876,burro,Esselunga,752.0,0.6,0.7,83.0,,,openfoodfacts,1
8002333008588,rosmarino spaccatoni,Panealba,405.0,14.0,70.0,6.8000001907349,,,openfoodfacts,2
8002333008908,crucystiks snack,Panealba,459.0,11.0,64.0,17.0,,,openfoodfacts,2
8002333011625,nostrani,Panealba,437.0,12.0,68.0,12.0,,,openfoodfacts,1
8002333011632,rubata,Panealba,441.0,11.0,66.0,14.0,,,openfoodfacts,1
8002333012226,i tesoretti,Panealba,466.0,11.0,63.0,18.0,,150 g,openfoodfacts,2
8002333022683,biscotti petit,dolcezze del forno,427.0,7.5,76.0,9.7,6 g,,openfoodfacts,2
80023470,pasta pesto tartufo,Garnd'Italia,383.0,3.8,6.0,38.0,100 g,185 g,openfoodfacts,3
8002367000015,antica corte,Pastificio Temporin,305.0,13.0,46.0,7.6,,250 g,openfoodfacts,2
80024132,pastasaus,Grand italia,94.7478583333333,1.80489916666667,8.154355,5.50915666666667,80 ml,400 ml,openfoodfacts,1
8002415801007,confiserie,Liking,378.0,0.0,94.0,0.5,,,openfoodfacts,1
8002510120201,di passata pomodoro,Longobardi,33.0,1.5,7.0,0.5,,360 g ℮,openfoodfacts,3
8002580015933,cucina da panna,"Chef, Parmalat",132.0,2.9,6.4,10.5,125 g,,openfoodfacts,3
8002590091170,misura,Misura,440.0,15.0,49.0,18.0,,,openfoodfacts,1
8002630008243,baby pandoro,Melegatti,400.0,8.75,48.75,20.0,80 g (80 g),,openfoodfacts,2
8002670008838,proteica ricotta,GRANAROLO,95.0,8.5,4.0,5.0,100 g,250g,openfoodfacts,2
8002710100010,kase parmesan,Zanetti,507.0,43.0,0.5,37.0,,40 g,openfoodfacts,2
8002790068194,uova,"Eurovo, Le Naturelle, Naturelle",140.0,12.7,0.27,9.83,,8,openfoodfacts,1
8002885002430,protein sino super,FIORENTINI,395.0,26.0,46.0,10.0,20 gg,20g,openfoodfacts,3
8002895034988,chicche di patate,Crai,159.0,3.7,35.0,0.4,,,openfoodfacts,3
8003000000515,budino cremoso,"Dr. Oetker, Cameo",124.0,4.5,22.0,1.9,1 portion (100 g),130 g,openfoodfacts,2
8003039012671,chitarra fresca pasra,Maffei,285.0,0.070000000298023,51.900001525879,3.2000000476837,,250 g,openfoodfacts,3
8003100013521,avena di fiocchi,PIU PRO,373.0,21.0,52.0,7.0,100,,openfoodfacts,3
8003100800572,corn pop,selex,503.0,10.0,50.0,27.0,,,openfoodfacts,2
8003100846839,entier yaourt,selex,67.0,4.0,4.8,3.5,,1 kg e,openfoodfacts,2
8003100962065,passata pomodoro,Selex,25.0,1.6,3.8,0.5,,690 g,openfoodfacts,2
8003130129544,rustica,San Carlo,503.0,7.4,55.0,27.0,1 100 (100 g),50 g,openfoodfacts,1
8003130329616,cheese dixi,San Carlo,531.0,6.3,58.0,30.0,25 g,40g,openfoodfacts,2
8003130640186,carre pan,San Carlo,276.0,7.9,50.0,4.9,220,220g,openfoodfacts,2
8003170078888,dop feta,Conad,278.0,17.0,0.7,23.0,,200g,openfoodfacts,2
8003170089358,bacon fette,Conad,465.0,15.0,0.0,45.0,,100 g,openfoodfacts,2
8003170094017,di passato verdure,Conad,38.0,0.7,6.0,1.0,310 g,620g,openfoodfacts,3
8003170094031,contadina zuppa,Conad,77.0,1.0,12.0,2.6,1 portion (310 g),620g,openfoodfacts,2
8003170096028,pane soffice,Conad,258.126195028681,7.7,46.0,3.9,1 portion (30 g),,openfoodfacts,2
8003180033921,avena protein,Orasì,40.0,2.2,3.3,2.0,100.0g,1L,openfoodfacts,2
8003340046167,noccionoir,"Lindt, Lindt & Sprüngli",564.0,6.2,48.0,37.0,,,openfoodfacts,1
8003410212652,intermezzo,Segafredo,396.6,14.4,40.2,15.4,,,openfoodfacts,1
8003410311140,kava zrnkova,Segafredo,396.6,14.4,40.2,15.4,,500 g,openfoodfacts,2
8003430865128,bernardo bio peche san the,,30.0,0.0,7.4,0.0,,,openfoodfacts,5
8003495104019,zucca,Orogel,30.0,1.2,5.5,0.0,,450 g,openfoodfacts,1
8003495510896,edamame verduri,Orogel,49.6666666666667,4.0,2.8,2.0,100 g,,openfoodfacts,2
8003753158648,espresso intenso,Illy,396.6,14.4,40.2,15.4,,57 g,openfoodfacts,2
8003753900490,caffe decaffeinato,Illy,4.0,0.2,0.5,0.06,,250 g,openfoodfacts,2
8003753918198,espresso foncee torrefaction,illy,1.0,0.2,0.3,0.0,,250 g,openfoodfacts,3
8003753979014,caffe,illy,1.0,0.2,0.3,0.0,,,openfoodfacts,1
8004225044414,a arrosto fette tacchino,CasaModena,91.0,20.0,1.2,0.7,1 serving (110 g),110 g,openfoodfacts,4
8004263913185,pane per tramezzini,Pam & Panorama,253.0,8.4,46.0,3.6,,250 g,openfoodfacts,3
8004263919293,con finocchio mix,Pam,20.0,1.1,2.9,0.0,,350,openfoodfacts,3
8004671001320,di farina istantanea mais,Molino Zanone,352.0,6.3,77.0,1.5,,400 g,openfoodfacts,4
8004708043774,curcuma macinata,"Drogheria & Alimentari, La Drogheria",291.0,9.68,44.4,3.25,,110 g,openfoodfacts,2
8004800003409,mini party wafers,Gastone Lago,516.0,5.8,61.8,26.7,,125,openfoodfacts,3
8004800003607,cocoa mini party,Gastone Lago,473.0,4.5999999046326,60.900001525879,29.700000762939,,,openfoodfacts,3
8005110001574,di pesto pomodoro verde,Mutti,267.0,3.7,5.2,25.0,,180 g,openfoodfacts,4
8005153004761,di fresco pesto suino,,239.0,17.0,0.0,19.0,,,openfoodfacts,4
80052043,fresh mint tac tic,tictac,397.0,0.1,97.5,0.5,1 piece (0.5 g),18 g,openfoodfacts,4
8005221109619,bianco pane,Buongiorno Natura,256.0,8.0,47.0,5.4,,"0,4 kg",openfoodfacts,2
80052456,happy hippo kinder,Kinder,588.0,8.5,50.3,38.9,,,openfoodfacts,3
8005350021707,yomo,"Granarolo, Yomo",127.0,3.2999999523163,18.0,4.3000001907349,,250 g,openfoodfacts,1
8005510003727,monini pesto,Monini,390.05737,4.1,6.4,39.0,,190 g,openfoodfacts,2
8005695004779,carciofi di pesto,D'Amico,392.0,2.3,7.2,38.7,,,openfoodfacts,3
8005912003967,crackers hot rice,"Mocerino, Selezione Natura",557.0,3.6,60.0,33.0,,,openfoodfacts,3
8006073276085,bio combe,Pasticceria del Castello,408.0,8.3,52.0,18.0,,,openfoodfacts,2
8006103102476,burata fresca,Caseificio Pugliese,239.0,11.0,1.39,21.0,1 serving (100 g),120G,openfoodfacts,2
8006791000689,bio burrata,L'Italie du Bio,149.0,13.0,0.7,27.0,,400 g,openfoodfacts,2
8007049512282,freecrock,Melinda,433.0,7.4,60.0,17.0,18 g,,openfoodfacts,1
8007141520000,crudo firmati i prosciutto,ROVAGNATI,252.0,27.0,0.0,16.0,90 g,,openfoodfacts,4
8007537006644,chips potato premium,Fox,130.0,7.1,56.8,28.4,,,openfoodfacts,3
8007660156186,di parma proscuito,Fratelli Beretta,266.666666666667,26.6666666666667,0.0,16.6666666666667,30 g,2 x 150 g,openfoodfacts,3
8007660486634,affumicata bacon fette pancetta,Fratelli Beretta,465.0,14.0,1.0,45.0,,100 g,openfoodfacts,4
8007910001006,cuori,Prada,488.0,7.5,65.5,20.9,,400,openfoodfacts,1
8008110004323,viennese,AIA,231.0,14.0,19.0,11.0,100 g,,openfoodfacts,1
8008110034092,di petto tacchino,AIA,96.0,18.0,2.5,1.5,1 felie (20 g),120 g,openfoodfacts,3
8008440249265,asahi,"Asahi, Peroni",40.0,0.3,2.8,0.0,,500 ml,openfoodfacts,1
8008685000492,incarca se,La Mole,444.0,12.0,60.0,16.0,4 BREADSTICKS (25 g),,openfoodfacts,2
8008696026092,panfette,Nutri Free,229.0,3.0,40.0,5.5,,300 g,openfoodfacts,1
8008696032628,tramezzino,Nutrifree,244.0,1.1,44.0,6.8,100.0g,,openfoodfacts,1
8008698008997,mix rustico,Schär,326.0,6.1,63.0,2.6,,1kg,openfoodfacts,2
8008714003524,amica chips,Amica Chips,555.0,6.5,54.0,34.0,,,openfoodfacts,2
8009030060604,chiacchiere,Piuma d'Oro,540.0,6.6,58.0,31.0,,250 g,openfoodfacts,1
8009095025839,benessere ossa,Mukki,48.0,3.3,5.0,1.6,,,openfoodfacts,2
8009140001153,crauti,Zuccato,62.0,1.3,3.3,4.1,,,openfoodfacts,1
8009355002778,farina proteica,Lo Conte Le Farine Magiche,358.0,51.5,29.4,4.0,100 g,,openfoodfacts,2
8009361016950,bio crunchy,Fuchs,445.0,9.0,60.0,17.0,1 serving (100 g),,openfoodfacts,2
8009750937491,chips mix verdure,Esselunga,334.705882352941,1.88235294117647,35.2941176470588,19.4117647058824,170 g,,openfoodfacts,3
8010024001114,damandes pates,,613.0,6.7,45.9,44.4,,,openfoodfacts,2
8010053015793,pancake,Naturelle,250.0,7.9,43.0,5.7,,,openfoodfacts,1
8010121042058,by day,cerealitalia,406.0,6.6,70.0,10.0,26 g,,openfoodfacts,2
8010895001145,cerstvy syr,Tomini,234.0,15.0,3.0,18.0,1 serving (100 g),,openfoodfacts,2
8011515961238,farro soffiato,Colfiorito,334.0,15.0,62.0,2.2,,,openfoodfacts,2
8012584900203,bocconcini cricche,Del Campo,239.0,12.0,14.0,13.0,,,openfoodfacts,2
8012666039340,cornetti mini,Carrefour,371.0,6.1,59.0,12.0,,150 g,openfoodfacts,2
8012900000518,aristides feta,as,257.0,17.0,0.0,21.0,,200 g,openfoodfacts,2
8013266701002,dicocco farro,Prometeo,274.4,9.9,67.0,2.5,,,openfoodfacts,2
8013355500158,cacao pavesini,"Pavesi, Pavesini",384.0,7.9,79.1,3.1,,200 g,openfoodfacts,2
8013367034382,pesto,Costa Ligure,442.0,5.7,9.3,42.0,25.0g,,openfoodfacts,1
8014745043316,affumicata bastoncini di scamorza,Caseificio Palazzo,310.0,25.0,0.8,23.0,28 g,250 g,openfoodfacts,4
8015559004999,pesto verdo,"Kaufland, Polli, Take it Veggie",319.0,3.8,7.5,30.0,,190g,openfoodfacts,2
8016182000235,di scottona tartare,Carnitalia,99.0,20.0,0.5,2.2,,,openfoodfacts,3
8017596001269,bistecchine di impanate mare,"Athena, Eurospin",239.0,11.0,19.0,13.0,100g,300g,openfoodfacts,4
8017596008374,capperi,Eurospin,42.0,2.0,4.5,0.8,100g,120 g,openfoodfacts,1
8017596009449,antonio fonte s,"Blues, Eurospin",0.0,0.0,0.0,0.0,,"1,5l",openfoodfacts,3
8017596010742,rustiche,Rumbo Kids,524.0,6.1,53.0,31.0,200g,200g,openfoodfacts,1
8017596070449,conetti di mais,Mambo Kids,506.666666666667,5.0,58.0,28.0,,100g,openfoodfacts,3
8017596118271,trofie,Tre Mulini,282.0,8.175,53.7,0.9375,100 g,500 g,openfoodfacts,1
8017596127044,coppata pancetta,"Amo Essere, Eurospin",252.0,22.0,0.5,18.0,,,openfoodfacts,2
8019007004234,di sori trofie,Pastificio Novella,276.0,9.0,57.0,0.8,,,openfoodfacts,3
8019010097971,biscotti petit secchi,Si essenziali,428.0,9.19999980926514,76.0,9.10000038146973,62.5g,,openfoodfacts,3
8019315070341,wiener,Recla,231.0,12.0,0.8,20.0,100 g,180 g,openfoodfacts,1
8019315070358,meraner,Recla,221.0,14.0,0.7,18.0,,220g,openfoodfacts,1
8019730092935,boost,MD,51.0,0.0,12.4,0.0,,,openfoodfacts,1
8019760992946,carciofi di pate,Terre del Sud,289.0,0.7,1.1,31.0,,90 g,openfoodfacts,3
8019816003114,bread crispy pizza,perino & perino,393.0,11.79,67.14,8.21,1 ONZ (28 g),150g,openfoodfacts,3
8020622123484,piadina,La Piadivina,293.333333333333,6.9,49.0,7.2,1 portion (100 g),360 g,openfoodfacts,1
8020929112303,aromatici tomini,Pezzana,223.0,12.0,3.7,18.0,,,openfoodfacts,2
8020929112457,tomini,Pezzana,337.0,20.0,1.8,28.0,,,openfoodfacts,1
8022966310001,maniva,Maniva,0.0,0.0,0.0,0.0,1 L,1 L,openfoodfacts,1
8024370068677,pancacao,La Buona Pasticceria,469.885277246654,7.5,68.0,18.0,1 Biscotto (9.3 g),,openfoodfacts,1
8024370100353,di pizza tranci,"Penny,Mantua Surgelati",216.0,8.7,27.0,7.6,400 g,1200 g (3 x 400 g),openfoodfacts,3
8024581001685,bio spinacino,Almaverde,35.0,3.4,2.9,0.7,100 g,,openfoodfacts,2
8026160007705,riccotta,Caseificio Valcolatte,186.0,8.4,2.2,16.0,100 g,250 g,openfoodfacts,1
8028169208930,cioccopunta pistacchio,Piaceri Mediterranei,496.0,3.0,60.0,25.0,18 g,,openfoodfacts,2
8028257002785,di parma prosciutto,"Negroni,Veronesi,parma",253.0,27.0,0.5,16.0,,90 g,openfoodfacts,3
8029251003112,meat you,"Centro Carni Company, You & Meat",143.0,18.0,0.0,7.9,,,openfoodfacts,2
8029781011137,pennetta,Giurin,356.0,12.0,73.0,1.0,,,openfoodfacts,1
8030582007953,arrosto di fesa tacchino,Primia,96.0,20.0,1.8,1.0,,120 g,openfoodfacts,4
8030582503363,crema di peperoni,"Il Gusto Contadino, Primia",174.0,1.7,13.0,12.0,,180 g,openfoodfacts,3
8031420009337,amaretti misti,Antica pasticceria Jole,480.0,12.0,58.0,20.0,,,openfoodfacts,2
8032001845627,di parma prodciuto,Parma,253.0,27.0,0.5,16.0,100 g,,openfoodfacts,3
8032644770102,frico,Cosoni,572.0,44.0,0.0,39.0,,,openfoodfacts,1
8032668172609,kiwi mini,NEGRI,52.0,0.9,12.2,0.8,,125 g,openfoodfacts,2
8032680751905,mocaccino,Caffitaly,410.0,6.1,81.2,6.3,1 capsula (15 g),,openfoodfacts,1
8032685820026,marzano pomodoro san,Solania,28.0,1.3,5.5,0.1,,,openfoodfacts,3
8032697208911,bruschetta mediterranea,,286.0,3.6,2.3,28.0,,,openfoodfacts,2
8032790610932,spinaci,Le delizie dell'orto,28.7,2.62,2.25,0.5,,500g,openfoodfacts,1
8032817246526,de passata romates,Agromonte,32.0,1.2,5.5,0.5,,550g,openfoodfacts,3
8032817246625,cherry marinara pasta sauce tomato,Agromonte,75.1,2.0,7.5,4.3,100 g,3x 720 ml,openfoodfacts,5
8032817248629,cherry pasta sauce tomato,Agramonte Sicilia,160.423263888889,2.8025,4.98444444444445,13.9185763888889,2 tasse (125 ml),2160 ml,openfoodfacts,4
8032817248858,cerises jaunes sauce tomate tomates,,35.0,1.0,5.9,0.5,,,openfoodfacts,5
8032891540909,arrosto tacchino,macelleria toscana,108.0,22.0,1.3,1.6,100 g,,openfoodfacts,2
8032894522223,torta zucchine,Scelto Da Noi,165.0,7.7,17.0,8.0,,250 g,openfoodfacts,2
8032942610100,couscous medio,Martino,360.0,13.0,74.0,1.6,50g,1 kg,openfoodfacts,2
8032998906905,epeautre pain,Dailybread,233.0,9.2,39.0,4.0,1 slice (62.5 g),,openfoodfacts,2
8033064960050,caserecce,PastaJesce,352.0,14.0,73.0,1.6,,500 g,openfoodfacts,1
8033520510218,avena e noci,"MaxiDì,Vitalibre",114.0,3.2,16.0,3.6,125g,125 g,openfoodfacts,3
8033629409758,coconut pro snack,Lindahl’s,322.0,16.1,36.8,18.1,40 gram,40 gram,openfoodfacts,3
8033803638639,kebab,,180.0,25.10000038147,2.1199998855591,7.9000000953674,,,openfoodfacts,1
8033874850398,scottona tartare,Lanza,111.0,21.0,0.8,2.0,160 g,2 x 80 g,openfoodfacts,2
8034066307546,avena e kefir noci,"Milk,NÖM",107.0,4.0,12.0,4.7,1,150 gr,openfoodfacts,4
8034140266264,biscotti di prosto,Pasini Matilde,497.0,6.01,67.96,22.05,100 g,,openfoodfacts,3
80365716,affumicata pancetta,"Montorsi, Negroni",293.0,17.0,0.0,25.0,,2 x 100 g,openfoodfacts,2
80459323,conad natura verso,"Conad, Verso Natura",171.0,0.6,42.0,0.0,,,openfoodfacts,3
8050534141801,avena con di farina pasta,Pasta Natura,324.0,12.0,44.0,4.9,,,openfoodfacts,5
8051128533002,bianca cotta panna,Azienda Agricola Fusero,183.0,3.7,15.0,12.0,,125 g ℮,openfoodfacts,3
8051763023937,savoiardi,Fior di Forno,397.0,8.5,81.0,4.0,,,openfoodfacts,1
8052236000325,affettato fresco,Sisa,325.0,5.0,5.0,23.0,,,openfoodfacts,2
8052575091527,bio confituren,Rigoni di Asiago,96.0,0.5,22.0,0.0,1 portion (15 g),240 gram,openfoodfacts,2
8052575091541,aardbeien bio natu,Rigoni di Asiago,85.0,0.5,19.0,0.5,100 gram,240 grammes,openfoodfacts,3
8052575091596,natu,Rigoni di Asiago,635.0,28.0,11.0,52.0,20.0g,,openfoodfacts,1
8052745703038,affumicato tofu,Io Veg,149.0,16.0,0.7,9.0,1 confezione (175 g),175 gr,openfoodfacts,2
8053323424413,chufa di farina,ioboscovivo,465.0,5.4,43.0,26.0,,250 g,openfoodfacts,3
8053323643845,bruschetta fresca,LaSelva,99.0,0.84,2.93,9.03,1 flask (180 g),,openfoodfacts,2
8053435775878,beef carpaccio,Do fortu,121.0,24.0,0.7,2.5,1 portion (100 g),,openfoodfacts,2
8053808791511,base pinsa,Eurospin,114.8,2.83999996185303,19.6,2.63999996185303,250.0g,,openfoodfacts,2
8054317709127,kaki,,68.6,0.88,14.3,0.15,,1 kg,openfoodfacts,1
8055176740740,campania risotto,Solleone,358.0,10.5,75.0,1.2,,,openfoodfacts,2
8056772551051,pici,Della Lunigiana,346.0,11.0,72.0,1.5,,,openfoodfacts,1
8057192005353,breeze icy,,3.0,0.0,0.0,0.0,,,openfoodfacts,2
8057204094313,a carciofi spicchi,S Budget,32.0,2.0,1.9,0.5,,,openfoodfacts,3
8057681453030,cotti spinaci,Le Cotte,41.0,4.0,7.0,0.80000001192093,,,openfoodfacts,2
8059070740844,au focaccia romarin,L'Italie des pizzas,275.0,11.0,42.0,7.0,,300 grs,openfoodfacts,3
8059386950180,fiocchetti,,475.0,8.8,68.1,18.3,,,openfoodfacts,1
8059513021684,busiate,Past’Oro,307.0,11.1,60.1,1.1,,,openfoodfacts,1
8059575080353,tartufotti,Lavoratti,541.0,6.6,32.0,43.0,,,openfoodfacts,1
8059777940745,cacahuete sauce,,596.0,11.0,40.0,43.0,,,openfoodfacts,2
80626688,teneroni,"Casa Modena,Granterre",200.0,16.0,2.5,14.0,,150 g,openfoodfacts,1
8067632318301,choceur,,544.0,6.0,57.0,32.0,,,openfoodfacts,1
80730460,mentos,Mentos Pure Fresh,183.0,0.0,73.0,0.4,,100 g,openfoodfacts,1
80730477,fresh pure,Mentos,181.0,0.0,73.0,0.0,,100g,openfoodfacts,2
80730781,fresh mint pure,mentos,183.0,0.0,73.0,0.2,,,openfoodfacts,3
80730798,fresh mentos pure,Mentos,183.0,0.0,74.0,0.3,,,openfoodfacts,3
80731825,fresh mentos mint pure,"Mentos, Perfetti",180.0,0.0,74.0,0.0,2 g,60 g e,openfoodfacts,4
8076809513395,pastasauce pomodoro,Barilla,77.0,1.8,9.1,3.0,,400g,openfoodfacts,2
8076809520003,dacqua fiori,Mulino Bianco,409.0,11.0,73.0,7.0,,250 g,openfoodfacts,2
8076809576574,pesto rustico,Barilla,159.0,2.0,8.2,12.5,100 g,200g,openfoodfacts,2
8076809579575,abbracci,Mulino Bianco,481.818181818182,7.0,62.9,22.0,11g,700 g,openfoodfacts,1
8076809582452,care pan,MulinoBianco,285.0,8.1,51.0,0.5,1 slice (18 g),285,openfoodfacts,2
8076809582803,intrecci,MULINO BIANCO,464.0,7.7,60.0,20.0,1 biscotto (12 g),300 g,openfoodfacts,1
8076809586375,baiocchi,Mulino Bianco,517.857142857143,7.5,60.7142857142857,27.1428571428571,1 portion (28 g),,openfoodfacts,1
80785385,two,tictac,244.0,0.1,97.6,0.8,,"38,5g",openfoodfacts,1
80803805,arance di imp preparazione,Zuegg,56.0,0.6,75.0,0.0,,220 gr,openfoodfacts,4
80835516,mentos white,Mentos,173.0,0.0,68.0,0.6,,,openfoodfacts,2
80867067,bueno dark kinder,Kinder,582.0,8.9,50.7,37.5,1 tsp (100 g),,openfoodfacts,3
80943914,anacardi,Conad,595.0,17.0,32.0,39.0,100 g,,openfoodfacts,1
80974482,boy joy kinder,"Kinder, คินเดอร์",550.0,0.0,60.0,30.0,20g,20g,openfoodfacts,3
80988915,mentos mint sweet white,Mentos,172.0,0.0,70.0,0.0,1.5g,112.5 g,openfoodfacts,4
8171774021118,chicken fried korean,Duca,160.0,14.2,18.2,3.0,,,openfoodfacts,3
82722722,coaties crispy,,479.0,7.6,66.0,20.0,,,openfoodfacts,2
8333656393434,creme de secret,,250.0,2.3,3.9,25.0,,,openfoodfacts,3
8402001019715,proteinas,Hacendado,84.0,10.0,5.04,2.72,125 g,,openfoodfacts,1
8402001023477,bifidus coco cremoso probioticos,"Hacendado,bifidus",84.8,4.72,9.6,3.12,1 unit (125 g),500 g (4 x 125 g),openfoodfacts,4
8402001026447,bizcocho de nuez,Hacendado,436.0,9.5,45.0,24.0,410 g,,openfoodfacts,3
8402001030536,bombitas,hacencado,464.0,6.8,67.0,18.0,100 g,,openfoodfacts,1
8402001042270,cebo de iberico jamon,LA HACIENDA IBÉRICO,295.8,36.5,1.0,16.2,8.3 g,,openfoodfacts,4
8402001043550,mayonesa,hacendado,599.0,0.6,2.4,65.0,500 ml,,openfoodfacts,1
8402001043635,atum pasta,Hacendado,178.0,10.65,3.6,13.0,,,openfoodfacts,2
8402001046483,fusion pistacho,Hacendado,541.0,9.9,52.0,32.0,13.5 g,,openfoodfacts,2
8402001047534,kebab pizza,Mercadona,242.0,10.9,25.9,10.2,1 portion (100 g),,openfoodfacts,2
8410014477750,chocomix,"Nocilla,Idilia Foods",539.0,4.2,60.0,31.0,15g,360g,openfoodfacts,1
8410022000285,bombon donuts,Donuts,479.0,6.6,42.0,31.0,,110 g,openfoodfacts,2
8410022012110,cana choco crema y,Qe,428.0,4.9,51.0,22.0,,,openfoodfacts,4
8410022100015,bastonets dip,Bollycao,481.0,7.7,64.0,21.0,,,openfoodfacts,2
8410022109643,donuts,"Bimbo Donuts Iberia,Donuts,Bimbo",409.0,5.8,46.0,22.0,52g,208 g,openfoodfacts,1
8410022116719,donettes rayados,Donettes,437.0,3.7,39.0,29.0,,176 g,openfoodfacts,2
8410031945737,peppermint,Smint,238.0,0.0,97.0,0.4,,"35g, 50 stuks",openfoodfacts,1
8410031965674,chupa chups,Chupa Chups,386.0,0.0,95.0,0.2,,1200 g,openfoodfacts,2
8410036009090,freixenet,Freixenet,74.0,0.0,3.0,0.0,,750ml,openfoodfacts,1
8410060840003,canitas fuet minutes,Espuña,394.0,26.0,5.0,30.0,,50g,openfoodfacts,3
8410066138777,frito tomato,Heinz,73.0,1.1,9.3,3.5,,212g,openfoodfacts,2
8410066139385,frito heinz tomate,Heinz,71.0,1.20000004768372,8.39999961853027,3.59999990463257,330.0g,,openfoodfacts,3
8410066145096,heinz,Curry Mango,325.0,0.7,17.0,28.0,100 g,,openfoodfacts,1
8410074002695,jamon pannini queso y,Dr. Oetker,272.0,11.0,27.0,13.0,125g,250 g,openfoodfacts,4
8410076410122,sauce taco,OLD EL PASO,43.0210325047801,1.33333333333333,8.66666666666667,0.666666666666667,15 g,,openfoodfacts,2
8410076475633,kit soft street taco vibes,Old El Paso,243.0,6.5,45.2,3.6,1 portion (100 g),,openfoodfacts,5
8410076491916,tacokrydder,OLD EL Paso,286.0,8.9,40.0,6.9,25g,,openfoodfacts,1
8410087016450,zebras,Dulcesol,514.0,4.1,54.0,31.0,40g,120 g,openfoodfacts,1
8410087024806,cana crema,Dulcesol,398.0,3.8,56.0,17.0,1 pastry (50 g),250 g,openfoodfacts,2
8410087080499,cacao pandorino,Dulcesol,367.0,7.1,52.0,14.0,45 g,135 g,openfoodfacts,2
8410087141206,bracito fresa sabor,DULCESOL,534.285714285714,3.0,66.0,11.0,,,openfoodfacts,3
8410087573380,cake pistacho,Dulcesol,396.0,3.8,63.0,14.0,36 g,,openfoodfacts,2
8410087654607,azucar donuts,Hnos Juan,436.0,5.3,51.0,23.0,,,openfoodfacts,2
8410091025011,hornimans infusion te verde,"Hornimans,Jacobs Douwe Egberts",0.0,0.0,0.0,0.0,,30 g,openfoodfacts,4
8410099573675,weikis,La bella easo,346.0,8.5,48.0,12.0,,160g,openfoodfacts,1
8410100024301,bonka descafeinado,Nestlé,396.6,14.4,40.2,15.4,,250 g,openfoodfacts,2
8410109116991,huesitos,Valor,506.0,6.2,62.0,26.0,,,openfoodfacts,1
8410127012626,potax,"Maizena,Unilever",350.0,0.5,87.0,0.5,,192 g,openfoodfacts,1
8410128191214,boom fresa,Okey,62.9333333333333,1.92,11.2,1.12,187.5 ml,750 ml,openfoodfacts,2
8410131088303,tunak,Kaufland,100.0,23.0,0.7,0.6,,,openfoodfacts,1
8410175083678,frutas variadas,Hero baby,61.0,0.8,13.0,0.3,1 serving (100 g),,openfoodfacts,2
8410184021104,minuutje rijst tover,Lassie,150.0,2.3,29.0,1.7,1 serving (100 g),,openfoodfacts,3
8410184027816,ohra riisi,Risella,344.0,9.3,70.0,1.7,1 portion (100 g),,openfoodfacts,2
8410184029445,cous,brillante,170.0,6.1,29.0,2.4,125 g,250 g (2 x 150 g),openfoodfacts,1
8410192512212,cafe descafeinado,fortaleza,318.0,12.5,1.0,15.3,2 g,250 g,openfoodfacts,2
8410199023070,campesinas sabor,"Lay's,PepsiCo",503.333333333333,6.0,53.3333333333333,28.6666666666667,30 g,150 g,openfoodfacts,2
8410199023148,fritas jamon patatas,"PepsiCo,Ruffles",505.0,6.1,54.2,28.6,,150g,openfoodfacts,3
8410199023155,a sabor yorkeso,"Ruffles,PepsiCo",511.0,6.6,51.0,30.0,1 portion (30 g),150g ℮,openfoodfacts,3
8410199025302,mediterraneas,Lays,511.0,5.6,58.0,28.0,,120G,openfoodfacts,1
8410199026378,fritos matutano,PepsiCo,526.0,5.7,55.0,30.0,49 g,,openfoodfacts,2
8410199026859,doritos mex tex,Doritos,480.0,6.8,61.0,22.0,,,openfoodfacts,3
8410199026989,cheetos mix u,Lay’s,505.0,6.3,59.0,26.0,30 g,,openfoodfacts,3
8410199140401,a chicho jamon sabor,"Ruffles,PepsiCo",512.0,6.5,51.0,30.0,,45 g,openfoodfacts,4
8410199150905,rizos sabor,Cheetos,504.0,5.9,63.0,26.0,30 g,100 g,openfoodfacts,2
8410199451422,tobosines,Sonrics,350.0,3.5,76.0,3.5999999046326,,50 g.,openfoodfacts,1
8410223620022,marquesas,Delaviuda,423.0,10.0,45.0,22.0,,,openfoodfacts,1
8410223875101,cosecha duro propia turron,"Almendro, El Almendro",575.0,18.4,30.0,41.3,,,openfoodfacts,4
8410246662665,azucar fresa menta sin y,Mentolin,10.0,0.0,0.0,0.0,"3,5",100 g,openfoodfacts,5
8410297120152,montar nata,Central Lechera Asturiana,360.0,1.8,2.7,38.0,,500 ml,openfoodfacts,2
8410297121104,azucarada montada nata,"Capsa Food,Central Lechera Asturiana",306.0,2.4,11.0,28.0,15 g,250 g,openfoodfacts,3
8410300100775,de sopa sopinstant verduras,Gallina Blanca,31.0,0.4,5.5,0.8,200 ml,48 g,openfoodfacts,4
8410300351108,curry yatekomo,Gallina Blanca,95.0,2.0,13.0,3.9,,61 g,openfoodfacts,2
8410300361121,hot spicy yatekomo,Gallina Blanca,476.666666666667,10.5,63.3333333333333,20.0,60 g,60 g,openfoodfacts,3
8410315059037,atun en tomate,,228.0,14.0,2.0,18.0,,,openfoodfacts,3
8410320001816,cocido extra finissimas jamon,Campofrío,109.0,21.0,0.5,2.5,100g,115 g.,openfoodfacts,4
8410320004374,baviera,Campofrio,197.0,13.0,2.5,15.0,,,openfoodfacts,1
8410320005449,fuet mini,Campofrío,510.0,29.0,4.1,42.0,,50 g,openfoodfacts,2
8410320005463,chorizo mini snackin,Campofrio,438.0,22.0,1.6,38.0,,,openfoodfacts,3
8410320127912,chorizo iberico,Navidul,454.0,25.0,0.8,39.0,70 g,70 g,openfoodfacts,2
8410320374453,chips meat,Snackin for You,375.0,70.0,2.5,10.0,1 pack (20 g),,openfoodfacts,2
8410320382106,ahumado bacon sabor,Oscar Mayer,221.0,21.0,0.5,15.0,100 g,100g,openfoodfacts,3
8410320394437,de jamon pavo,Campofrio,86.0,11.5,5.5,2.0,,70grs,openfoodfacts,3
8410320416955,arte natur,Campofrío,114.0,25.0,0.0,1.5,1 package (90 g),90g,openfoodfacts,2
8410342004796,dark fondant,Torras,600.0,10.0,19.0,48.0,100g,100 gr,openfoodfacts,2
8410344900072,sabores,Serpis,151.1,1.4,2.0,15.5,,300 g,openfoodfacts,1
8410376009415,azucares chip choco sin zero,Gullón,458.0,5.9,64.0,24.0,9.6 g,125 g,openfoodfacts,5
8410376040739,biscuits maria,Gullon,408.0,7.0,75.0,11.0,6g,400g,openfoodfacts,2
8410376048384,moment,"Gullón, Moment",490.0,5.7,66.0,22.0,,100 g,openfoodfacts,1
8410376051940,bites chia mini quinoa,Gullón,479.0,8.2,58.0,22.0,,250 g,openfoodfacts,4
8410376055818,chips choco zero zuccheri,Gullón,454.0,11.0,63.0,24.0,,,openfoodfacts,4
8410376057348,twins,Gullón,464.0,4.5,72.0,17.0,,5 x 44 g,openfoodfacts,1
8410376075946,bites chia mini quinoa y,GULLON,479.0,8.2,58.0,22.0,,160g (40g x 4),openfoodfacts,5
8410379914945,ao camembert crema,President,262.0,9.8,1.7,24.0,,125 g,openfoodfacts,3
8410379914952,cheddar crema queso,Reny Picot,268.0,13.5,1.8,23.0,,,openfoodfacts,3
8410379914983,cabra crema de queso,Reny Picot,281.0,11.0,5.2,24.0,,125 g,openfoodfacts,4
8410416003588,de menestra verduras,Carretilla,103.0,2.6,4.9,7.3,300 g,300 g,openfoodfacts,3
8410422001929,mostaza moutarde,Chovi,102.0,3.9,6.3,6.0,,,openfoodfacts,2
8410486078400,jumbo queso,Oscar Mayer,228.0,15.0,1.6,18.0,,,openfoodfacts,2
8410486078738,ave pavo todo,Oscar Mayer,211.0,11.0,1.2,18.0,40 g,200 g (5 x 40 g),openfoodfacts,3
8410486104246,cebo iberico jamon,Navidul,320.0,30.0,0.5,22.0,70 g,,openfoodfacts,3
8410494300036,cafeina max pepsi zero,Pepsi,0.5,0.1,0.1,0.0,330 ml,,openfoodfacts,4
8410494303082,kas naranja,KAS,20.6060606060606,0.0,4.84848484848485,0.0,330 ml,330 ml,openfoodfacts,2
8410500001001,activia con fresas,"Activia, Danone",91.0,3.8,12.7,2.8,120 g,500ge (125gx4),openfoodfacts,3
8410500001223,cuajada,Danone,94.0,4.9,6.7,5.3,135 g,270 g (2 * 135 g),openfoodfacts,1
8410500003937,azucarada cuajada,Danone,113.0,4.6,12.3,5.0,,270 g (135 g x 2),openfoodfacts,2
8410500008376,activia con pera,Danone,92.0,3.7,12.8,2.8,125g,125 g,openfoodfacts,3
8410500009670,bifidus con desnatado frutos rojos,Danone,48.0,4.8,6.2,0.1,,500 g (4x125g),openfoodfacts,5
8410500015787,danonino fresa sabor,Danone,88.0,5.9,11.3,2.1,50 g,300 g (50g x 6),openfoodfacts,3
8410500016012,beber danonino fresa para sabor,Danone,70.0,2.8,10.9,1.6,,400 g (100 g x 4),openfoodfacts,5
8410500017712,activia cremoso,Danone,98.0,4.1,13.6,3.0,,480 g (120g x 4),openfoodfacts,2
8410500025021,danone fresa oikos,Danone,147.0,3.1,14.6,8.2,110g,110g x4,openfoodfacts,3
8410500029791,fresa proteina,DANONE,49.0,6.0,5.8,0.2,270 g,270 g / 265 ml,openfoodfacts,2
8410500031916,proteina yopro,Danone,53.0,9.4,3.6,0.1,1 portion (150 g),,openfoodfacts,2
8410525248122,mix red sensation,Fini,362.0,1.7,86.0,1.2,,,openfoodfacts,3
8410525253911,choco crunchy,Fini,464.0,6.0,65.8,19.7,,,openfoodfacts,2
8410564003294,chips iberico jamon premium,Frit Ravich,516.0,6.6,49.0,31.0,,150 g.,openfoodfacts,4
8410564008183,pipas tostadas,Frit Ravich,641.0,30.0,4.4,55.0,30 g,,openfoodfacts,2
8410564014092,anacardos,Frit Ravich,615.0,21.0,17.0,50.0,,90g,openfoodfacts,1
8410564032119,ruedas,Frit Ravich,522.0,4.7,57.0,30.0,,85 g,openfoodfacts,1
8410564035066,autenticas caseras paja patatas,Frit Ravich,544.0,6.5,57.0,31.0,,,openfoodfacts,4
8410573103671,popitas,,439.0,8.0,62.0,15.0,,100 g,openfoodfacts,1
8410634014663,cabra sabanitas,Hochland,207.0,15.0,5.9,13.0,,,openfoodfacts,2
8410637115671,aceite de tortas,Inés Rosales,493.0,6.0,61.0,24.0,30g,180 g (6 x 30 g),openfoodfacts,3
8410637116029,aceite azucar de sin tortas,Inés Rosales,519.0,7.6,57.0,28.0,,180 g,openfoodfacts,5
8410637116234,aceite de naranja tortas,Ines Rosales,498.0,6.2,61.0,25.0,,120 g,openfoodfacts,4
8410679001406,seduccion,Trapa,549.0,4.5999999046326,57.0,33.0,,57 g,openfoodfacts,1
8410707009497,de fraise jus,,49.0,0.3,11.6,0.1,,,openfoodfacts,3
8410707124152,de pina zumo,Juver,25.0,0.2,5.7,0.1,,,openfoodfacts,3
8410712001509,coco sabor wafer,Coral,447.0,6.09999990463257,63.0,23.0,30.0g,150 g,openfoodfacts,3
8410762005014,espetec,Casa Tarradellas,421.0,27.5,1.4,34.0,1 porción (100 g),180 g,openfoodfacts,1
8410762220028,atun bacon fresca pizza y,Casa Tarradellas,263.0,14.0,27.0,11.0,,405 g,openfoodfacts,5
8410762220035,fresca pizza romana,Casa Tarradellas,218.0,11.9,24.2,8.2,410 g,410 g,openfoodfacts,3
8410762220059,fresca jamon pizza queso y,Casa Tarradellas,56.0493827160494,3.45679012345679,6.22222222222222,1.85185185185185,50.6 g,405g,openfoodfacts,5
8410762220585,fresca pepperoni pizza,Casa Tarradellas,296.0,14.4,27.6,14.2,,400 g,openfoodfacts,3
8410762220615,carbonara fresca pizza,Casa Tarradellas,253.0,12.1,29.8,9.1,,400g,openfoodfacts,3
8410762220646,fresca jamon pizza serrano,Casa Tarradellas,261.0,15.5,28.6,9.4,,390 g,openfoodfacts,4
8410762250018,mixto sandwich,Casa Tarradellas,248.0,14.2,29.4,8.2,1 serving (120 g),240 g (2 x 120 g),openfoodfacts,2
8410764010337,fuet tapas,Argal,500.0,24.0,2.0,44.0,,,openfoodfacts,2
8410843012559,bien cocido jamon star,Elpozo,94.0,18.5,1.5,1.5,,75 gramos,openfoodfacts,4
8410843012801,fiambre pavo sandwich,Elpozo,101.0,9.5,9.0,3.0,,270 g,openfoodfacts,3
8410843013662,curado jamon mini taquitos,Elpozo,232.0,30.0,0.0,12.0,,65 g,openfoodfacts,4
8410843032915,curado duroc jamon,ElPozo,232.0,30.0,0.0,12.5,,80 g,openfoodfacts,3
8410843090212,cerdo de iberica manteca,"ElPozo,Legado Ibérico",897.0,0.1,0.0,99.7,,,openfoodfacts,4
8410843124757,bienstar cocido extra jamon,ElPozo,93.5,19.0,1.0,1.5,,,openfoodfacts,4
8410843141563,extra jamon,ElPozo,111.0,19.4,0.5,3.5,,130 g,openfoodfacts,2
8410843145462,fiambre york,ELPOZO,112.571701720841,11.0,8.0,4.0,,250,openfoodfacts,2
8410909140219,anacardos fritos,ferradura,581.0,16.8,30.1,47.7,,,openfoodfacts,2
8411034100581,espetec fuet,,438.0,26.0,2.4,36.0,,,openfoodfacts,2
8411049027859,cortado queso semicurado,Gran Capitán,421.0,25.0,1.5,35.0,,,openfoodfacts,3
8411092731031,maracuya nestea,Nestea,17.0,0.0,4.1,0.0,,,openfoodfacts,2
8411241505001,bizcocho casero coca,,405.0,5.8,50.4,20.0,,375 g,openfoodfacts,3
8411402050005,cereza fresquito,Fiesta,398.0,0.0,99.9,0.0,,17g,openfoodfacts,2
8411402232708,cereza kojak,Fiesta,351.0,0.0,88.2,0.0,,,openfoodfacts,2
8411500115354,azucar mix sin sour,Damel,179.0,5.0,79.0,0.0,,,openfoodfacts,4
8411500117105,mix sweet,Damel,339.0,5.7,79.0,0.0,,,openfoodfacts,2
8411700005844,batido de fresa,Puleva,58.0,3.0,9.2,1.0,,pack6,openfoodfacts,3
8411735401109,en sardinas tomate,TEJERO,140.0,19.0,1.0,10.0,,,openfoodfacts,3
8411763135557,de pate pato,La Cuina,420.0,10.0,2.0,42.0,,,openfoodfacts,3
8411800376554,trina,TriNa,20.0,0.0,4.3,0.0,,"1,5 l",openfoodfacts,1
8411814110601,chistorra,ARGAL,271.032504780114,3.0,20.0,46.0,,,openfoodfacts,1
8411823062113,fresa nata taco,miguelañez,360.0,1.7,85.0,1.4,,,openfoodfacts,3
8411859553500,pajitas,Risi,480.0,1.6,70.5,21.0,,,openfoodfacts,1
8411859561796,jamon patatas queso y,Risi,500.0,6.3,58.0,26.0,,,openfoodfacts,4
8412242600016,cuajada de oveja,Cañada Real,95.0,5.87,4.45,6.0,,140 g,openfoodfacts,3
8412289006796,cortado ya,García Baquero,384.0,22.5,1.6,32.0,,200 gr,openfoodfacts,2
8412540008842,pate superior surtido,,313.0,7.9,2.9,30.0,,4 x 75 g,openfoodfacts,3
8412600019832,oroweat,"Oroweat,Bimbo",271.232876712329,10.958904109589,41.0958904109589,5.47945205479452,36.5 g,550 g,openfoodfacts,1
8412600025536,pantera rosa,Bimbo,426.0,3.5,56.0,20.0,53g,159 g,openfoodfacts,2
8412600027530,bony,Bimbo,415.0,4.0,53.0,20.0,55 g,3 x 55 g (165 g),openfoodfacts,1
8412600049389,buckin ranch,Takis,511.0,6.1,55.0,29.0,,,openfoodfacts,2
8412600061848,zombie,Takis,512.0,5.0,56.0,29.0,,,openfoodfacts,1
8412669210058,mondadas nueces,Frumesa,696.0,16.0,11.0,64.0,,150 g,openfoodfacts,2
8412755130215,proteinas sport tufruti,,65.0,2.1,12.0,0.0,,90 g,openfoodfacts,3
8413080001416,cacao crema de dos sabores,Gourmet,547.0,2.9,61.0,32.0,,,openfoodfacts,5
8413080001720,ahumado bacon,Gourmet,320.0,15.0,2.0,28.0,,,openfoodfacts,2
8413080001737,bacon en tiras,gourmet,320.0,15.0,2.0,28.0,,2 x 100 g,openfoodfacts,3
8413080002291,cacao crema de,Gourmet,559.0,2.7,62.0,33.0,,,openfoodfacts,3
8413080016144,cacahuete crema de,Gourmet,612.0,30.4,6.8,49.4,,500g,openfoodfacts,3
8413080018476,anis de tortas,,527.0,7.0,58.0,29.0,,,openfoodfacts,3
8413080108832,curado de jamon taquitos,gourmet,252.0,27.0,0.2,16.0,,2 x 75 g,openfoodfacts,4
8413080343905,chips fritas patatas,Gourmet,538.0,6.7,51.2,32.5,,,openfoodfacts,3
8413080377801,te verde,Gourmet,1.0,0.1,0.2,0.0,,,openfoodfacts,2
8413080475873,chips fritas jamon patatas sabor,Gourmet,135.0,1.75,0.2,8.25,,,openfoodfacts,5
8413098080373,en jamon serrano taquitos,Navidul,212.0,30.0,0.5,10.0,,"100 g, 50 x 2 g",openfoodfacts,4
8413164016992,piponazo,Grefusa,258.0,14.0,1.8,21.0,,95g,openfoodfacts,1
8413164019177,frutas frutos secos snatts y,Grefusa,582.0,19.0,21.0,45.0,,,openfoodfacts,5
8413164020913,natuchips,Grefusa,451.0,5.5,65.0,17.0,,85 gr.,openfoodfacts,1
8414024080160,cerdo de panceta,famila,440.0,16.0,1.0,41.0,,,openfoodfacts,3
8414071096435,arandanos,Auchan,69.0,0.5,14.0,0.5,100 g,,openfoodfacts,1
8414077114423,rosquitos,,400.0,0.2,58.0,13.3,,,openfoodfacts,1
8414100304753,tonica zero,Schweppes,2.0,0.0,0.0,0.0,330 ml,330 ml,openfoodfacts,2
8414192313268,weider,Weider,355.0,80.0,3.7,1.8,,,openfoodfacts,1
8414807560650,conos,Consum,508.0,4.7,62.0,27.0,30 g,,openfoodfacts,1
8414807561077,pasas,Consum,291.0,2.5,66.0,1.1,5 g,,openfoodfacts,1
8414807561749,aros avena de,Consum,400.0,13.0,67.5,6.5,40 g,400 g,openfoodfacts,3
8420309210085,baby fritas habas,peña torcal,102.0,5.0,9.2,6.2,,,openfoodfacts,3
8420335000315,pistacho tostado,los sabrosos,582.0,16.0,23.0,45.0,,,openfoodfacts,2
8420335978010,don pipo,,576.0,28.0,20.0,42.0,,,openfoodfacts,2
8420335978027,pipas,,581.0,27.0,21.0,42.0,,,openfoodfacts,1
8420335990616,fruit sec,,570.0,13.0,37.0,39.0,,,openfoodfacts,2
8420759200001,sarria verdejo,Sarría,73.2,0.72,15.7,0.16,,,openfoodfacts,2
8420878606623,jamon pizza queso y,Auchan,223.0,12.0,26.0,7.5,,,openfoodfacts,4
8421167010534,cherry romatomaten,Greenyard Fresh Spain,19.3,0.86,2.49,0.26,,250g,openfoodfacts,2
8421167023206,cucumber,,14.0,0.6,1.8,0.2,,,openfoodfacts,1
8421384085544,de jamon taquitos,Incarlopsa,234.2,33.7,1.0,10.6,,2 × 100 g,openfoodfacts,3
8421439000126,abanicos artesanos,Rifacli,393.0,7.0,83.0,3.0,1 abanico (7 g),,openfoodfacts,2
8421464013382,manicas pipas,,579.0,15.0,22.0,48.0,,,openfoodfacts,2
8421691365018,avena centeno con pan y,Alipende,280.0,8.0,51.9,3.3,,,openfoodfacts,5
8421691881068,air fryer horno patatas prefritas,Alipende,150.0,2.0,25.0,4.1,,,openfoodfacts,5
8422424101200,mission,,313.0,7.5,51.8,7.9,,,openfoodfacts,1
8422598050144,duroc raza,La Hoguera,450.0,25.1,3.7,36.3,,100 g,openfoodfacts,2
8422598051073,duroc jamon raza reserva serrano,La Hoguera,329.79998779297,33.299999237061,0.10000000149012,21.799999237061,,,openfoodfacts,5
8422823120147,macarron,Coviran,364.961759082217,12.0,68.0,2.0,,500 g,openfoodfacts,1
8422823120345,tiburon,Coviran,545.0,8.2,87.3,0.5,,500 g,openfoodfacts,1
8422947510480,bio chick croquetas end,Soria Natural,215.0,6.8,26.0,8.4,31 g,,openfoodfacts,4
8422975916001,arbequina,Auchan,819.0,0.0,0.0,91.0,,500 ml,openfoodfacts,1
8423018110219,dore sesame,,600.0,20.8,9.85,49.7,,,openfoodfacts,2
8423102210207,queso snacks,ANITIN,353.795815043222,12.1,51.6,26.9,71 g,142g,openfoodfacts,2
8423207000086,tortitas,"Bicentury,Nutrition & Santé",468.0,7.1,69.0,17.0,"una tortita 16,3 g","130,4 g (4 x 2 x 16,3 g)",openfoodfacts,1
8423207201315,de maiz tortitas,"Bicentury,Nutrition & Santé",379.0,7.7,81.0,2.0,"1 tortita 7,5 g",130 g,openfoodfacts,3
8423207213417,bbq tortita,Bicentury,416.0,21.0,52.0,13.0,,,openfoodfacts,2
8423389022883,cuit dindiot pit,,88.0,17.0,1.0,2.0,,,openfoodfacts,3
8424058000515,atun sandwich,Ñaming,250.0,10.0,26.0,12.0,1 portion (140 g),130g,openfoodfacts,2
8424058040559,atun pro sandwich,Naming,262.906309751434,12.2,22.3,13.6,1 package (175 g),,openfoodfacts,3
8424465910568,ah donuts mini,AH,442.778952205882,5.39660845588235,45.2890854779412,25.8321231617647,,,openfoodfacts,3
8424818350270,cabra de queso,Froiz,312.0,16.0,1.9,27.0,16 g,,openfoodfacts,3
8425545122628,chiffonnade jambon serrano,Boadas,254.0,27.0,0.5,16.0,,100 g,openfoodfacts,3
8425553001120,de soria torreznos,Moreno Saez,272.0,27.8,0.8,17.5,,,openfoodfacts,3
8425887005146,cacao chips cookies,,441.0,0.6,76.0,15.0,,150 g,openfoodfacts,3
8425899810110,aove,Arbolé,823.0,0.0,8.0,100.0,,,openfoodfacts,1
8426460000268,chorizo fresco,Moreno Plaza,444.0,14.8,0.73,42.4,,,openfoodfacts,2
8426460001791,zurrapa,Moreno Plaza,693.0,7.2,4.0,73.9,,,openfoodfacts,1
8426460003580,sobrasada,Moreno Plaza,442.0,0.76,8.34,45.6,,,openfoodfacts,1
8426617001414,cherries,Haribo,329.0,5.7,75.0,0.5,1 portion (100 g),,openfoodfacts,1
8426617002534,tropifrutti,Haribo,349.0,4.5,82.0,0.5,25g,100 g,openfoodfacts,1
8426617003289,fresones,Haribo,344.0,3.9,85.0,0.5,25g,100 g,openfoodfacts,1
8426617003913,favoritos red white,Haribo,356.0,2.6,79.0,3.2,25g,90 g,openfoodfacts,3
8426617004989,stixx strawberry,Haribo,379.0,2.0,81.0,4.7,1 portion (100 g),,openfoodfacts,2
8426617005641,favoritos haribo redwhite,HARIBO,359.0,3.2,78.0,4.0,,150g,openfoodfacts,3
8426617005658,favoritos,Haribo,334.0,4.4,80.0,0.5,,150g,openfoodfacts,1
8426617005863,de haribo oro ositos,Haribo,333.0,5.5,77.0,0.5,2.4 g,,openfoodfacts,4
8426617014087,funky mix,Haribo,354.0,4.1,80.0,2.0,25g,100 g,openfoodfacts,2
8426911006979,curada panceta troceada,Vallina,380.0,20.0,0.5,33.0,,,openfoodfacts,3
8427009100999,iberique saucisson,,459.0,29.6,1.6,36.7,,,openfoodfacts,2
8427149571314,cumbiconos,Cumba,540.0,4.1,56.0,32.5,,130g,openfoodfacts,1
8427926103912,chirizo iberico,,497.0,25.0,22.0,44.0,,,openfoodfacts,2
8428764099009,bao chino pan,Fanya,265.0,7.2,51.0,3.5,,,openfoodfacts,3
8429390003071,oveja queso,,467.0,26.0,1.0,40.0,,,openfoodfacts,2
8429390050808,chusco de oveja queso reserva,,470.0,25.0,1.0,40.0,,,openfoodfacts,5
8429583022742,tonijnstukken,Ribeira,102.0,24.0,0.0,0.7,112 g,,openfoodfacts,1
8429874262055,bravo,Plaza del Sol,497.0,6.0,51.6,28.4,100.0g,,openfoodfacts,1
8431707000086,naranja zumo,Granini,91.777,0.524625,20.611935,0.174875,,330 ml.,openfoodfacts,2
8431707000123,pina sur zumo,Granini,51.0,0.5,11.8,0.5,,33 cl.,openfoodfacts,3
8431707067621,naranja,Granini,31.0,0.5,6.2,0.5,,,openfoodfacts,1
8431876097306,croquetas jamon,Carrefour,190.0,3.3,29.0,6.5,,500 g,openfoodfacts,2
8431876261653,bocaditos,Carrefour,464.0,6.1,48.0,27.0,,370 g,openfoodfacts,1
8431876261660,bocaditos cacao,Carrefour,500.0,5.4,51.0,30.0,,500 g,openfoodfacts,2
8431876261677,azucar con redondos,"Carrefour, Carrefour classic",436.0,5.3,51.0,23.0,,200 g,openfoodfacts,3
8431876261714,mini redondos,"Carrefour, Carrefour classic",521.0,4.0,49.0,34.0,,160 g,openfoodfacts,2
8431876275414,carrefour chorizo extra,Carrefour,354.0,19.0,2.0,30.0,,,openfoodfacts,3
8431876277623,cebo de jamon,carrefour,333.0,34.0,0.69999998807907,22.0,,11,openfoodfacts,3
8431876282528,maxi sandwich,Carrefour,123.0,12.0,11.0,3.5,,450 g,openfoodfacts,2
8431876282634,chopped,Carrefour,172.0,11.0,5.0,12.0,,250 g,openfoodfacts,1
8431876289473,extra fuet,Carrefour,455.0,26.0,2.3,38.0,170 g,,openfoodfacts,2
8431876309478,atun empanada,Carrefour,216.0,6.9,20.0,12.0,,300 g,openfoodfacts,2
8431876327052,cacahuete pistacho y,Carrefour,581.0,25.0,20.0,43.0,,180g,openfoodfacts,3
8431876327618,braseado cocido extra jamon,Carrefour,94.0,18.5,1.5,1.5,,,openfoodfacts,4
8431876346961,de jamon mini taquitos,Carrefour,249.0,23.0,1.0,17.0,90.0g,,openfoodfacts,4
8431876353112,brioche trenzado,Carrefour,341.0,7.7,54.0,10.0,,,openfoodfacts,2
8431876353853,sobaos,Carrefour,458.0,6.1,56.0,23.0,1 portion (24 g),,openfoodfacts,1
8432022001574,batido fresco queso,Auchan,61.0,10.0,4.0,0.5,1 portion (250 g),500 g,openfoodfacts,3
8432292263757,de marques rioja vitoria white,Marqués de Vitoria,73.2,0.72,15.7,0.16,,,openfoodfacts,5
8432292290753,crianza de marques rioja vitoria,Marqués de Vitoria,73.2,0.72,15.7,0.16,,,openfoodfacts,5
8433329055307,navideno surtido,El Corte Inglés,459.0,11.0,43.0,27.0,,,openfoodfacts,2
8434164454423,phoskitos,Phoskitos,422.0,4.7,59.0,18.0,38g,38 g,openfoodfacts,1
8434165488656,surtido,Cuétara,491.0,6.0,66.0,22.0,,420 g,openfoodfacts,1
8434702003687,tiras,Cocinera,266.0,16.0,23.0,12.0,100 g,,openfoodfacts,1
8435068853121,hawai,,25.0,0.0,6.0,0.0,,,openfoodfacts,1
8435173013977,avena crunchy,Veritas,427.0,9.4,66.0,13.0,,,openfoodfacts,2
8435434371433,mix sofrito,cn de navarra,47.3333333333333,1.0,7.7,1.2,1 portion (100 g),,openfoodfacts,2
8436000463972,pizza tortita,Adelis,241.0,10.3,28.2,9.4,137 g,,openfoodfacts,2
8436006919176,sirope,,304.0,25.0,72.0,0.0,,,openfoodfacts,1
8436008300002,ciabatta rustica,Proceli,282.0,2.3,54.0,5.4,,2 x 60 g,openfoodfacts,2
8436012967277,casa medrano piperade,,67.3,1.0,8.3,3.4,,,openfoodfacts,3
8436018478296,cebo chorizo de iberico,,430.0,27.0,1.7,34.0,,,openfoodfacts,4
8436026531068,bizcocho casero con nueces,Carrefour,457.0,4.1,31.0,25.9,,,openfoodfacts,4
8436026538012,bizcocho casero,,455.0,5.5999999046326,46.200000762939,27.5,,,openfoodfacts,2
8436030522427,fruto nuez seco,Hiper Dino,16.0,15.0,14.0,65.0,,100 g,openfoodfacts,3
8436036186258,octopus sour,Trolli,340.0,4.9,76.0,0.0,,100 g,openfoodfacts,2
8436042308040,fideos soja verde,Tiger Khan,369.0,44.9,15.4,4.82,,200 g,openfoodfacts,3
8436048723458,bebida chia con de kiwi,Tesoro Natural,41.0,0.0,10.29,0.0,1 bottle (450 ml),,openfoodfacts,5
8436048963380,dinosaurus,Artiach,474.0,5.7,71.0,18.0,,,openfoodfacts,1
8436048963397,dinosaurus mini,Artiach,467.0,5.9,71.0,17.0,100g,,openfoodfacts,2
8436048963403,cacao dinosaurus mini,Artiach,472.0,6.1,70.0,18.0,,,openfoodfacts,3
8436048963830,dinosaurus huevos,Artiach,484.0,5.5,55.0,20.0,,3,openfoodfacts,2
8436048967418,fino nuevo,Filipinos,506.0,5.0,67.0,24.0,87 g,,openfoodfacts,2
8436532895210,corteza curado de jamon,toci rizos,489.0,57.0,0.05,29.02,,85 g,openfoodfacts,4
8436533731470,rosca serrana,DeOro,237.8,10.6,36.5,5.4,,480 g,openfoodfacts,2
8436545139752,assecat tomaquet,Petràs,282.0,14.0,43.0,3.0,,,openfoodfacts,2
8436555746582,onion paste,,4.0,0.0,1.0,0.0,,,openfoodfacts,2
8436556395130,eye pop,Trolli,315.0,3.8,72.0,0.2,,75 g,openfoodfacts,2
8436616260187,duro tofu,Mundo Verde,71.0,12.04,0.7,2.2,1 serving (100 g),500g,openfoodfacts,2
8437000199779,and spinach turkey,Gourmet,195.9,10.0,22.0,6.0,,160 g,openfoodfacts,3
8437001042050,norte sobaos,Joselin,439.0,5.11,44.14,26.38,,850 g,openfoodfacts,2
8437004621207,espinacas,"Verdifresh,Foodiverse",30.0,2.9,3.6,0.0,70 g,300 g,openfoodfacts,1
8437005297609,octopus,Trolli,336.0,5.4,75.0,0.2,,100 g,openfoodfacts,1
8437006958332,de manzana pera postre y,Anela Fruits,71.0,0.4,15.4,0.2,,200 g,openfoodfacts,5
8437008383996,crema kefir queso,Quescrem,151.0,9.0,4.0,11.0,"18,75 gramos",150 g,openfoodfacts,3
8437010259715,fine herbs tortas,Bonvallis,490.0,8.7,58.6,24.4,100 g (100 GRM),180 g,openfoodfacts,3
8437011092380,moreno pan,pans semar,243.0,7.4000000953674,50.0,1.2999999523163,,,openfoodfacts,2
8437011986665,cookies sarraceno,Zealia,460.0,5.7,56.7,21.7,,,openfoodfacts,2
8437014982329,payoyo queso,Casero,425.0,25.61,4.09,34.04,,,openfoodfacts,2
8437017032311,bocados mediterraneos,"Heura,Foods For Tomorrow",138.0,18.0,2.0,4.5,80 g,160 g,openfoodfacts,2
8437020121743,con crema mixto queso sandwitch,Teika,220.0,13.1,23.2,7.5,1 portion (145 g),,openfoodfacts,5
8437020121774,aove con jamon,Teika,235.454545454545,15.8181818181818,22.6363636363636,8.36363636363636,1 portion (110 g),,openfoodfacts,3
8437020307062,saucisse tradition,,341.0,21.5,7.7,24.99,,,openfoodfacts,2
8437021874129,yucas,,490.9,1.7,77.4,19.2,,,openfoodfacts,1
8437022337852,catanias,Cudié,595.0,11.0,39.0,43.0,80.0g,80 G,openfoodfacts,1
8437026851040,de konjac nudos,,8.0,0.0,0.2,0.1,,,openfoodfacts,3
8437026851217,de fideos konjac secos,,57.0,0.19,13.0,0.1,,,openfoodfacts,4
8437027939174,anacardo crema de,Azada,638.0,20.9,26.9,49.5,,,openfoodfacts,3
8438001672254,fraise,,38.6,0.63,6.03,0.5,,,openfoodfacts,1
8445290039620,kat kit white,Nestlé,515.0,6.8,62.9,25.9,41.5 g,,openfoodfacts,3
8445291083974,caja roja,Nestlé,550.522648083624,6.62020905923345,54.006968641115,33.4494773519164,3 bombons (28.7 g),198 g ℮ (21 bombones),openfoodfacts,2
8445291085886,fix hahnchen tandoori,Maggi,171.0,19.9,4.0,8.3,1 portion (206 g),1pcs,openfoodfacts,3
8445291131569,base de finissima pizza,Buitoni,280.0,8.6,46.3,5.5,260.0g,260 g,openfoodfacts,4
8445291136854,berry cheerios very,Nestle,393.33333,9.0,77.0,3.33333,1 portion (30 g),435g,openfoodfacts,3
8445291140998,air fryer piri,Maggi,329.0,6.7,59.0,5.0,,1pcs,openfoodfacts,3
8445291233126,kakao nesquik,Nestlé,383.0,5.1,78.2,3.6,100g,280g,openfoodfacts,2
8445291277748,crunch snack,Choco,530.0,5.0,59.6666666666667,29.6666666666667,30g,30g,openfoodfacts,2
8445291315006,tartar thomy,Thomy,456.0,0.8,8.9,46.1,180 g,,openfoodfacts,2
8445291565203,suave,nestle,540.0,6.5,58.9,30.5,,,openfoodfacts,1
8445291566187,mocha nescafe,Nestle,401.0,8.1,68.7,9.3,17 g,,openfoodfacts,2
8445291569355,cookies cream kitkat,Nestle,525.0,7.0,65.0,26.0,1 portion (20 g),,openfoodfacts,3
8445291618039,huevitos,trencito,548.0,8.3,60.0,30.5,20.4 g,,openfoodfacts,1
8445291746060,cappucino,Nescafé,23.6615678776291,0.8,3.1,0.8,1 portion (14.2 ml),99.4g,openfoodfacts,1
8445291773486,nuts,Nestlé,490.0,4.66666666666667,61.6666666666667,24.3333333333333,30 g,,openfoodfacts,1
8445291886292,chicken spicy taste,Maggi,75.0,1.8,10.5,2.8,62 g,,openfoodfacts,3
8445291934498,inspiration soupe thai,Maggi,27.0,0.9,4.9,0.5,250 ml (portion),42 g,openfoodfacts,3
8445291981263,jus stamppot,Maggi,422.0,10.7,48.3,19.9,1 portion (12 g),,openfoodfacts,2
8445291998971,chocapic,,384.0,8.5,73.8,4.4,,,openfoodfacts,1
8445292146944,crunchy empanizador,Maggi,43.0,1.12,8.54,0.51,1 portion (12.5 g),,openfoodfacts,2
8480000062444,pasta tiburon,hacendado,361.0,13.0,72.0,1.5,500 g,500g,openfoodfacts,2
8480000091314,de frutas pure variadas,Hacendado,75.0,0.7,17.0,0.0,,500 g (2 x 250 g),openfoodfacts,4
8480000106704,batido hacendado proteinas whey,Hacendado,46.0,7.9,2.3,0.6,330 ml,330ml,openfoodfacts,4
8480000150820,confitura de fresa,Hacendado,266.0,0.3,65.0,0.1,,360 g,openfoodfacts,3
8480000156648,coco kefir,Hacendado,53.2,0.52,7.2,2.52,250 g,250ml,openfoodfacts,2
8480000161246,asados en pimientos rojos tiras,Hacendado,31.0,0.5,6.1,0.2,60 g,240g,openfoodfacts,5
8480000171313,artesana frito receta tomate,Hacendado,201.0,1.6,14.3,15.0,100g,300 g,openfoodfacts,4
8480000172280,de dijon mostaza,Hacendado,149.0,7.2,1.8,11.0,,200 g,openfoodfacts,3
8480000173522,mostaza,Hacendado,138.0,4.9,14.3,5.7,,330 g,openfoodfacts,1
8480000174413,de pasta sesamo tahini,Hacendado,710.0,24.9,3.2,65.6,,1pcs,openfoodfacts,4
8480000209627,bifidus,Hacendado,114.0,3.6,14.8,3.8,,,openfoodfacts,1
8480000221896,fruta variada,Hacendado,65.0,0.7,16.0,0.0,130 g,4 x 130 g,openfoodfacts,2
8480000331144,aceitunas hueso sin,Hacendado,128.0,1.7,0.5,12.6,50 g,525 g,openfoodfacts,3
8480000333537,crunch extra patatas,Hacendado,564.0,6.0,55.0,33.0,,180 g,openfoodfacts,3
8480000346056,arandanos deshidratados,Hacendado,342.0,0.9,79.0,1.4,,200 g,openfoodfacts,2
8480000399809,fresa smoothie,Hacendado,46.0,0.6,10.5,0.1,,250 ml,openfoodfacts,2
8480000399885,chia fresh maracuya zumo,Hacendado,54.0,0.6,11.1,0.5,,750 ml,openfoodfacts,4
8480000503718,fundido queso sandwich,HACENDADO,288.0,17.0,9.9,20.0,,200g,openfoodfacts,3
8480000510716,batido desnatado fresco queso,Hacendado,46.0,8.0,3.5,0.5,100 g,500 g,openfoodfacts,4
8480000512192,batido fresco queijo,Hacendado,46.0,8.0,3.5,0.1,,500 g,openfoodfacts,3
8480000524058,quesitos,Hacendado,192.0,11.8,3.9,14.3,,375g,openfoodfacts,1
8480000590329,de jamon queso sandwiches y,Hacendado,248.0,14.2,29.4,8.2,120 g,480 g,openfoodfacts,5
8480000614162,batata rustica,Hacendado,150.0,2.5,20.0,6.1,1 serving (100 g),750 g,openfoodfacts,2
8480000614216,fino porte,Hacendado,156.0,2.5,24.0,5.0,,800 g,openfoodfacts,2
8480000634641,brisa fresca masa quebrada,Hacendado,378.0,6.0,44.7,19.5,,,openfoodfacts,4
8480000636324,carbonara pizza,Hacendado,255.0,10.9,33.0,8.3,600 g,,openfoodfacts,2
8480000679772,bifidus coco cremoso,Hacendado,93.0,4.6,12.0,3.0,,125 g,openfoodfacts,3
8480000694652,batata,HACENDADO fresh,74.0,1.6,16.9,0.5,100 g,,openfoodfacts,1
8480000694843,microondas para patata,Hacendado,70.0,1.7,15.7,0.1,400 g,400g,openfoodfacts,3
8480000822796,picos,Hacendado,416.0,11.2,77.7,6.2,,250 g,openfoodfacts,1
8480000826985,pandoro,Hacendado,387.0,7.2,51.0,17.0,,500 g,openfoodfacts,1
8480000876058,capricho tarta,Hacendado,400.0,4.4,25.0,31.0,,670 g,openfoodfacts,2
8480012011300,nachos queso sabor,eliges,496.0,7.8,60.0,24.0,,,openfoodfacts,3
8480012013977,curado queso,Eliges,406.0,24.0,1.0,34.0,,,openfoodfacts,2
8480012043233,sitronsorbet,Eliges,114.0,0.1,28.0,0.0,,,openfoodfacts,1
8480017028655,brut cidre dadam pop,Dia,32.5,0.0,1.87,0.0,,75 cL,openfoodfacts,4
8480017235213,con quinoa verduras,Dia,165.0,8.3,25.5,4.0,400 g,,openfoodfacts,3
8480017315571,en tempura verduras,Dia,162.0,3.0,20.0,7.4,100,400,openfoodfacts,3
8480017323569,chorizo taquitos,Alacena Dia,306.0,20.0,1.9,24.0,1 portion (50 g),,openfoodfacts,2
8480017323675,con fresa quark,lactea,67.0,12.4,3.3,0.4,200 g,,openfoodfacts,3
8480024690180,rosquita rustica serrana,Rokissimo,272.0,10.0,39.0,8.5,,205 g,openfoodfacts,3
8480024736062,cappuccino coffee ice,Alteza,45.506,5.4293,13.8254625,4.2321125,250.0g,250 ml,openfoodfacts,3
8480024833907,montar nata para,Alteza,336.0,2.2,3.0,35.0,15 g,200 ml,openfoodfacts,3
8544291038165,forever menthe perrier,,1.0,0.0,0.0,0.0,,,openfoodfacts,3
85758315,nuevo que,,554.0,8.9,50.0,35.0,,,openfoodfacts,2
8584004010712,vesna,Sedita,568.0,8.0,52.0,36.0,,50g,openfoodfacts,1
8584004011009,cierna ribezla vesna,Sedita,546.0,8.0,50.0,34.0,100,50,openfoodfacts,3
8585002444134,base beef soup,Maggi,257.409177820268,4.2,34.8,11.2,100 g,80 g,openfoodfacts,3
8585002506757,fit tvaroh,Rajo,114.0,14.0,11.0,1.5,,200 g,openfoodfacts,2
8585002536402,probia,Rajo,75.0,2.8,14.0,0.7,100g,330g,openfoodfacts,1
8585002561138,acidko,Rajo,39.0,3.4,4.2,1.0,1 portion (450 g),,openfoodfacts,1
8586000040052,bambino,"Bambino, Savencia",256.0,10.0,4.6,22.0,,100g,openfoodfacts,1
8586000049840,parenicky udene,Liptov,286.0,26.0,0.5,20.0,1 piece (16 g),98g,openfoodfacts,2
8586001544597,korbaciky,Coop Premium,290.0,24.0,1.9,20.0,,,openfoodfacts,1
8586015875670,instantna kasa psenova,Ensa,375.0,12.0,72.0,3.0,,,openfoodfacts,3
8586017254701,and baked marinated tofu,Lunter,137.0,14.0,1.8,8.0,,180 g,openfoodfacts,4
8586019163360,day up,Day Up Fruits,53.0,0.5,12.0,0.5,,100 g,openfoodfacts,2
8586019164008,power,Day Up,78.0,1.5,17.0,0.5,,100g,openfoodfacts,1
8586023033048,punc,,455.0,5.2,98.2,3.6,,,openfoodfacts,1
8586024423299,marinated sauce soy tofu,Luner,137.0,14.0,1.8,8.0,,,openfoodfacts,4
8588001953737,parky zipser,Tauris,316.0,10.6000003814697,1.0,29.9099998474121,41.0g,,openfoodfacts,2
8588002218347,anchovies capers with,Sun&Sea,194.0,23.0,0.0,11.0,,,openfoodfacts,3
8588003353726,debrecinska pecienka,Mäsiari Spod Tatier,100.0,17.5,1.5,2.5,1 portion (200 g),,openfoodfacts,2
8590046619936,kakaovy,Ledňáček,287.0,2.0,26.0,19.0,31 g,,openfoodfacts,1
8590345412948,kure na paprice s testovinami,"Billa ready, Billa",95.0,5.0,11.0,3.3,450 g,,openfoodfacts,5
8590421042984,smetana zakysana,Albert,157.0,2.8,3.4,15.0,,,openfoodfacts,2
8590421044858,cookies cranberries oat with,Nature's Promise,425.0,8.7,72.0,11.0,1 cookie (9 g),,openfoodfacts,4
8590421063941,cakes wheat,,361.0,13.0,67.0,1.5,8.0g,,openfoodfacts,2
85915633,majka,Hamé,300.0,9.6,1.7,28.3,48 g,48 g,openfoodfacts,1
85923300,brusinkami pastika s,Hamé,364.0,7.4,9.5,32.7,100 g,,openfoodfacts,3
85926493,buckova pomazanka,Hamé,323.0,11.0,0.100000001490116,37.0,48.0g,48 g,openfoodfacts,2
8592784903070,jemna krupicka psenicna,Crip Crop,347.0,10.0,75.0,1.1,1 portion (50 g),,openfoodfacts,3
8593837233304,bistro mexico,Vitana,95.0,2.3,17.3,1.6,1 portion (66 g),,openfoodfacts,2
8593861269034,cesnekovy kecup,Kand,113.0,1.9,24.0,0.8,,,openfoodfacts,2
8593893785335,a cookies cucoriedky pecat studentska,Nestle,515.0,4.6,60.3,27.9,22.5 g,,openfoodfacts,5
8593893786035,mix safari,"Rowntrees,Nestlé",300.0,5.0,63.0,0.1,,115g,openfoodfacts,2
8593893787964,aero mint,Nestle,541.090317331164,5.28885272579333,58.1773799837266,31.3262815296989,6 pieces (24.58 g),,openfoodfacts,2
8594001041817,sorbet,Mrož,105.0,0.5,25.0,0.5,90 g,,openfoodfacts,1
8594001242962,kava ladova,Bohušovická mlékárna,39.0,1.20000004768372,7.0,0.5,250.0g,,openfoodfacts,2
8594002061647,aspiku sumkove v zavitky,,108.0,7.2,5.1,6.7,200.0g,,openfoodfacts,4
8594003964855,syrove tycinky,,256.0,26.0,2.0,16.0,20.0g,4 x 20 g,openfoodfacts,2
8594006091046,hradecke tycinky,Bohemia,408.0,12.0,70.0,8.5,100.0g,,openfoodfacts,2
8594007640120,omacka tatarska,Karlova Koruna,384.0,0.6,7.2,39.0,1 portion (20 g),,openfoodfacts,2
8594008886282,jakosti nejvyssi sunka,Kostelecké uzeniny,111.0,18.0,1.2,3.5,10 g,100 g,openfoodfacts,3
8594010512070,pastika patifu premiova tofu,Veto,232.0,4.3,1.1,21.8,,100 g,openfoodfacts,4
8594026121921,dusena sunka vyberova,Le&Co,97.0,15.6,1.2,3.2,1 portion (100 g),,openfoodfacts,3
8594026124823,maso moravske,Le&Co,108.0,18.9,0.8,3.2,1 portion (100 g),,openfoodfacts,2
8594044441599,kopr,Viva,28.0,1.0,5.4,0.1,320 g,160 g,openfoodfacts,1
8594064471088,arasidy ovesna s svacinka,Beskydské Sušenky,503.0,8.01,59.65,25.16,40 g,,openfoodfacts,4
8594067420946,cfm protein whey,Carne Labs,372.0,74.0,4.0,6.6,30 g,,openfoodfacts,3
8594155020546,panko strouhanka,Extrudo,360.0,8.1,72.4,2.7,,,openfoodfacts,2
8594177022191,droewors piri premium,Fine Gusto,443.0,39.0,2.3,31.0,40 g,,openfoodfacts,3
8594177350126,fu ramen shou,fu Shop noddle,333.0,11.0,67.0,1.4,,500g,openfoodfacts,3
8594188131332,hnizda kokosova pekany s,Šufan,577.9,8.6,35.2,48.1,,170 g,openfoodfacts,4
8594192352778,krem pistaciovy,Nutty&Nutz,555.0,11.1,47.8,37.2,,,openfoodfacts,2
8594199940862,roku set sushitime,Sushitime,148.0,7.1,21.0,3.7,1 portion (150 g),,openfoodfacts,3
8595016511326,kukurice,country life,363.0,9.4,67.0,4.7,,,openfoodfacts,1
8595072602075,pernik,Dr. Oetker,314.0,4.5,44.0,13.0,,,openfoodfacts,1
8595241517582,franz josef,Kaiser Franz Josef,26.0,2.0,2.4,0.5,,,openfoodfacts,2
8595588202394,napoj proteinowy,Go Active,64.0,10.0,5.6,0.2,250 g,,openfoodfacts,2
8595643808431,cotto prodcciutto wurst,Dacello,138.0,20.0,1.0,6.0,33 g,100g,openfoodfacts,3
8595643814302,cukr,Kitchin,400.0,0.0,100.0,0.0,,1kg,openfoodfacts,1
8595643815590,cocoa curd dessert,Mill,100.0,8.0,8.1,3.9,1 portion (100 g),,openfoodfacts,3
8595643817921,indicke kure proteinove,Balanced Food,128.5,13.38,12.75,2.43,400 g,,openfoodfacts,3
8595643818867,kure na paprice proteinove,Balanced Food,151.7,13.2,14.6,3.8,480 g,,openfoodfacts,4
8595678400020,peanut spread,Grizly,632.0,24.3999996185303,21.2999992370605,49.7000007629395,25.0g,,openfoodfacts,2
8595685234175,crackers protein seed,Mixit,468.0,19.0,16.0,35.0,,,openfoodfacts,3
8595685235035,cheddar cheese crunchy onion,Mixit,578.0,38.0,8.5,44.0,1 package (20 g),,openfoodfacts,4
8595685248790,mixit,,443.0,7.0,56.0,22.0,,,openfoodfacts,1
8595688401239,cfm performance pure strawberry,PROM-IN,390.0,75.6,5.8,6.8,1 scoop (40 g),,openfoodfacts,4
8595717729266,base mini pizza,Vilgain,299.0,8.9,47.0,7.9,1 portion (25 g),,openfoodfacts,3
8595717731894,padthai sauce,Vilgain,79.0,1.7,16.0,0.0,,,openfoodfacts,2
8600197198089,keks nas,Premia,440.6,12.1,70.6,12.2,,,openfoodfacts,2
8600462042123,nutri ocake,Jaffa crvenka,446.0,9.0,52.0,20.0,,115 g,openfoodfacts,2
8600939841860,keksici narandza stark,Štark,484.0,7.1,65.0,21.0,1 portion (100 g),,openfoodfacts,3
8601500139331,coffee ice mocha,,53.0,3.2,7.1,1.3,,,openfoodfacts,3
8602300205929,desert kesten,Pionir,410.0,3.5,75.9,10.0,30g,30g,openfoodfacts,2
8606011898883,hummus mushrooms shiitake,ribella,232.0,5.7,6.4,19.0,,,openfoodfacts,3
8606014401608,smoki,Marbo,497.0,11.9,53.8,25.3,100g,38g,openfoodfacts,1
8606017433996,sumsko voce,Frikom,35.0,1.0,5.9,0.1,,,openfoodfacts,2
8606018041640,suvi svinjski vrat,Maxi,229.0,34.5,0.2,10.0,1 portion (100 g),,openfoodfacts,3
8606018730414,tamni tost,Tvojih 5 minuta,298.458149779736,8.4,53.4,4.2,45.4g (2 kriške),500g,openfoodfacts,2
8606032070022,visnja,Joyce,73.0,0.9,16.6,0.0,100 ml,,openfoodfacts,1
8606035620040,carbonara pasta precooked,Mammi,202.0,8.1,18.0,11.0,1 portion (350 g),,openfoodfacts,3
8606105741705,pecenicom sa sendvic,Ukus No.1,248.0,2.0,34.1,11.3,100 g,,openfoodfacts,3
8606108393345,buter kikiriki,ColdPressok,639.0,22.6,15.7,53.7,,350g,openfoodfacts,2
8606112579032,protein superior yeast,Smartein,398.0,74.5,6.4,9.25,,30 g,openfoodfacts,3
8680181000765,krem peynir,Torku,172.0,12.0,1.8,13.0,,,openfoodfacts,2
8680562119345,findik kremasi,Kahve Dünyası,530.0,11.0,47.0,33.0,,,openfoodfacts,2
8680596670027,de maras tarhana,Filikler Tarhana,355.75,12.11,76.0,0.5,,,openfoodfacts,3
8681042335019,honey mustard onion,Crackzel,542.0,7.3,56.2,32.0,,65g,openfoodfacts,3
8681324006149,huptrik,Sütaş,70.0,1.5,12.5,1.5,40 g,,openfoodfacts,1
8681655007297,pirinc unu,Naturpy,350.45,7.04,78.0,0.91,,,openfoodfacts,2
8682084283689,dessert erdbeere,Artisan Cake Factory,379.0,3.0,28.0,27.9,100 g,,openfoodfacts,2
8682213102713,dubaco,Beyoğlu,520.0,8.7,49.8,37.2,47.5 g,,openfoodfacts,1
8682696740235,birthday cake protein whey,ProteinOcean,340.0,73.2,7.7,1.2,25 g,,openfoodfacts,4
8682983760540,cevizi hindistan sutu,Milky,18.0,0.2,0.2,1.8,1 portion (100 ml),,openfoodfacts,3
8683130067796,ranch sos,Calve,320.0,0.9,6.3,33.0,,250 ml,openfoodfacts,2
8683161911044,buckwheat cake muni,Muni,383.0,14.3,71.0,3.02,1 portion (100 g),,openfoodfacts,3
8683508142056,fndk ruyas,Ülker,561.0,8.5,50.0,36.0,100 g,,openfoodfacts,2
8684402565002,icecegi ks,,80.0,0.8,16.0,0.4,7.0g,,openfoodfacts,2
8684698000171,cay soguk,Kızılay,32.0,0.0,8.0,0.0,,1 L,openfoodfacts,2
8684944460148,fasty,Portakal Nar Suyu,47.0,0.55,10.48,0.23,3 portion (100 g),,openfoodfacts,1
8684952889016,cipsi mercimek ranch sos,yummate,441.0,23.0,48.0,19.0,,,openfoodfacts,4
8690120070148,banada,Torku,537.0,6.5,55.4,31.0,,700g,openfoodfacts,1
8690146128380,strawberry trunks,Bebeto,389.0,1.1,87.1,4.0,,,openfoodfacts,2
8690504013402,cokokrem potibor,Ulker,490.0,6.0,66.6666666666667,22.0,30 g,,openfoodfacts,2
8690504014508,bebe biskuvisi,Ülker,449.0,5.8,73.0,14.6,100.0g,,openfoodfacts,2
8690504064428,dankek,ulker,396.0,4.9,50.0,19.0,,,openfoodfacts,1
8690504079767,poti,Ülker,398.0,5.3,52.0,18.0,40g,35g,openfoodfacts,1
8690504083900,product unknown,,479.0,6.8,62.0,22.0,,,openfoodfacts,2
8690504084877,harby,,479.0,6.7,60.0,23.0,25.0g,,openfoodfacts,1
8690504108849,krispi,Ülker,459.0,1.5,10.0,16.0,,,openfoodfacts,1
8690504121541,cokokrem,Ülker,547.0,5.5,62.0,30.0,,950 gr,openfoodfacts,1
8690504607670,simit,Ülker,287.0,10.0,51.0,3.7,,,openfoodfacts,1
8690504961482,probis,Ulker,493.0,16.0,52.0,24.0,8.0g,,openfoodfacts,1
8690526064499,crax,"eti, Eti",436.0,8.1,68.0,14.0,,50g,openfoodfacts,1
8690526073873,kek pop visne,Eti,431.0,4.8,56.0,21.0,100g,15₺,openfoodfacts,3
8690526076379,browni,eti browni,455.0,4.5,53.0,24.0,50 g,25₺,openfoodfacts,1
8690526361239,cicibebe eti,,443.0,6.5,72.0,13.0,,,openfoodfacts,2
8690526793184,nero,eti nero,487.0,8.2,59.0,23.0,,110,openfoodfacts,1
8690565026502,fndk icecegi,Pınar,35.0,0.7,4.0,1.8,,,openfoodfacts,2
8690624201208,doritos turca,Doritos,523.0,7.0,57.0,29.0,,121 g,openfoodfacts,2
8690624302325,chips mais,,513.0,4.8,66.5,24.7,,,openfoodfacts,2
8690698509323,ekmegi tost,İyilik,263.0,6.8,54.5,2.0,,,openfoodfacts,2
8690787501016,tadimca,tadım,520.0,14.0,44.0,32.0,,,openfoodfacts,1
8690792014020,au jus peche,,48.2,0.8,10.9,0.0,,200 ml,openfoodfacts,3
8690792017106,fruit mix nectar,meysu,49.6,0.3,11.6,0.0,200 mL,200 mL,openfoodfacts,3
8690804360541,kadayif,,365.0,9.4,80.0,1.6,,,openfoodfacts,1
8690804372858,hummus suntat,Suntat,282.0,6.4,6.2,25.0,,,openfoodfacts,2
8690906006101,basak creamed mushroom soup,,19.0,0.5,3.8,0.28,,,openfoodfacts,4
8690931002529,tereyag,Yörükoğlu,741.6,0.3,0.6,82.0,,,openfoodfacts,1
8691066112398,hay,,490.0,5.57,62.2,23.93,,86 g,openfoodfacts,1
8691316520546,eker kaymak,Eker,549.0,1.0,1.3,60.0,100.0 g,200g,openfoodfacts,2
8691316520973,suzme yogurt,Eker,106.0,8.0,5.0,6.0,100.0g,,openfoodfacts,2
8691381000486,beypazari sade soda,Beypazarı,0.0,0.0,0.0,0.0,200 ml,10₺,openfoodfacts,3
8691659414168,ezine peynir,Unal,419.0,19.3,0.0,38.0,1 portion (100 g),,openfoodfacts,2
8691707096049,crazy extra,Selon,503.333333333333,6.66666666666667,60.0,26.6666666666667,1 bar (30 g),30g,openfoodfacts,2
8691707098128,boombastic,,503.0,8.7,56.4,25.8,40.0g,,openfoodfacts,1
8691707098258,crazy shin,,145.0,2.0,15.0,8.0,2.0g,28 g,openfoodfacts,2
8691707140414,stix,,503.0,8.1,61.9,24.3,,34 g,openfoodfacts,1
8692095346143,sut,Sek,35.0,3.0,4.6,0.5,,,openfoodfacts,1
8693374242514,basmari,Çiftçi,341.0,6.8,75.7,0.4,,,openfoodfacts,1
8693374273341,chia seed tohumu,Yayla,445.984703632887,23.2000007629395,1.60000002384186,31.3999996185303,15.0g,,openfoodfacts,3
8693407004508,beef smoked,polonez,92.0,17.0,1.0,2.0,1 pack (90 g),,openfoodfacts,2
8693730010603,kadayif taze,,263.0,5.8,55.0,1.8,,,openfoodfacts,2
8694110673074,manti,Gazioglu Cler,360.0,12.21,74.52,1.45,,,openfoodfacts,1
8694587159453,crepe krep mix,Kent boringer,395.0,9.0,88.0,1.5,170 g,,openfoodfacts,3
8695077005199,kmecik,kdjdue,260.0,10.3,44.7,3.47,116 g,iiejcjs,openfoodfacts,1
8695077143129,beurre biskuvi petit,Süsse,428.0,5.8,79.0,9.6,100g,175g,openfoodfacts,3
8695876206391,kara pipasse simsek,,620.0,25.0,6.0,52.0,,,openfoodfacts,3
8696236902106,metro tuna,Aro,177.0,14.3,0.6,13.0,1 can (52 g),,openfoodfacts,2
8696646204166,wafers,Golda,498.0,3.7,71.1,22.0,,175 g,openfoodfacts,1
8697288520324,pistachio wafer,Rosso Branco,514.0,6.1,59.2,29.5,1 portion (100 g),,openfoodfacts,2
8697402645230,karsk tursu,,11.0,0.0,3.07,0.0,,680 g,openfoodfacts,2
8697438751189,dana kebap kuzu,Uzman Kasap,264.0,15.0,0.4,22.0,1 portion (100 g),,openfoodfacts,3
8697471723792,dana doner,Namet,361.0,17.9,3.8,30.5,100 g,,openfoodfacts,2
8697623370867,cevizi hindistan unu,Naturpy,358.0,3.33,6.22,33.5,,,openfoodfacts,3
8698740275486,curry sauce,Winflo,50.0,1.0,8.6,0.8,1 portion (100 g),,openfoodfacts,2
8699409719075,msr,doyum,331.0,10.4,75.4,1.7,1 portion (100 g),,openfoodfacts,1
8699847072251,chips mex nacho tex,Aly,505.0,6.1,68.0,24.0,1 portion (100 g),,openfoodfacts,4
8710161006026,ketjap manis sauce,Trade Mark,207.0,6.6,45.2,0.0,,500 ml,openfoodfacts,3
8710161009294,pasta tamarinde,Flower Brand,212.0,1.2,18.2,15.0,,,openfoodfacts,2
8710161532051,aziatische boemboe kruidenmix,Kokki Djawa,121.0,3.0,26.3,1.3,100 gram,100 gram,openfoodfacts,3
8710161532068,asiatique depices mix,Kokki Djawa,128.0,2.4,28.2,0.9,,100g,openfoodfacts,3
8710161532082,ajam peniki,Kokki Djawa,117.0,1.5,25.8,0.8,1 portion (100 g),1pcs,openfoodfacts,2
8710161532129,boemboe kerrie,Kokki Djawa,115.0,3.5,23.4,2.1,,100g,openfoodfacts,2
8710161532723,djahe djawa kokki,Kokki Djawa,32.9,1.1,3.4,1.1,,,openfoodfacts,3
8710161532730,djawa djinten kokki,Kokki Djawa,427.0,17.8,33.7,22.3,,,openfoodfacts,3
8710395946549,vruchtenmix,Roosvicee,230.0,0.4,57.0,0.1,,"0,5 l",openfoodfacts,1
8710397191534,oude wijvenkoek,Peijnkenburg,232.0,3.4,52.0,1.5,28 g,1pcs,openfoodfacts,2
8710397331800,de epice noix pain,Peijnenburg,315.0,3.1,67.0,3.0,1 portion (34.5 g),,openfoodfacts,4
8710397371554,kruidenkoek,Pijnenburg,307.0,3.4,69.0,1.4,1 plakje (28 g),,openfoodfacts,1
8710397401800,noten tussendoor,Peijnenburg,249.043977055449,4.1,51.0,3.3,28.7 g,,openfoodfacts,2
8710397571985,noten,Peijnenburg,176.586875,3.7871,69.35975,2.9240375,100 g,,openfoodfacts,1
8710398510648,cheetos,Cheetos,491.0,6.9,64.0,23.0,,,openfoodfacts,1
8710398521590,a jacks snack,Orkla Foods Norge AS,420.0,7.7,75.0,9.4,23 gram,23 gram,openfoodfacts,3
8710398522696,hamkas,Lays,500.0,7.4,60.0,25.0,,,openfoodfacts,1
8710398522733,cheetis,Cheetos,491.0,6.9,64.0,23.0,100 gram,100 gram,openfoodfacts,1
8710398529886,max paprika,Lays,515.0,6.7,49.0,31.0,30 gram,275 gram,openfoodfacts,2
8710398602824,bits,Doritos,487.0,5.9,59.0,24.0,33 g,33g,openfoodfacts,1
8710400001232,mienestjes,Albert Heijn,345.0,11.0,70.0,1.5,1 portion (80 g),500 g,openfoodfacts,1
8710400003076,pindakaas,AH,646.666666666667,20.0,14.0,55.0,,,openfoodfacts,1
8710400003588,mandarijn partjes,ah,43.0,0.8,9.5,0.0,43 g,1pcs,openfoodfacts,2
8710400004943,doperwten,Albert Heijn,65.0,5.0,6.5,1.0,100.0g,,openfoodfacts,1
8710400008743,zoetzuur,Amsterdamse Uitjes,40.0,1.5,6.5,0.2,25.0g,,openfoodfacts,1
8710400011637,ah bieten rode,AH,62.6506666666667,1.345909375,12.8724791666667,0.190190625,,,openfoodfacts,3
8710400042990,mix pannenkoeken voor,Albert Heijn,175.0,8.0,28.0,3.0,100g,400 g,openfoodfacts,3
8710400047308,fijn sperziebonen,Albert Heijn,33.0,2.0,4.0,0.1,225 g,,openfoodfacts,2
8710400074960,spinazie stamppot,AH,99.0,3.7,11.0,4.2,1 bak (500 g),500 gram,openfoodfacts,2
8710400079521,creme fraiche verse,Albert Heijn,295.0,2.5,3.0,30.0,100 gram,125 gram,openfoodfacts,3
8710400084211,brood bruin zoutarm,Albert Heijn,237.142857142857,8.0,45.7142857142857,1.42857142857143,35 g,,openfoodfacts,3
8710400157601,conference peren,Albert Heijn,56.0,0.2,12.0,0.3,,,openfoodfacts,2
8710400186601,koriander,Albert Heijn,22.0,2.1,0.9,0.5,15 g,,openfoodfacts,1
8710400195009,met room spinazie,AH,44.0,2.0,3.0,2.0,225 gram,450 gram,openfoodfacts,3
8710400195214,kappertjes,Albert Heijn,41.0,2.5,5.0,0.6,100 g,,openfoodfacts,1
8710400199885,munt,Albert Heijn,49.0,3.8,5.1,0.7,1 portion (100 g),,openfoodfacts,1
8710400202110,op perzik siroop,AH,59.2,0.08,14.4,0.0,2 portion (125 g),410 g,openfoodfacts,3
8710400202141,paksoi,AH,14.0,1.0,1.5,0.200000002980232,100.0g,,openfoodfacts,1
8710400202981,carbonara pasta saus,Albert Heijn,110.0,4.90000009536743,5.69999980926514,7.5,225.0g,,openfoodfacts,3
8710400221036,radijs,AH,220.0,10.0,40.0,0.0,10 g,,openfoodfacts,1
8710400238126,bieten rode,Albert heijn,31.0,0.899999976158142,5.5,0.100000001490116,185.0g,,openfoodfacts,2
8710400241645,druiven rode,AH,76.0,0.6,17.0,0.2,150 gram,500 gram,openfoodfacts,2
8710400256885,erwten fijn tuin,Albert Heijn,70.0,5.5,9.5,0.0,1 serving (100 g),450g,openfoodfacts,3
8710400262640,mix vis,PUUls,75.0,11.5,5.0,1.5,450.0g,,openfoodfacts,2
8710400270942,mascarpone pastasaus pomodori,Albert Heijn,103.0,2.3,7.3,6.9,225 gram,225 gram,openfoodfacts,3
8710400285953,artisjokharten,Albert Heijn,35.0,1.2,5.7,0.2,240 g,,openfoodfacts,1
8710400286332,snijbonen,Albert Heijn,20.0,1.0,2.0,0.0,100g,,openfoodfacts,1
8710400293415,bosvruchten sorbetijs,Albert Heijn,94.0,0.0,23.3,0.0,1 container (300 g),,openfoodfacts,2
8710400335030,sandwich thon,Albert Heijn,204.0,8.5,24.0,8.0,147.0 g,,openfoodfacts,2
8710400339694,rijst risotto,Albert Heijn,350.45,7.04,78.0,0.91,1.0 serving (100.0 g),500 g,openfoodfacts,2
8710400343622,kaas koekjes met mix roomboter,Albert Heijn,421.1581,6.344185,35.148545,27.509935,,100 gram,openfoodfacts,5
8710400364320,borenmix,Albert Heijn,126.0,4.9,5.4,9.1,285 gram,280 gram,openfoodfacts,1
8710400371069,bramen,AH,32.0,0.9,5.1,0.2,,,openfoodfacts,1
8710400373964,spinazie,Albert Heijn,28.7,2.62,2.25,0.5,100g,,openfoodfacts,1
8710400378907,spruiten,Albert Heijn,22.5,1.25,2.5,0.35,200 gram,500 gram,openfoodfacts,1
8710400379492,perziksmaak,Albert Heijn,38.0,2.0,7.5,0.0,,,openfoodfacts,1
8710400385394,ham reepjes,Ah,149.0,15.0,2.0,9.0,,,openfoodfacts,2
8710400400288,bitterkoeken,AH,395.0,7.1,61.0,13.0,55 g,,openfoodfacts,1
8710400402954,croissants super,ON,344.0,9.1,38.0,16.0,57 g,,openfoodfacts,2
8710400405580,bosvruchten extra jam,Albert Heijn,247.0,0.4,60.0,0.2,100 gram,450 gram,openfoodfacts,3
8710400412151,avocado,Albert Heijn,31.0,0.9,4.0,0.8,1 cherry tomato (11 g),250 g,openfoodfacts,1
8710400416005,ah roomboter spritsen,AH,432.5228125,5.032075,47.44503125,23.96303125,,,openfoodfacts,3
8710400439356,bieten met rode ui,Albert Heijn,33.0,0.9,6.0,0.1,,,openfoodfacts,4
8710400441663,ijsjes ruimte,Albert Heijn,60.0,0.0,15.0,0.0,55.0g,495 g,openfoodfacts,2
8710400445579,diepvries spinazie,Albert Heijn,28.0,2.0,2.0,0.600000023841858,250.0g,,openfoodfacts,2
8710400454601,radijs rauwkost,Albert Heijn,25.0,1.3,3.7,0.1,1 zakje (150 g),,openfoodfacts,2
8710400454618,paprika rauwkost,Albert hein,26.6666666666667,0.800000031789144,4.20000012715658,0.200000007947286,150.0g,150 g,openfoodfacts,2
8710400458371,ei russisch,Albert Heijn,155.0,2.0,14.0,9.5,50 g,,openfoodfacts,2
8710400472469,pannenkoeken,Ah,145.0,4.5,29.0,0.9,1 portion (100 g),,openfoodfacts,1
8710400473138,kandijkoek,Albert Heijn,470.0,5.5,70.0,18.0,,,openfoodfacts,1
8710400473220,biscuits creme roomboter,Albert Heijn,537.0,4.4,60.0,30.0,1 cookie (11 g),,openfoodfacts,3
8710400473251,koekje,Albert Heijn,487.0,3.6,68.0,22.0,,,openfoodfacts,1
8710400473398,chip choco cranberry,Albert Heijn,480.0,5.2,64.0,22.0,1 cookie (25 g),,openfoodfacts,3
8710400501381,ananas verse,Albert Heijn,54.0,0.5,12.0,0.1,,,openfoodfacts,2
8710400510536,rostirondjes,Albert Heijn,131.8845,1.6105775,17.3051,5.9065125,40 gram,600 gram,openfoodfacts,1
8710400510574,partjes,Albert Heijn,140.0,2.5,21.0,4.5,200.0g,,openfoodfacts,1
8710400528159,rookworst,Albert Heijn,325.0,15.0,1.0,29.0,,250 g,openfoodfacts,1
8710400572732,hachee kruidenmix voor,AH,285.0,7.5,57.0,2.5,10 gram,10 gram,openfoodfacts,3
8710400572817,kruidenmix shoarma voor,Albert Heijn,270.0,9.0,30.0,11.0,30 g,,openfoodfacts,3
8710400606338,mini saucijzenbroodjes,Albert Heijn,390.0,9.5,29.0,26.0,20 g,,openfoodfacts,2
8710400606390,broodje kaas mini,Albert Heijn,348.0,7.9,29.0,22.0,20 g,,openfoodfacts,3
8710400660712,aardbei ijsjes,Albert Heijn,65.0,0.1,16.0,0.0,50 g,,openfoodfacts,2
8710400660767,ijsjes,Albert Heijn,100.0,0.32258064516129,24.5161290322581,0.0,31 g,,openfoodfacts,1
8710400664680,schouderham,Albert Heijn,106.0,15.0,6.0,2.3,1 slice (19 g),,openfoodfacts,1
8710400665533,knijpfruit,Albert Heijn,55.0,0.5,12.0,0.1,1 knijpzakje (90 g),,openfoodfacts,1
8710400670469,fruit zomer,Albert Heijn,69.0,1.0,13.0,0.3,125 g,125 gram,openfoodfacts,2
8710400740018,hoso maki sushi,Albert Heijn,151.0,4.4,25.0,3.5,208 g,,openfoodfacts,3
8710400782681,ah ossenworst,AH,228.393055555556,30.5090277777778,0.076875,11.7815625,,,openfoodfacts,2
8710412043145,fruitbiscuit,Sultana,390.804597701149,5.74712643678161,73.5632183908046,7.58620689655172,43.5 g,,openfoodfacts,1
87104240,dessert rijst,De Zaanse Hoeve,115.0,3.5,23.0,1.0,200 gram,200 gram,openfoodfacts,2
8710432003310,kruidkoek,Snelle Jelle,304.0,3.2,70.0,0.8,65 gram,65 gram,openfoodfacts,1
8710437007146,boerin de keukenstroop zeeuwse,Zeeuwsche  boerin,328.0,0.0,82.0,0.0,,500g,openfoodfacts,4
8710437009621,rietsuiker ruwe,Wester,400.0,0.0,100.0,0.0,2 g,750 g,openfoodfacts,2
8710438012880,kroketten mix trio,McCain,181.0,3.0,25.0,7.0,,200g,openfoodfacts,3
8710438090215,chef frites,McCain,159.0,3.0,26.0,4.5,100g,750 g,openfoodfacts,2
8710438112764,crispers,McCain,157.0,3.0,24.0,5.0,100 g,1000g,openfoodfacts,1
8710438118278,kroketten,McCain,181.0,3.0,25.0,7.0,,500g,openfoodfacts,1
8710438130065,bites camembert cheesy with,McCain,571.052631578947,10.0,26.0526315789474,18.9473684210526,2 pieces (38 g),,openfoodfacts,4
8710438130478,fries western,McCain,182.0,2.7,26.0,6.8,100 g,,openfoodfacts,2
8710448531746,mayonnaise sriracha,Remia,630.0,1.0,3.9,68.0,,220 ml,openfoodfacts,2
8710448632856,hawaisaus,Remia,299.0,0.5,15.0,26.0,15 ml,250 ml,openfoodfacts,1
8710448636557,satesaus,Remia,228.0,0.0,17.0,13.0,,,openfoodfacts,1
8710448636915,frites saus,Remia,186.0,0.7,15.0,13.0,15 ml,500 ml,openfoodfacts,2
8710448636960,curry remia,Remia,99.0,0.6,23.0,0.2,15 g,500 ml,openfoodfacts,2
8710448639527,samurai sauce,Gouda's Glorie,597.0,0.8,5.1,63.0,1 portion (10 g),550 ml,openfoodfacts,2
8710449500086,aviko,Wavy Blends Paprika,158.0,1.9,25.0,5.3,,,openfoodfacts,1
8710449919451,frites oven pommes,Aviko,155.0,2.5,26.5,3.5,100 gram,750 gram,openfoodfacts,3
8710449925346,frites,Aviko,130.0,2.5,20.5,3.5,100gr,1 kg,openfoodfacts,1
8710449933747,airfryer crunchy frites pommes super,Aviko,153.0,2.5,27.0,3.5,1.0 portion (100.0 g),1pcs,openfoodfacts,5
8710449936106,crunch fries premium super,Aviko,155.0,2.5,27.0,3.5,,750g,openfoodfacts,4
8710449947362,airfryer dunne friet,Aviko,160.0,2.5,25.0,5.0,100 g,750g,openfoodfacts,3
8710466283726,bananenbrood,Koopmans,277.007648183556,5.3,32.0,13.0,37 g,,openfoodfacts,1
8710482534864,pitten reep zaden,Bolletje,558.015296367113,17.0,28.0,39.0,25 gram,226 gram,openfoodfacts,3
8710482535120,beschuit proteine,Bolletje,423.0,22.0,61.0,8.9,10.8 g,,openfoodfacts,2
8710522984215,risotteria zucca,Knorr,109.0,2.8,22.0,0.8,1 portion (296 g),175 g,openfoodfacts,2
8710522987407,pescatora risotteria,Knorr,109.0,2.8,23.0,0.5,,175g,openfoodfacts,2
8710532477608,paprika red,Chio,530.0,6.0,50.0,33.0,,,openfoodfacts,2
8710532478940,crunchy pindakaas,Whole Earth,580.0,26.0,16.0,44.0,,,openfoodfacts,2
8710536100014,matzes,Hollandia,375.0,11.0,79.0,1.0,7 gram,7 gram,openfoodfacts,1
8710555097319,kebab kip,Lekker & Anders,225.0,13.0,3.6,17.0,150 gram,600 gram,openfoodfacts,2
8710555482306,verse worstenbroodjes,De Afbakkers,325.882352941176,12.9411764705882,38.8235294117647,12.9411764705882,85 g,,openfoodfacts,2
8710573743076,pistachepasta,Brinkers,589.0,2.5,54.0,40.0,,270 gr,openfoodfacts,1
8710605030044,mayo sauce sriracha,GoTan,465.0,0.5,11.0,46.0,100 gram,100 gram,openfoodfacts,3
8710605030150,ketchup sriracha,Go-Tan,110.4005,0.78590625,25.752575,0.16539375,20.0g,215ml,openfoodfacts,2
8710605030235,smokey sriracha,Go-tan,139.856006944444,1.66843541666667,31.7206895833333,0.304332638888888,,215 ml,openfoodfacts,2
8710605046380,dums poppa,Go tan,532.0,3.2,39.0,34.0,,55 g,openfoodfacts,2
8710605096088,cocoscreme santen,Go Tan,742.0,6.9,23.5,66.0,,150g,openfoodfacts,2
8710609413409,ciuperci taiate,Carrefour,18.0,2.1,0.2,0.4,1 portion (100 g),,openfoodfacts,2
8710624268183,rijst witte,Gwoon,353.0,5.8,79.6,1.0,65 g,400g,openfoodfacts,2
8710624304447,kampioentjes,Gwoon,206.0,10.2,45.5,4.7,60 gram,240 gram,openfoodfacts,1
8710624333270,kokoskransen,Plus,455.0,4.5,59.0,21.0,40 g,,openfoodfacts,1
8710624336707,rijstdessert,Zuivel Meester,107.0,3.3,21.0,1.1,200 gram,200 gram,openfoodfacts,1
8710624356873,room zure,Melkan,118.0,3.0,4.0,10.0,100 gram,125 gram,openfoodfacts,2
8710624424671,sperziebonen,Plus,39.0,2.0,5.0,0.4,1 veggies (200 g),,openfoodfacts,1
8710624598501,mix suikerwerk,Plus,333.0,3.8,79.0,0.2,1 portion (25 g),,openfoodfacts,2
8710759305326,krokant toast,Jos Poell,441.0,10.0,68.0,14.0,3.5 g,100 g,openfoodfacts,2
87108019,mentos mint,Mentos,390.0,0.0,93.0,1.9,100g,38g,openfoodfacts,2
8710853001681,coconut drink foco,Foco,30.0,0.0,7.6,0.0,,,openfoodfacts,3
8710861910708,ajam sate,Xl,198.0,13.0,7.7,12.0,200 g,,openfoodfacts,2
8710861986208,kip sate,Mora,213.0,11.0,12.0,13.0,160 gram,160 gram,openfoodfacts,2
8710861993947,kroket,Mora,225.333333333333,7.73333333333333,18.6666666666667,13.0666666666667,75 g,,openfoodfacts,1
8710861994944,carrero,Mora,295.0,12.0,10.0,23.0,100 gram,100 gram,openfoodfacts,1
8710908957406,au deshydratee poivre sauce,Knorr,48.0,1.1,6.3,2.0,,,openfoodfacts,4
8710946476938,eieren,Blije kip bio,148.0,12.7,0.5,10.5,,10,openfoodfacts,1
8711000278468,forest fruit tee with,Pickwick,0.0,0.0,0.0,0.0,,1pcs,openfoodfacts,4
8711000324141,cafe forza,L'or,396.6,14.4,40.2,15.4,,4,openfoodfacts,2
8711000383643,fruit fusion,Pickwick,1.0,0.1,0.2,0.0,,500g,openfoodfacts,2
8711000476253,natreen,Natreen,106.0,0.0,1.0,0.0,,,openfoodfacts,1
8711000491201,koffie,Douwe Egberts,47.0,0.9,8.8,0.8,17.8 g,,openfoodfacts,1
8711000677681,cappuccino kenco,Kenco,388.91328125,13.06059765625,66.42859375,7.24232421875,1 serving (15 g),118.4g,openfoodfacts,2
8711000870228,ice macchiato,"Douwe Egberts,Jacobs",64.0,3.1,8.4,2.0,1 serving (230 ml),230 ml,openfoodfacts,2
8711200397174,saus witte,Knorr,427.0,8.4,58.0,17.0,100 ml,4 x 22 g,openfoodfacts,2
8711200403271,boontjes sajoer,Conimex,409.0,3.6,47.0,22.0,390 gram,95 gram,openfoodfacts,2
8711200403318,boontjes javaanse,Conimex,270.0,2.3,40.0,10.0,,,openfoodfacts,2
8711200414369,braten extra soe zu,Knorr,42.0,0.9,6.6,1.3,,2.5l,openfoodfacts,4
8711200430970,creamy pindakaas,Calvé,663.0,18.0,15.0,58.0,1 portion (15 g),15 gram,openfoodfacts,2
8711200445844,braten soe zu,"Knorr, Knorr (Tube)",73.0,0.8,5.5,5.3,100ml,80g,openfoodfacts,3
8711271110092,cornichons okurcicky,Kesbeke,17.0,1.5,1.1,0.4,30.0g,235 ml,openfoodfacts,2
8711281023351,de echte mosterd zaanse,Mosterdmolen de huisman,123.0,6.2,4.4,8.2,,,openfoodfacts,4
8711299021158,amandes,Natural Happiness,610.0,25.8,6.0,51.8,,300 g,openfoodfacts,1
8711327323087,comtessa,"Frigo,Unilever",290.636647727273,1.94818181818182,21.2331818181818,22.9772159090909,100 ml = 50 g,1000 ml ℮ / 500 g ℮,openfoodfacts,1
8711327612174,mini pistacchio,Magnum,315.909090909091,3.86363636363636,31.8181818181818,18.1818181818182,1 serving (44 g),,openfoodfacts,2
8711327617186,citroentaart ijs merinque,Hertog,165.0,1.2,30.0,3.7,,,openfoodfacts,3
8711327623972,berry ice straw tea,Lipton,10.0,0.0,2.3,0.0,200.0g,,openfoodfacts,4
8711327665019,ice raspberry tea,Lipton,10.0,0.0,2.3,0.0,,,openfoodfacts,3
8711327670020,ben jerrys,Ben & Jerry's,278.0,4.0,30.0,16.0,78 g,,openfoodfacts,2
8711547021121,tuinkers,Albert Heijn,20.0,0.5,1.0,0.5,5.0g,,openfoodfacts,1
8711596001075,bambu,A.Vogel,358.0,3.1,82.0,0.5,1.5 gram,7 gram,openfoodfacts,1
8711654005182,banaan spekkoek,Hekos Oriental Food,440.0,6.4,30.0,32.0,1 piece (80 g),,openfoodfacts,2
8711741353660,curry rode thaise,Fairtrade Original,265.0,3.0,21.0,19.0,,70g,openfoodfacts,3
8711741354179,saus soja,Fairtrade,51.0,8.0,4.2,0.0,,200 ml,openfoodfacts,2
8711741356791,in jackfruit stukjes,Fairtrade Original,16.9694072657744,1.0,0.5,0.3,,280 gr,openfoodfacts,3
8711900021010,firm tasty,Cessibon,252.0,2.5,11.0,22.0,100g,,openfoodfacts,2
8712000058807,heineke,Heineken,42.0,0.0,3.2,0.0,100 g,500 g,openfoodfacts,1
8712000900045,beer heineken,Heineken,42.0,0.0,3.2,0.0,,,openfoodfacts,2
87120158,cerveza heineken,Heineken,42.0,0.0,0.0,0.0,330ml,33cl,openfoodfacts,2
8712076090886,worstenbroodje,Hoogvliet,264.0,9.8,33.2,9.8,320 g,,openfoodfacts,1
8712085120109,chinese soep tomaten,Padifood,88.0,2.4,12.0,3.4,450 gram,450 gram,openfoodfacts,3
8712100397516,marinade sate,Conimex,330.0,10.0,65.0,3.0,,38g,openfoodfacts,2
8712247228025,mini torinesi,panetteria di sergio,435.0,11.0,68.0,12.0,,150 g,openfoodfacts,2
8712400120180,nutrinidrink powder,Nutricia,493.0,11.1,61.4,22.8,,400g,openfoodfacts,2
8712425113112,senf su,Mosterd,142.0,9.7,7.9,8.6,,1pcs,openfoodfacts,2
8712429350100,chicken demae ramen,Nissin,91.0,2.0,11.1,4.0,100g,100g,openfoodfacts,3
8712429361106,demae ramen spicy,Nissin,91.0,1.9,11.1,4.1,500ml,100g,openfoodfacts,3
8712439040701,rice syrup,horizon,404.0,1.0,100.0,0.3,,,openfoodfacts,2
8712439500212,bio sesamzaad,,623.0,26.0,6.0,55.0,,200g,openfoodfacts,2
8712512390112,kaashapjes,Kwekkeboom,355.0,13.0,20.0,24.0,20 g,,openfoodfacts,1
8712566065011,karibiksauce,Knorr,270.0,0.5,20.0,22.0,15 ml,250ml,openfoodfacts,1
8712631002835,roti sandhais,Faja lobl,321.0,7.6,50.0,9.7,70 g,280 gr,openfoodfacts,2
8712800196242,chocomek,Chocomel,69.0,3.4,10.0,1.6,200 ml,1pcs,openfoodfacts,1
8713037218622,avocado bio,,205.0,1.56,0.83,20.6,,2 Stück,openfoodfacts,2
8713277301030,currysaus,Oliehoorn,125.955857954545,0.38418,30.5647026136364,0.0785822727272727,25 ml,750 ml,openfoodfacts,1
8713304941802,c vitamina,Roter,90.0,10.0,0.0,0.0,,,openfoodfacts,2
8713454410517,friese tapas worst,,397.0,23.3,0.74,33.4,,,openfoodfacts,3
8713500010463,btween pindakaas,Hero,496.175908221797,12.0,50.0,27.0,25 gram,25 gram,openfoodfacts,2
8713500011989,btween zero,B&amp;amp;#039;tween,338.0,6.8,72.0,8.8,20 gram,120 gram,openfoodfacts,2
8713500012764,nutri vita,Organix,65.0,0.8,14.0,0.2,,,openfoodfacts,2
8713500013013,cassis zero,Hero,2.139,0.0399,0.2904,0.0258,250 ml,250 ml,openfoodfacts,2
8713500013129,kersen zero,Hero,54.0,0.5,15.0,0.2,15 gram,300 gram,openfoodfacts,2
8713500013426,btween,Hero,370.0,10.0,55.0,15.0,20 gram,20 gram,openfoodfacts,1
8713576000399,miso shiro,TERRASANA,177.0,10.9,20.2,4.4,,250g,openfoodfacts,2
8713576008364,havermout terrasana,Terrasana,380.0,13.1,62.0,7.0,,750 gr,openfoodfacts,2
8713576100082,brun tahin,Terrasana,627.0,21.4,4.7,55.4,,500 gr,openfoodfacts,2
8713576100235,cashew pasta,Terra Sana,591.0,18.5,22.5,46.5,,500 gr,openfoodfacts,2
8713576173260,kookrijstwijn mirin zoete,TERRASANA,251.1,0.0,37.6,0.3,,250 ml,openfoodfacts,3
8713576239034,cacaopoeder,Terrasana,337.0,28.0,15.0,11.0,100 gram,160g,openfoodfacts,1
8713576274653,rice sweet wine,Mirin,188.0,0.4,46.6,0.1,,,openfoodfacts,3
8713576275834,amazake bruine rijst,Terra Sana,134.0,3.2,24.8,0.8,,380 gr,openfoodfacts,3
8713713089676,haar vitamines,Lucovitaal,360.0,0.0,84.0,0.0,,,openfoodfacts,2
8713788124142,kers,Activia,48.0,4.64,7.12,0.08,1 portion (125 g),4 x 125 g,openfoodfacts,1
8713800256004,witjes zwart,Venco,385.0,0.2,94.0,0.6,1 serving (100 g),,openfoodfacts,2
8713938001606,erwtensoep,Machandel Bio,54.0,3.5,7.6,0.2,,,openfoodfacts,1
8713938005345,creme erdnuss kakao,Frieda,568.4,22.4,16.9,43.6,,,openfoodfacts,3
8714100838082,esencia,Flora,620.0,0.5,0.5,70.0,,225 g,openfoodfacts,1
8714266430168,havermout,Meesters van de Halm,391.0,13.5,62.0,7.0,,500 gr,openfoodfacts,1
8714700170315,basis,Honig,284.0,8.8,51.0,2.5,10 gram,41 gram,openfoodfacts,1
8714700170551,basis tomatensoep voor,Honig,119.0,9.3,64.0,2.4,360 gram,87 gram,openfoodfacts,3
8714779008533,hoemoes,Maza,115.0,6.7,7.8,18.2,1 portion (100 g),,openfoodfacts,1
8714800047050,fruity rose,Bavaria,24.0,0.1,5.9,0.0,,330 ml,openfoodfacts,2
8715017995097,soja stukjes,"Valle del sole, Valle del",295.0,60.0,5.6,3.1,20.0g,150 g,openfoodfacts,2
8715035110205,merce sojas,kikkoman,77.0,10.0,3.2,3.740625,,150ml,openfoodfacts,2
8715035210301,teriyakisauce,"Kikkoman, Kikkoman - Kikkoman K.K.",99.0,7.0,12.0,0.0672784722222222,20 g,250ml,openfoodfacts,1
8715035240308,sojasauce sushi,Kikkoman,82.0,8.2,8.8,0.0,,250ml,openfoodfacts,2
8715108060109,suikerbood,AH,305.714285714286,7.6,63.0,2.2,35 gram,35 gram,openfoodfacts,1
8715108199670,boterkoek,Picnic,532.0,5.2,59.6,30.0,,,openfoodfacts,1
8715148000363,dim mix sum,Delico,190.0,11.0,20.0,7.4,,,openfoodfacts,3
8715600243611,cranberry,Crystal Clear,1.0,0.0,0.0,0.0,,,openfoodfacts,1
8715600249804,vitamin water,Sourcy,1.0,0.0,0.0,0.0,500 ml,,openfoodfacts,2
8715600250466,cherry pepsi zero,Pepsi,3.0,0.0,0.0,0.0,1 can (250 ml),"0,25 L",openfoodfacts,3
8715700117140,ketchup tomaten zero,HEINZ,40.0,1.6,5.9,0.1,50 g,400ml,openfoodfacts,3
8715700122151,ketchup zero,Heinz,44.0,1.6,5.4,0.1,20 gram,425 gram,openfoodfacts,2
8715700122489,sirup,Karvan Cévitam,210.0,0.0,50.0,0.0,1 portion (200 ml),1pcs,openfoodfacts,1
8715700126937,kip oosterse,Honig,314.0,5.8,68.0,1.7,200.0g,,openfoodfacts,2
8715700127927,puur,De Ruijter,443.0,5.2,66.0,16.0,1 portion (15 g),,openfoodfacts,1
8715700128658,ketchup sriracha sweer tomato,Heinz,97.0,1.2,21.0,0.1,,455h,openfoodfacts,4
8715700128931,frietsaus,Heinz,240.0,0.6,12.0,21.0,1 portion (100 g),,openfoodfacts,1
8715700421018,heinz mediterraan sandwich spread,Heinz,200.0,1.6,16.0,14.0,15 gram,300 gram,openfoodfacts,4
87157932,heinz mayonesa,Heinz,644.0,0.8,3.0,70.0,0.4 serving (40 g),,openfoodfacts,2
8716100121478,rakkers trouwe,Katja,350.0,0.9,86.0,0.2,25 g,,openfoodfacts,2
8716100620124,matten zucker,Katja,364.0,2.20000004768372,81.0,2.09999990463257,25.0g,,openfoodfacts,2
8716100630123,veters zoete,Katja,356.0,3.0,75.0,2.8,,,openfoodfacts,2
8716118503884,oudewijvenkoek,Nanning,296.666666666667,2.66666666666667,70.0,0.666666666666667,30 g,,openfoodfacts,1
8717163787205,bami kruidenmix,Conimex,265.0,15.0,45.0,4.0,19 g,,openfoodfacts,2
8717163815052,franse uiensoep,Unox,28.0,0.5,2.4,1.8,570 ml,570 ml,openfoodfacts,2
8717228611261,shoarma varken,Jumbo,135.0,20.0,1.2,5.5,1 packet (1000 g),,openfoodfacts,2
8717333100759,ace boisson vitaminee,Kruidvat,44.0,0.0,11.0,0.0,250 ml,500 ml,openfoodfacts,3
8717545263631,ijwit,Brouwerij ‘t Ij,54.0,0.2,0.0,0.1,330 ml,,openfoodfacts,1
8717545264034,free ipa,Brouwer 'T IJ,23.0,0.26,4.9,0.1,1 can (330 g),,openfoodfacts,2
8717600197246,tijm,Euroma,107.0,5.56,10.5,1.68,,14 gr,openfoodfacts,1
8717624005800,dried mustard,,37.0,13.3,47.5,0.8,,150 g,openfoodfacts,2
8717677178902,smokey sweet,,172.0,0.48,42.48,1.08,,,openfoodfacts,2
8717774266090,cuisine fish,Iglo,108.0,9.9,4.6,5.4,1 portion (100 g),380 g,openfoodfacts,2
8717953127471,raw rice,"Clean Foods,CleanFoods",5.0,0.1,1.2,0.1,,200g,openfoodfacts,2
8717982009250,banana protein shake,Müllermilk,62.0,6.5,5.4,1.5,400 g,,openfoodfacts,3
8718053589121,medium roast,Australian,396.6,14.4,40.2,15.4,,,openfoodfacts,2
8718053594743,boisson pasteque,,39.0,0.0,9.7,0.0,,,openfoodfacts,2
8718104461116,cranberry redfruit,O2Life,12.0,0.0,2.8,0.0,750 ml,750 gram,openfoodfacts,2
8718166019812,cheesecake rasberry,Melkunie,89.0,3.2,11.0,3.0,200 gram,200 gram,openfoodfacts,2
8718215838364,crackers meerzaden protein,Bakery Wil &amp; co,451.0,36.0,17.0,27.0,15 gram,90 gram,openfoodfacts,3
8718226775009,ah bruin stokbrood,AH,266.236,9.1969,51.2552,1.338,,,openfoodfacts,3
8718247442768,fornaccini,Paolo,425.0,10.0,70.0,11.0,,,openfoodfacts,1
8718265048058,rundertartaar,AH,170.0,20.0,0.5,9.8,100 gram,200 gram,openfoodfacts,1
8718265062634,boeren metworst,Albert Heijn,379.0,18.0,0.2,34.0,13 gram,150 gram,openfoodfacts,2
8718265086074,kerstkransjes mix,AH Excellence,55.0,0.6,7.5,2.4,11 gram,200 gram,openfoodfacts,2
8718265098060,franse worstjes,Alberthein,466.666666666667,28.3333333333333,3.33333333333333,38.3333333333333,6 g,,openfoodfacts,2
8718265131170,ah krabbetjes,AH,205.0,29.1,0.24,9.78,,,openfoodfacts,2
8718265133327,ah runderhart,AH,240.0,32.1,0.0,12.4,,,openfoodfacts,2
8718265133587,ah schouderkarbonade,AH,205.0,29.1,0.24,9.78,,,openfoodfacts,2
8718265141643,komkommer rauwkost,Albert Heijn,18.0,1.0,2.4,0.2,150 gram,150 gram,openfoodfacts,2
8718265267725,ah tiramisu,Albert Heijn,255.0,4.0,38.0,8.0,,2 x 85 g,openfoodfacts,2
8718265398924,boomstammetjes en ham kaas,AH,291.0,17.0,8.3,21.0,100.0g,,openfoodfacts,4
8718265399136,ah runderbraadworst,AH,222.12238125,29.57869453125,0.2259253125,11.427760625,,,openfoodfacts,2
8718265399143,runderbraadworst,AH,261.0,19.0,1.2,20.0,100.0g,,openfoodfacts,1
8718265434356,haver koekjes,AH,471.0,8.5,63.0,19.0,15 g,,openfoodfacts,2
8718265479616,met tartaar ui,Ah,107.0,13.0,2.8,4.7,100 g,15 gram,openfoodfacts,3
8718265503410,franse friet,Albert Heijn,169.0,2.4,26.0,5.6,125 g,750 gram,openfoodfacts,2
8718265636866,pompoen,AH,15.0,0.7,2.0,0.4,,,openfoodfacts,1
8718265671799,mix pinda,Albert Heijn,578.0,22.0,22.0,43.0,1 portion (100 g),150g,openfoodfacts,2
8718265740334,shoarma,AH,158.0,20.0,1.4,8.0,100.0g,,openfoodfacts,1
8718265743427,biscuit marie,Albert Heijn,440.0,8.5,73.0,12.0,5 g,400 g,openfoodfacts,2
8718265745148,bitter koekjes,Albert Heijn,429.0,9.6,65.0,13.0,,,openfoodfacts,2
8718265798397,amsterdamse rauwkost uitjes,AH,32.0,2.0,4.33333333333333,0.4,150 gram,150 gram,openfoodfacts,3
8718265807365,diepvries snijbonen,Albert Heijn,36.0,2.5,5.0,0.2,225 g,,openfoodfacts,2
8718265810198,broodjes pita,Albert Heijn,245.0,8.4,49.0,1.0,50 g,50 gram,openfoodfacts,2
8718265812468,creamer koffie,AH,535.0,1.5,63.0,31.0,,,openfoodfacts,2
8718265814240,kerrie kip,Albert Heijn,309.0,8.3,8.0,27.0,,,openfoodfacts,2
8718265814257,krab surimi,Albert Heijn,269.0,4.7,13.0,22.0,100 g,,openfoodfacts,2
8718265830226,spekreepjes,Meester & Zn.,282.0,16.0,0.5,24.0,100 gram,300 g,openfoodfacts,1
8718265891234,ah tonijnsteak wit,AH,144.0,24.0,0.0,5.38,,,openfoodfacts,3
8718265921894,brood,Albert Heijn,284.0,12.0,44.0,5.9,,,openfoodfacts,1
8718403880212,mix noten pepita,NutCase,587.0,23.4,16.4,45.9,,,openfoodfacts,3
8718444867968,aardbei eiwittwn,Virtuoos,388.0,76.0,7.2,5.9,30 gram,750 gram,openfoodfacts,2
8718452581566,krewetki,Jumbo,73.0,11.0,2.8,2.0,450g,450 g,openfoodfacts,1
8718452649792,broodjes desem,Jumbo,252.0,9.9,42.1,3.5,75 gram,300 gram,openfoodfacts,2
8718452697069,bewust,Jumbo,347.0,0.1,1.1,38.0,5 gram,500 gram,openfoodfacts,1
8718452815531,broodjes,Jumbo,234.0,12.4,37.0,2.6,50 g,,openfoodfacts,1
8718452843916,dream mix smoothie strawberry,Jumbo,53.0,0.8,10.8,0.1,125 gram,250 gram,openfoodfacts,4
8718452888887,aardbeien vriesverse,JUMBO,28.8,1.1,5.8,0.4,125 g,750 g,openfoodfacts,2
8718452905706,in kip tomatensaus,Jumbo,142.0,7.8,12.0,6.3,475 gram,475 gram,openfoodfacts,3
8718452924264,bbq kip panini,Jumbo,251.0,12.5,34.4,6.8,162 g,,openfoodfacts,3
8718452947997,ciabatta wit,Jumbo,275.0,8.2,52.5,3.0,35 g,,openfoodfacts,2
8718452993185,zoet zuur,Jumbo,224.0,0.7,48.0,2.7,224 ml,,openfoodfacts,2
8718546950742,chorizo croque,The Tosti Club,290.0,12.0,27.0,14.0,,,openfoodfacts,2
8718700499452,brie creme de,Eru,266.0,17.0,0.1,22.0,,,openfoodfacts,3
8718734494034,koekjes zachte,De kleine keuken,351.0,6.6,55.0,11.0,10g,,openfoodfacts,2
8718754505062,chips hummus paprika with,Trafo,399.0,9.2,57.0,14.0,100g,75 g,openfoodfacts,4
8718754740968,core dubai pistachio stuff,Hands Off,578.0,9.8,40.8,40.9,,,openfoodfacts,4
8718774017163,chips protein smart,Body&amp;Fit,408.695652173913,29.1304347826087,42.6086956521739,11.304347826087,23 gram,23 gram,openfoodfacts,3
8718781601287,mux quinoa,lassie bio,376.0,11.7,60.7,8.0,100 g,275 g,openfoodfacts,2
8718781601799,pandan rijst,Lassie,356.0,6.5,80.3,0.8,100 g,,openfoodfacts,2
8718796038962,potatoes,Ah,88.0,2.0,19.0,0.0,200 g,,openfoodfacts,1
8718796059271,butter herb,AH,644.0,0.8,2.4,70.0,5 g,,openfoodfacts,2
8718796107101,aardbei roomijs,Albert Heijn,160.6952,3.12448,26.56246,5.31642,1 g per (50 g),,openfoodfacts,2
8718836901058,in sardines water,Fish tales,212.0,19.0,0.0,14.0,1 portion (85 g),,openfoodfacts,3
8718868678300,crackers kaas peper,Tasty Basics,418.0,33.0,18.0,20.0,25 gram,200 gram,openfoodfacts,3
8718885877991,kikkererwten zwarte,Green age,355.0,20.9,46.9,6.3,,500g,openfoodfacts,2
8718906007109,notenmix,Albert Heijn,575.6,13.854,7.869,52.55,100 g,,openfoodfacts,1
8718906116825,mandarijn,Ah Bio,45.0,0.7,9.9,0.1,,,openfoodfacts,1
8718906131279,ah andijvie stamppot verse,AH,92.0,3.5,8.8,4.4,100 gram,500 gram,openfoodfacts,4
8718906154056,ah kaiserbroodjes nat wit,AH,241.979166666667,10.0644270833333,44.0739583333333,1.3828125,,,openfoodfacts,4
8718906185814,pasta tonijn,Albert Heijn,154.0,6.2,17.0,6.5,1 portion (550 g),550 g,openfoodfacts,2
8718906189331,ah biefstukpuntjes,AH,240.0,32.1,0.0,12.4,,,openfoodfacts,2
8718906223608,ah katenspek,AH,199.828625,27.371675,1.9816375,9.19516875,,,openfoodfacts,2
8718906336360,chocodrank,Ah,57.0,1.2,11.0,0.8,,,openfoodfacts,1
8718906336483,bosvruchten thee zwarte,Albert Heijn,1.0,0.2,0.0,0.0,,,openfoodfacts,3
8718906336858,ah rooibos specerijen,Albert Heijn,0.0,0.0,0.0,0.0,,,openfoodfacts,3
8718906336896,ah winterthee,Albert Heijn,0.8,0.0,0.2,0.0,,,openfoodfacts,2
8718906385559,runderknakworst,Albert Heijn,175.0,11.0,5.5,12.0,20.0g,,openfoodfacts,1
8718906536319,kai kha soep thaise tom,Ah Excellent,52.280701754386,1.40350877192982,5.05263157894737,3.19298245614035,1 serving (285 ml),,openfoodfacts,5
8718906555679,ah runderrookworst,AH,229.791666666667,30.52425,0.401527777777775,11.7838194444444,,,openfoodfacts,2
8718906611719,rietsuiker,Albert Heijn,400.0,0.0,100.0,0.0,,500g,openfoodfacts,1
8718906616462,tostiham,Albert Heijn,97.0,15.0,4.5,2.1,21 gram,150 gram,openfoodfacts,1
8718906616509,koeken pannen spek,AH,194.75,27.645,0.228,9.291,100 g,,openfoodfacts,3
8718906662636,dark koffiepads roast,Perla,1.0,0.2,0.1,0.0,200ml,,openfoodfacts,3
8718906693081,ah kaas uienbroodje,AH,204.157474517822,6.88887191772461,39.1599742889404,1.16112728118896,,,openfoodfacts,3
8718906696891,cappucino ijskoude,Albert Heijn,60.0,2.5,9.0,1.5,250ml,250,openfoodfacts,2
8718906698536,aardbeien bevroren fruit,AH,25.6,0.7,5.8,0.4,1 portion (100 g),100 gram,openfoodfacts,3
8718906699816,sereh,Albert Heijn,88.0,1.8,12.0,0.5,50 g,50 g,openfoodfacts,1
8718906707757,peperoni,AH Biologisch,35.125,1.03,5.6675,0.2625,,,openfoodfacts,1
8718906729018,pasta saus,Albert Heijn,39.0,2.0,7.0,0.1,100 gram,400 gram,openfoodfacts,2
8718906729100,pasta pikant saus,Albert Heijn,48.0,1.2,7.5,1.2,,520g,openfoodfacts,3
8718906748378,ah kaasfondue zwitserse,AH,249.0,16.0,3.4,19.0,100 g,400 g,openfoodfacts,3
8718906785151,kipspiesjes yakitori,Albert Heijn,170.0,18.0,11.0,5.9,1 portion (15 g),,openfoodfacts,2
8718906809734,burritos mexicaanse,Albert heijn,146.0,7.1,14.0,6.2,404 gram,1616 gram,openfoodfacts,2
8718906814080,caeser,Albert Heijn,343.0,1.5,5.0,35.0,15 ml,15 ml,openfoodfacts,1
8718906826915,cerise chausson creme fraiche,Albert Heijn,354.0,3.5,35.0,22.0,1 flap (66 g),,openfoodfacts,4
8718906827110,aardbeien,Ah,228.0,2.7,27.0,12.0,720 g,,openfoodfacts,1
8718906879003,duchesse pompen,Albert Heijn,139.0,1.8,18.0,6.2,1 toefje (21 g),750 gram,openfoodfacts,2
8718906904248,tartaar,AH Biologisch,125.0,20.0,0.3,4.9,100.0g,,openfoodfacts,1
8718906904590,varkensbraadworst,AH Bio,197.729125,27.93815,0.4565125,9.38975,100 g,200 g,openfoodfacts,1
8718906923355,pompoen rijst,AH Biologisch,33.0,0.7,6.9,0.2,,,openfoodfacts,2
8718906923362,ah fruithapje,Albert Heijn,59.0,0.5,12.0,0.3,,,openfoodfacts,2
8718906923478,ah bio fruithapje,Albert Heijn,50.0,0.4,10.0,0.5,,,openfoodfacts,3
8718906948655,minifriet paprika,Albert Heijn,510.0,5.5,52.0,30.0,,,openfoodfacts,2
8718906948679,friet mini,Albert Heijn,510.0,6.1,52.0,30.0,,,openfoodfacts,2
8718906995710,boter kruiden stokbrood,Albert Heijn,305.0,7.5,38.0,13.0,22 gram,22 gram,openfoodfacts,3
8718907052726,ah ontbijtkoek,Albert Heijn,300.0,2.40000009536743,68.0,1.20000004768372,25.0g,465 g,openfoodfacts,2
8718907108553,kip,Ah,140.0,26.0,3.0,2.5,150 gram,150 gram,openfoodfacts,1
8718907116237,chocopindas zoete,Albert Heijn,548.0,16.0,35.0,37.0,25 g,200 g,openfoodfacts,2
8718907116442,pindas suiker zoete,Albert Heijn,556.0,17.0,41.0,35.0,25 g,,openfoodfacts,3
8718907128179,kaiserbroodjes,AH,253.846153846154,9.23076923076923,50.7692307692308,0.923076923076923,65 g,10 x 65 g = 650 g,openfoodfacts,1
8718907150903,tomaat,Albert Heijn,12.4,0.9,4.0,0.8,,1000g,openfoodfacts,1
8718907150934,komkommer snack,Albert Heijn,13.0,0.699999988079071,1.29999995231628,0.400000005960464,30.0g,,openfoodfacts,2
8718907151702,schnittbroodjes wit,Albert Heijn,250.0,8.8,50.0,1.0,1 broodje (50 g),300 g,openfoodfacts,2
8718907161398,bakboter,Albert Heijn,874.0,0.1,0.1,97.0,10 g,,openfoodfacts,1
8718907178969,pitten pompoen,Albert Heijn,589.0,30.0,7.9,48.0,100 g,500 g,openfoodfacts,2
8718907179164,cashew noten,Ah,600.0,19.0,23.0,47.0,100 g,,openfoodfacts,2
8718907179225,mix noten,Albert Heijn,660.0,19.0,9.5,59.0,25 g,350 g,openfoodfacts,2
8718907179249,noten para,AH Bio,710.0,14.0,2.0,70.0,25 g,240g,openfoodfacts,2
8718907197168,mini roombroodjes,Albert Heijn,204.477611940299,4.92537306315863,37.3134328358209,3.73134328358209,67.0g,,openfoodfacts,2
8718907209229,houdbaar kookroom,Albert Heijn,151.9,3.08,3.93,13.095,50 ml,200 ml,openfoodfacts,2
8718907211239,croissant ham kaas,AH,306.0,8.7,29.0,17.0,95 g,,openfoodfacts,3
8718907211246,croissants roomboter,AH,344.0,6.5,37.0,18.0,90.0g,,openfoodfacts,2
8718907211260,croissant kaas,AH,310.526315789474,8.52631578947368,30.5263157894737,16.8421052631579,4 croissants (95 g),,openfoodfacts,2
8718907211284,suaziis,AH,315.625,7.1875,23.9583333333333,20.8333333333333,96 g,,openfoodfacts,1
8718907211291,kaasbroodje,AH,336.0,7.9,24.0,23.0,1 broodje (96 g),,openfoodfacts,1
8718907211833,oven partymix,Albert Heijn,192.0,6.8,16.0,11.0,,720g,openfoodfacts,2
8718907216111,cafe noir,Ah,426.666666666667,6.66666666666667,78.6666666666667,9.33333333333333,7.5 g,,openfoodfacts,2
8718907234986,ah iberico queso,AH,31.32,2.952,4.491,0.171,100g,118 g,openfoodfacts,3
8718907242615,ah paprika reepjes rode,Albert Heijn,24.0,0.5,3.5,0.5,1 portie (3 g),,openfoodfacts,4
8718907267434,brood spread,Albert Heijn,245.0,5.0,16.0,19.0,,,openfoodfacts,2
8718907270106,mix spijskoekjes,Albert Heijn,342.0,5.4,61.0,7.5,17 g,,openfoodfacts,2
8718907271479,chip choc rainbow,Albert Heijn,505.263157894737,5.26315789473684,63.1578947368421,25.2631578947368,19 g,,openfoodfacts,3
8718907285438,mousetrap saucisson,AH Excellent,416.0,28.0,1.7,33.0,,,openfoodfacts,2
8718907294898,kip paprika pesto wrap,TAPAS,288.885194114224,6.9,27.8,17.0,23 gram,138 gram,openfoodfacts,4
8718907294973,tapas wrap,Ah,224.0,8.6,24.0,10.0,20 gram,138 gram,openfoodfacts,2
8718907313780,rivierkreeftjes,AH,84.0,18.0,0.0,1.2,,100 g,openfoodfacts,1
8718907314626,airfryer potato sweet,Albert Heijn,59.1964285714286,1.46542857142857,19.8103571428571,5.16892857142857,100 g,,openfoodfacts,3
8718907317337,indiase kerriesoep,Albert Heijn,61.0,1.5,3.6,4.2,1 portion (285 ml),,openfoodfacts,2
8718907326759,ajam boemboe smoor,Ah,133.604206500956,9.3,19.0,2.0,,,openfoodfacts,3
8718907329101,ah rundervink,AH,245.0,18.0,2.6,18.0,100.0g,4 stuks,openfoodfacts,2
8718907335669,ah spek zeeuws,AH,193.874569549561,26.7841637878418,1.5211917388916,8.9991145111084,,,openfoodfacts,3
8718907339247,aardbeien bavarois schnitte,Ah,280.0,4.0,34.0,14.0,100 g,70 gram,openfoodfacts,3
8718907340106,cashew mix,Albert Heijn,627.0,21.0,16.0,52.0,25 g,,openfoodfacts,2
8718907340144,mix pistache,Albert hein,663.0,18.0,10.0,60.0,28.0g,,openfoodfacts,2
8718907341103,koeken pinda,Albert Heijn,529.0,11.0,54.0,29.0,200.0g,,openfoodfacts,2
8718907342896,kai kha tom,Albert Heijn,119.0,4.7,11.0,5.9,100 g,,openfoodfacts,3
8718907345187,ah boerenmetworst,AH,194.7199375,27.354,0.7308375,9.1932,,,openfoodfacts,2
8718907346061,jodekoeken,Albert Heijn,519.0,5.7,67.0,25.0,19 g,"380 g, 20 koeken van 19 g",openfoodfacts,1
8718907361989,snoeptomatenmix,Albert Heijn,31.0,0.9,4.0,0.8,250.0g,,openfoodfacts,1
8718907362047,paprikamix,Albert Heijn,24.0,0.8,3.8,0.1,,,openfoodfacts,1
8718907366007,brood wit,Ah,249.0,8.5,50.0,1.3,100 g,,openfoodfacts,2
8718907369213,houtoven pizzabodem,Albert Heijn,226.4,5.2,36.0,6.4,250 g,500 gram,openfoodfacts,2
8718907381642,ah diamanthaas,AH,208.8,27.927,0.0,10.788,,,openfoodfacts,2
8718907384742,sinas,Ah,3.0,0.03,0.4,0.0,500 ml,500 ml,openfoodfacts,1
8718907384810,drank sport,Albert Heijn,60.0,0.0,15.0,0.01,,,openfoodfacts,2
8718907386029,ananas op sap stukjes,AH,56.0,0.3,13.0,0.01,100 gram,567 g,openfoodfacts,4
8718907400718,ah brownie mix,Albert Heijn,358.0,4.7,62.0,9.5,60 g,,openfoodfacts,3
8718907408127,kaaskroket oven,Albert Heijn,203.037286841351,2.66528311024541,16.9312621937627,13.4693289715311,1 Kroket (40 g),6 x,openfoodfacts,2
8718907411141,ah porc roasted,AH,198.625,27.7023863636364,1.10953409090908,9.29739204545454,,,openfoodfacts,3
8718907426084,ah camembert,AH,265.0,19.0,0.0,21.0,1 portion (10 g),240 g,openfoodfacts,2
8718907441155,fruithartjes,AH,394.0,0.5,98.0,0.0,2.5 g,,openfoodfacts,1
8718907441285,afbakbroodje,Ah,226.0,9.8,41.0,0.9,70 gram,700 gram,openfoodfacts,1
8718907442848,pancetta,AH Excellent,445.0,14.0,0.5,43.0,8 g,,openfoodfacts,1
8718907442909,cambo cebo de iberico jamon,Ah Excellent,290.0,25.0,0.2,21.0,,,openfoodfacts,5
8718907447652,wijnazijn witte,Albert Heijn Bio,18.0,0.0,0.0,0.0,10.0g,250 ml,openfoodfacts,2
8718907460590,carpaccio,AH,154.0,18.0,1.29999995231628,8.5,60.0g,,openfoodfacts,1
8718907466998,scrocchi,Fratelli Laurieri,440.0,10.0,70.0,13.0,1 portion (30 g),,openfoodfacts,1
8718907468794,ah crackers sesam,AH,412.912549336751,7.72876224093967,61.7466769917806,14.0740189700657,,,openfoodfacts,3
8718907470094,crackers rice sesame,Albert Heijn,415.0,7.4,79.0,7.3,4 portion (25 g),,openfoodfacts,3
8718907471664,chip choc coated,Albert Heijn,522.727272727273,5.45454545454545,59.0909090909091,29.0909090909091,22 g,,openfoodfacts,3
8718907472678,crackers met mini zout,Albert Heijn,432.0,9.8,72.0,11.0,1 portion (25 g),,openfoodfacts,4
8718907473378,pompoen risotto,Albert Heijn,69.0,2.1,9.7,2.3,360 gram,720 gram,openfoodfacts,2
8718907473736,cheese mac met n pompoen,Albert Heijn,121.0,4.7,10.0,6.5,400 gram,1 gram,openfoodfacts,5
8718907481953,chocos crispy,AH,445.028680688337,3.7,76.0,13.0,1 portion (30 g),,openfoodfacts,2
8718907492515,pikant pita,Ah,331.0,10.0,6.6,29.0,,,openfoodfacts,2
8718907494236,partybrood wit,Albert Heijn,277.0,10.0,46.0,5.30000019073486,100.0g,200 g,openfoodfacts,2
8718907496346,avocado stukjes,Albert Heijn,202.95,1.5444,0.8217,20.394,125 g,,openfoodfacts,2
8718907503006,kerrie prei soep verspakket,Albert Heijn,58.8,0.92,5.2,3.6,250 ml,1500 gram,openfoodfacts,4
8718907510899,ardennepate,Albert Heijn,296.0,13.0,4.2,25.0,,,openfoodfacts,1
8718907510905,cranberrypate,AH,322.0,8.6,11.0,27.0,100.0g,,openfoodfacts,1
8718907510912,cremepate,AH,261.0,9.1,4.3,23.0,15 gram,80 gram,openfoodfacts,1
8718907520515,bosvruchten fruitreep,Albert Heijn,395.0,4.0,64.0,8.5,27.0g,,openfoodfacts,2
8718907521178,tostibrood wit,AH,240.820162259615,10.480205078125,42.9128605769231,1.58367412860577,2 serving (70 g),,openfoodfacts,2
8718907532426,basis tomatensaus,"AH Bio,Albert Heijn",48.0,1.7,5.9,1.4,100 gram,390 gram,openfoodfacts,2
8718907542418,bio haver koekjes,AH,474.0,8.6,62.0,20.0,1 portion (100 g),,openfoodfacts,3
8718907543972,bamischijf,Albert Heijn,273.0,5.0,33.0,13.0,1 bamischijf (80 g),320g,openfoodfacts,1
8718907565424,hawaii krokante pizza,Albert Heijne,227.0,9.8,26.0,8.8,355 g,,openfoodfacts,3
8718907577977,roomboterspritsen,Albert Heijn,535.0,6.3,59.0,30.0,12 gram,12 gram,openfoodfacts,1
8718907577991,kano,Ah,425.0,6.2,63.0,16.0,1 portion (45 g),,openfoodfacts,1
8718907578004,bokken pootjes,Albert Heijn,506.0,4.1,66.0,24.0,13 g,,openfoodfacts,2
8718907590921,kip piri,Albert Heijn,117.007717294583,5.09652502288229,13.996138996139,4.2084940612086,518 gram,1022 gram,openfoodfacts,2
8718907600972,rode ui,AH Bio,38.0,1.3,6.3,0.2,,500 g,openfoodfacts,2
8718907601955,foccacia,Albert Heijn,436.0,13.0,64.0,12.0,165 g,,openfoodfacts,1
8718907609999,ah kokosmakroon,AH,331.39625,2.41396875,55.5661125,10.78890625,,,openfoodfacts,2
8718907611268,curry soep thaise,AH,65.0,1.4,4.3,4.0,300 ml,,openfoodfacts,3
8718907611954,kaassaus,Ah,77.0,2.5,11.0,2.5,,,openfoodfacts,1
8718907611961,kerriesaus,AH,76.0,2.6,10.0,2.8,,,openfoodfacts,1
8718907614948,broodje pompoen,Albert Heijn,263.0,10.0,44.0,4.3,80 gram,320 gram,openfoodfacts,2
8718907615808,ui zoete,Albert Heijn,38.0,1.3,6.3,0.0,100 g,,openfoodfacts,2
8718907617345,ah ananas,AH,54.0,0.5,12.0,0.1,100 gram,150 g,openfoodfacts,2
8718907618724,shiitake,AH Biologisch,46.0,2.2,6.8,0.5,125 g,125 g,openfoodfacts,1
8718907622691,boerenmetworst,Albert Heijn,434.0,27.0,0.5,36.0,,,openfoodfacts,1
8718907622981,dip kaas pesto,AH,450.0,9.4,3.7,44.0,10.0g,90 g,openfoodfacts,3
8718907623087,pepper roomkaas sweet,AH,368.0,4.3,11.0,34.0,10 g,125 g,openfoodfacts,3
8718907627924,pistachenoten,AH Biologisch,639.0,20.0,16.0,54.0,25.0g,,openfoodfacts,1
8718907629331,kip thais,AH,158.0,23.0,1.5,6.5,150.0g,,openfoodfacts,2
8718907630313,framboise jus poire pomme,Albert Heijn,43.0,0.3,10.0,0.0,1000.0g,,openfoodfacts,4
8718907631709,eierpasta fresca pasta,AH,208.0,8.2,25.0,7.5,100 g,,openfoodfacts,3
8718907634526,spiesjes yakitori,AH,186.0,13.0,13.0,8.9,19 gram,115 gram,openfoodfacts,2
8718907636827,hot krokantjes,Albert Heijn,531.0,4.7,58.0,31.0,25 gram,175 g / 7 porties (25g),openfoodfacts,2
8718907639897,aarbij banaan doosje met,AH,66.0,0.8,14.0,0.2,100 g,,openfoodfacts,4
8718907650915,ah krokante wasabi zeewier,AH,316.49125,7.699875,49.3890625,11.280875,,,openfoodfacts,4
8718907651271,jamboneau nos,Albert Hein,179.2925,25.026,0.9549,8.4108,25 g,,openfoodfacts,2
8718907651387,katenspek,Albert Heijn,289.0,14.0,2.1,25.0,10 g,,openfoodfacts,1
8718907653909,paste penne,Albert Heijn,351.0,12.0,71.0,1.5,,,openfoodfacts,2
8718907653930,bio orzo,AH Bio,340.16,12.1,62.4,2.24,100 g,,openfoodfacts,2
8718907685832,kruidenkoekreep zero,AH,233.333333333333,2.61904761904762,54.7619047619048,1.19047619047619,42 gram,42 gram,openfoodfacts,2
8718907693318,kruidkoekreep,Albert Heijn,299.0,2.3,69.0,0.8,65.0g,6 x 65 g = 390 g,openfoodfacts,1
8718907698467,bacon kip mts,Albert Heijn,105.0,5.4,7.6,5.6,400 gram,400 gram,openfoodfacts,3
8718907702478,mosterd soep,AH,69.0,1.1,2.7,5.7,250 ml,6 pers | 35 min,openfoodfacts,2
8718907709101,pindarots,Ah,550.0,14.0,38.0,37.0,100 g,,openfoodfacts,1
8718907709118,pindarotsjes,AH,544.0,14.0,35.0,37.0,1 portion (25 g),,openfoodfacts,1
8718907716772,boterhamworst,Albert Heijn,270.0,11.0,7.0,22.0,13.5g,150 g,openfoodfacts,1
8718907723565,ah beef corned,AH,226.2234375,30.174,0.1559375,11.656,,,openfoodfacts,3
8718907724159,ah ham roasted,AH,200.577857142857,27.9792857142857,1.10918571428571,9.39362142857143,,,openfoodfacts,3
8718907730440,tomatenpuree,ah,89.0,4.6,15.0,0.4,140 g,140g,openfoodfacts,1
8718907735971,humus mediteraanse tapenade,Ah terra,200.0,6.0,10.0,14.0,10 g,,openfoodfacts,3
8718907750677,kip madras verspakket,Albert Heijn,102.0,6.1,10.0,3.9,604 gram,815 gram,openfoodfacts,3
8718907757867,ah radijsmix,AH,22.0,1.0,4.0,0.0,35.0g,,openfoodfacts,2
8718907765350,erwt soep verse,Albert Heijn,97.0,5.5,12.0,2.59999990463257,250.0g,,openfoodfacts,3
8718907765381,kip oosterse soep verse,Albert Heijn,30.0,1.6,2.7,1.4,250 gram,500 gram,openfoodfacts,4
8718907765565,bapao kipsate,Albert heijn,230.0,8.3,37.0,5.1,115 gram,115 gram,openfoodfacts,2
8718907766364,azijn rijst,AH,0.0,0.67584,7.488,0.08736,10 portions (15 ml),,openfoodfacts,2
8718907766982,en fruitmix rood zacht zuur,Albert Heijn,365.0,1.0,89.0,0.04,,,openfoodfacts,5
8718907771979,kruiden roomkaas,AH,280.0,6.4,2.7,27.0,1 portion (100 g),150 g,openfoodfacts,2
8718907775779,cassave kroepoek,Albert Heijn,492.0,1.3,66.0,24.0,,125 g,openfoodfacts,2
8718907782876,ijshoorntjes,Ah,271.0,2.7,40.0,11.0,70 gram,70 gram,openfoodfacts,1
8718907787949,aardbei siroop,AH,201.0,0.01,49.0,0.0,200ml,750ml,openfoodfacts,2
8718907788496,kaas witte,Albert Heijn,206.0,14.0,1.4,16.0,1 portion (20 g),200 g,openfoodfacts,2
8718907789752,boter zeezout,Ah,725.0,0.4,0.8,80.0,100 g,,openfoodfacts,2
8718907791151,soep tomaten,AH,28.056,0.6525,5.5358,0.1821,300 ml,,openfoodfacts,2
8718907802109,macadamia mix,Albert Heijn,675.0,17.0,11.0,61.0,10 g,,openfoodfacts,2
8718907804875,mosterdkaas,AH,362.0,23.0,0.0,30.0,6 g,120 g,openfoodfacts,1
8718907812146,studentenhaver,Albert Heijn,540.0,17.0,30.0,38.0,,,openfoodfacts,1
8718907815383,winterpeen,Albert Heijn Bio,35.0,0.6,5.7,0.3,,,openfoodfacts,1
8718907824682,koken kokos mee om te,AH Terra,152.7,1.062,12.02,11.04,,200 ml,openfoodfacts,5
8718907824712,haverroom,Terra,91.0,0.6,5.3,7.4,100.0g,,openfoodfacts,1
8718907824835,drink kokos,AH terra,27.0,0.2,2.8,1.5,200.0g,,openfoodfacts,2
8718907825436,reepjes tofu,AH Terra,216.0,18.0,1.0,15.0,,180 g,openfoodfacts,2
8718907825450,aziatish reepjes tofu,AH,223.0,15.0,6.59999990463257,15.0,90.0g,,openfoodfacts,3
8718907830744,rode uien zoetzuur,Albert Heijn,37.0,1.3,5.9,0.4,10 gram,340 gram,openfoodfacts,3
8718907832212,avocadospread kikkererwten met,ah,245.0,3.7,5.3,22.0,10 gram,1 gram,openfoodfacts,3
8718907840040,mexicaanse mix,AH,464.0,5.9,65.0,19.0,,,openfoodfacts,2
8718907840088,mediterraanse,Albert Heijn,518.0,4.2,62.0,28.0,,1pcs,openfoodfacts,1
8718907840101,met pinda wasabismaak,AH,462.0,12.0,64.0,17.0,25.0g,,openfoodfacts,3
8718907840156,ah mix wasabi,Albert Hijen,529.0,17.0,38.0,33.0,,,openfoodfacts,3
8718907847933,ijsjes mix van,Ah,155.0,0.699999988079071,28.0,4.30000019073486,42.0g,,openfoodfacts,3
8718907851640,antipasto,AH Excellent,288.95793499044,27.0,0.6,20.0,100 g,,openfoodfacts,1
8718907852340,romana spianata,Albert Heijn,370.0,24.0,1.0,30.0,5 gram,100 gram,openfoodfacts,2
8718907853491,fuet spaanse,Albert Heijn,466.666666666667,31.0,3.0,31.0,1.5 g,,openfoodfacts,2
8718907853538,besos de fuet spaanse,Albert Heijn,500.0,24.0,2.0,44.0,7.0 g,,openfoodfacts,4
8718907879552,ah boomstammetje,AH,107.214199981689,2.78307556152344,22.2547803649902,0.404066009521484,,,openfoodfacts,2
8718907880916,ah pepper roomkaas sweet,AH,368.0,4.3,11.0,34.0,10.0g,50 g,openfoodfacts,4
8718907888363,dip party,Terra,432.0,0.5,10.0,43.0,10 gram,193 gram,openfoodfacts,2
8718907914123,brownie ijshoortjes,Albert Heijn,261.428571428571,3.0,40.0,9.5714282989502,70.0g,,openfoodfacts,2
8718907920919,tomatensoep,AH,44.0,1.9,2.9,2.5,250 g,,openfoodfacts,1
8718907923118,borek feta spinazie,Ah,254.0,6.6,29.0,12.0,,,openfoodfacts,3
8718907927970,ah crudo prosciutto,AH,153.75,21.825,0.18,7.335,,,openfoodfacts,3
8718907931229,cranberry framboos,Albert Heijn,1.0,0.0,0.1,0.0,200 ml,,openfoodfacts,2
8718907932226,macademia mix,Albert Heijn,647.0,19.0,11.0,57.0,25 gram,25 gram,openfoodfacts,2
8718907936651,banaan komkommer smoothie,AH,48.0,0.7,10.0,0.4,100 g,,openfoodfacts,3
8718907939874,druif,Appie,76.0,0.5,17.0,0.400000005960464,225.0g,,openfoodfacts,1
8718907940245,ananas banaan smoothie,Albert Heijn,70.0,0.7,12.0,2.0,,,openfoodfacts,3
8718907942263,ah proteine,Albert Heijn,60.0,8.3,5.2,0.4,250 gram,250 gram,openfoodfacts,2
8718907942669,cake marmer roomboter,Albert Heijn,398.0,5.5,46.0,21.0,1 portion (30 g),,openfoodfacts,3
8718907942683,boerencake,Alberthein,363.0,5.2,47.0,17.0,1 slice (30 g),,openfoodfacts,1
8718907942706,cake roomboter,AH,392.0,5.4,47.0,20.0,30 g,,openfoodfacts,2
8718907949309,ah meerzaden petit stokbrood,AH,259.598,8.2040625,41.03255,5.5643,,,openfoodfacts,4
8718907961158,kop soep tomaat,Albert Heijn,34.0,0.8,6.2,0.5,175 ml,,openfoodfacts,3
8718907961196,kip kop soep,AH,20.0,0.5,4.0,0.2,175 gram,15 gram,openfoodfacts,3
8718907971447,marzano pomodoro pruim san tomaten,AH,22.0,0.7,3.0,0.5,,,openfoodfacts,5
8718907973632,doosje fruit met zomer,Albert Heijn,69.0,1.0,13.0,0.4,125g,250g,openfoodfacts,4
8718907974196,djoez fruit tropisch,Albert Heijn,5.13862332695985,0.035,1.1,0.01,200 ml,,openfoodfacts,3
8718907974479,basmati bio rijst,AH,359.0,11.0,75.0,1.3,100 g,,openfoodfacts,3
8718907976695,brood turks,AH,250.0,7.9,49.0,1.9,40 gram,500 gram,openfoodfacts,2
8718907976701,brood mini turks,Albert Heijn,287.5751375,10.386330875,49.845385625,3.9479025,1 Brood (100 g),,openfoodfacts,3
8718907977456,aromatisch pandan rijst,Albert Heijn,351.0,7.6,77.0,1.1,,,openfoodfacts,3
8718907981071,mie nestjes,Albert Heijn Bio,338.0,14.0,62.0,2.0,80 g,450 g,openfoodfacts,2
8718907981125,sajoer,Albert Heijn,333.0,1.4,34.0,21.0,24 gram,24 gram,openfoodfacts,1
8718907981149,boemboe curry rode,AH,173.757170172084,2.7,22.0,7.7,100 g,,openfoodfacts,3
8718907981163,eiermie,Albert Heijn,388.862332695985,11.0,77.0,3.1,63 gram,63 gram,openfoodfacts,1
8718907981217,woksaus yakatori,AH,152.0,1.8,36.0,0.0,45 ml,100 ml,openfoodfacts,2
8718907981231,mix nasi,Ah,312.5,10.625,36.875,9.375,16 g,,openfoodfacts,2
8718907981255,mix pinda satesaus,AH,142.0,5.5,15.0,6.3,68 g,,openfoodfacts,3
8718907987752,mokka schnitte,Albert Heijn,341.0,4.8,33.0,21.0,1.0 portion (59.0 g),,openfoodfacts,2
8718907990707,bobotie,Albert Heijn,95.979020979021,4.37062937062937,11.013986013986,3.4965034965035,1 portion (572 g),,openfoodfacts,1
8718989041502,koekreep minder suiker,g'woon,291.0,3.69,62.0,1.0,50 gram,300 gram,openfoodfacts,3
8718989072001,kwark passievrucht perzik proteine,Melkan,61.0,10.0,4.7,0.2,1 portion (100 g),,openfoodfacts,4
8718989072285,spekkenmix,g’woon,335.0,4.1,79.6,0.0,,400g,openfoodfacts,1
8718989751463,chiazaad,G'woon,442.0,16.5,23.7,30.7,15 g,,openfoodfacts,1
8718989811570,franse frieten verse,Plus,135.0,2.6,20.7,4.0,100 gram,10000 gram,openfoodfacts,3
8718989871208,snoeptomaten,Plus,22.0,0.7,3.0,0.5,100g,250g,openfoodfacts,1
8718989970567,eierkoeken,Plus,288.0,6.8,59.2,2.4,25 g,,openfoodfacts,1
8719009381318,eintopf kroketten,Kwekkeboom,262.0,8.8,25.0,14.0,75 gram,300 gram,openfoodfacts,2
8719075636022,ace drink vitamine,Tasting Good,21.0,0.25,5.0,0.0,200ml,,openfoodfacts,3
8719189240177,kewpie,Kewpie,694.0,1.9,4.1,74.0,100 gram,355 ml,openfoodfacts,1
8719200261792,smeerbaar,BERTOLLI,531.0,0.5,0.5,59.0,5 gram,250 gram,openfoodfacts,1
8719200275867,crema rama,Rama,292.0,0.6,2.3,31.0,1 portion (200 g),200ml,openfoodfacts,2
8719200292154,butter mit,Rama,633.0,0.5,0.5,70.0,7 g,,openfoodfacts,2
8719214566166,poweder rice,XXL Nutrition,360.0,7.5,75.0,2.2,40 g,,openfoodfacts,2
8719218024884,cucina kipshoarma,Cucina,239.766277777778,26.5884861111111,2.38045,13.756475,,,openfoodfacts,2
8719218026949,arabiata penne,Cucina,123.0,3.8,19.6,3.0,400 g,,openfoodfacts,2
8719324609111,choco diet smaak,Orangefit,723.076923076923,47.5384615384615,21.0769230769231,10.4615384615385,65 g,,openfoodfacts,3
8719326061474,friethoes,FrietHoes,137.0,2.6,22.9,3.0,100 g,,openfoodfacts,1
8719327470930,makrouta,Damasco Bakkerij,450.0,14.0,66.0,13.8,1 piece (25 g),,openfoodfacts,1
8719587008928,bakkers puntjes,AH,279.0,10.0,48.0,4.7,60 gram,60 gram,openfoodfacts,2
8719587009574,mix zoetebroodjes,Ah,343.0,6.1,36.0,19.0,32 g,,openfoodfacts,2
8719587009581,broodjes mini mix,Ah,257.0,8.4,48.0,2.7,50 g,,openfoodfacts,3
8719587011461,de pain provence,AH,281.0,13.0,7.0,22.0,16 g,,openfoodfacts,3
8719587015568,kip rookworst,Ah,289.0,15.0,3.3,24.0,100 g,,openfoodfacts,2
8719587016008,brood naan,Albert Heijn,286.0,7.9,50.0,5.3,50.0g,,openfoodfacts,2
8719587017043,yakisoba,Albert Heijn,122.0,6.0,2.8,3.8,458 g,775 g,openfoodfacts,1
8719587020562,taco tomatensaus wrap,Albert Heijn,47.3684210526316,1.2280701754386,8.94736842105263,0.175438596491228,57 g,,openfoodfacts,3
8719587020579,hot saus taco wrap,Albert Heijn,48.0,1.2,9.5,0.2,1 portion (57 g),,openfoodfacts,4
8719587032329,bode friet kruc nutri score,Albert Heijn,169.0,2.8,26.0,5.3,125 gram,750 gram,openfoodfacts,5
8719587032336,extra friet krokant,Albert Heijn,143.0,3.2,23.0,3.7,,,openfoodfacts,3
8719587035443,ham rauwe,Ah,208.0,24.0,1.1,12.0,100 g,,openfoodfacts,2
8719587044025,bruin en zaans,AH,236.0,9.7,43.0,1.4,35.0g,,openfoodfacts,3
8719587044063,brood wit zaans,AH,86.0,2.9,17.0,0.4,35 g,,openfoodfacts,3
8719587044209,ah worstenbroodje,AH,227.923278503418,17.5433267715454,19.3650159301758,8.44773032684326,,,openfoodfacts,2
8719587044834,ananas verse witte zoete,Albert Heijn,49.0,0.5,11.0,0.1,1 portion (130 g),,openfoodfacts,4
8719587050170,ah bavette,AH,240.0,32.1,0.0,12.4,,,openfoodfacts,2
8719587050187,ah ribeye,AH,240.0,32.1,0.0,12.4,,,openfoodfacts,2
8719587050194,ah entrecote,AH,240.0,32.1,0.0,12.4,,,openfoodfacts,2
8719587050613,robust stokbrood wit,AH Bio,247.0,8.2,51.0,0.8,,,openfoodfacts,3
8719587061565,pompoen soep verse,Ah,40.8,1.0,4.4,1.92,250 gram,250 gram,openfoodfacts,3
8719587062579,ketjap tempeh,Albert Heijn,323.0,15.0,11.0,23.0,50 gram,50 gram,openfoodfacts,2
8719587065396,ah pancake proteine,AH,212.5,13.0,23.0,7.3,40 gram,160 gram,openfoodfacts,3
8719587065402,mosterd soup,Albert Heij,50.0,2.1,4.6,2.4,250 g,500 gram,openfoodfacts,2
8719587077856,desem passie,AH,296.0,12.0,40.0,9.0,1 portion (100 g),,openfoodfacts,2
8719587079676,piri saus,AH,112.7728125,0.0315,27.55824609375,0.02626171875,,,openfoodfacts,2
8719587079713,ah saus sesam soja,AH,118.182477678571,0.211966378348216,28.7451754324777,0.151119559151787,,,openfoodfacts,4
8719587079751,ah mayonaise sriracha,AH,428.457385416667,0.829882760416667,3.80808458333334,45.26705703125,,,openfoodfacts,3
8719587084892,kikkererwten,ah terra,91.5,5.055,11.25,2.01,,330g,openfoodfacts,1
8719587085035,ah kikkererwten terra,Ah terra,115.0,6.9,14.0,2.5,100,200 g,openfoodfacts,3
8719587086674,puree tomaten,AH,97.0,13.0,16.0,0.0,70 g,70g,openfoodfacts,2
8719587091852,arrabbiata pesto,Albert Heijn,212.0,2.2,5.1,20.0,,,openfoodfacts,2
8719587092057,ah fijn terra tuinbonen,AH Terra,301.37,26.1,33.3,1.53,,,openfoodfacts,4
8719587093665,pizza tonijn,Albert Heijn,205.145294528537,7.36380254109701,38.8146213785807,1.2473521762424,355 g,,openfoodfacts,2
8719587096338,bonen in tomatensaus witte,AH,76.0,4.2,11.0,0.5,180 gram,360 gram,openfoodfacts,4
8719587100226,bio oesterzwammen,AH,46.0,3.3,6.1,0.4,100 g,,openfoodfacts,2
8719587100288,mix mushroom,AH,27.0,2.4,2.1,0.3,,,openfoodfacts,2
8719587100653,ah nori snack,AH,112.5,11.985,4.845,14.6335,,,openfoodfacts,3
8719587101742,pijnboompitten,Albert Heijn,685.0,13.7,6.31,65.0,30 g,,openfoodfacts,1
8719587101759,pijnboom pitten,Albert Heijn,653.0,12.0,8.6,61.0,1 portion (10 g),,openfoodfacts,2
8719587101773,pijnboompitteb,AH Bio,685.0,13.7,6.31,65.0,1 portion (100 g),,openfoodfacts,1
8719587102107,haverkoekjes,Albert Heijn,467.0,8.5,51.0,24.0,100 g,,openfoodfacts,1
8719587102398,oosters wok,Albert Heijn,35.5470297029703,1.365,5.74009900990099,0.299356435643564,100 gram,100 gram,openfoodfacts,2
8719587104651,bruin tarwebrood,Albert Heijn,244.0,9.7,46.0,1.3,35 g,,openfoodfacts,2
8719587110690,chips en peper zout,Albert Heijn,519.0,6.4,56.0,29.0,25 g,250 g,openfoodfacts,4
8719587110911,naan peshwari,ah,310.0,7.0,52.0,7.7,,,openfoodfacts,2
8719587111178,komkommers mini,AH,13.0,0.7,1.3,0.4,100 g,3 stuks,openfoodfacts,2
8719587118054,mascarpone pomodoro,AH,99.0,2.0,7.7,6.2,100 g,,openfoodfacts,2
8719587122709,brownie dubai pistaxhe taart,Albert Heijn,470.0,4.8,40.0,32.0,65 g,,openfoodfacts,4
8719587125861,ah samurai saus,AH,260.468068359375,0.343725703124999,10.9007316796875,23.603,,,openfoodfacts,3
8719587125908,bbq saus spicy,Ah,149.0,0.8,36.0,0.1,1 1 (15 g),,openfoodfacts,3
8719587130131,kip roti,AH,109.0,6.2,11.0,4.3,450 g,,openfoodfacts,2
8719587130384,indische runderstoof,Albert Heijn,152.0,5.2,19.0,5.9,450 gram,450 gram,openfoodfacts,2
8719587130391,ketjap kip,Albert Heijn,134.0,5.4,15.0,5.5,1 portion (450 g),,openfoodfacts,2
8719587133064,ah moussaka,AH,122.0,4.1,8.9,7.5,,,openfoodfacts,2
8719587133415,potato soup sweet with,Albert Heijn,45.0,1.4,5.4,1.6,330 ml,,openfoodfacts,4
8719587133644,ah kimchi woksaus,AH,129.175101367188,1.15077744140625,25.6782869921875,2.052586015625,,,openfoodfacts,3
8719587133828,butter chicken kruidenpazya,Albert Heijn,154.0,2.1,15.0,9.3,90 g,,openfoodfacts,3
8719587142660,braadworst minder vet,AH,154.0,14.0,1.4,10.0,100 gram,200 gram,openfoodfacts,3
8719587145395,citroen dextrose,Albert Heijn,367.0,0.0,90.0,0.8,1 tablet (3.4 g),,openfoodfacts,2
8719587145449,aardbei drink protein,Albert Heijn,53.0,8.0,4.9,0.1,1 pakje (250 ml),,openfoodfacts,3
8719587146286,ah satesaus,AH,402.912514806548,11.6281388616071,34.5597161904762,23.7149598363095,,,openfoodfacts,2
8719587148679,chinese soep tomaat verse,Albert Heijn,56.4,1.92,8.0,1.72,250 gram,500 gram,openfoodfacts,4
8719587149300,bodem pizza,Ah,256.0,8.1,47.0,2.8,,,openfoodfacts,2
8719587158760,ah sojasaus,AH,0.0,6.21,3.744,3.456,,,openfoodfacts,2
8719587162828,couscous verspakket,Albert Heijn,95.0,5.6,12.0,2.3,500 gram,1235 gram,openfoodfacts,2
8719587167373,ijs spinners,AH,106.0,0.7,22.0,1.6,63 g,,openfoodfacts,2
8719587194911,pindkaas,AH,640.0,21.0,14.0,54.0,,,openfoodfacts,1
8719587204993,koek roomboter,Alberthein,472.0,5.7,53.0,26.0,,,openfoodfacts,2
8719587206034,eiwitrijk naanbrood,Ah,298.0,18.0,42.0,5.8,,,openfoodfacts,2
8719587206041,frans stokbrood,Albert Heijn,247.0,8.1,51.0,0.8,,,openfoodfacts,2
8719587206249,ajam bami sate,Albert Heijn,166.0,8.3,18.0,6.5,,,openfoodfacts,3
8719587206683,kipsate met nasi,Ah,29.8,1.12,3.8,1.08,500 g,,openfoodfacts,3
8719587210987,cacao smooth,Ah,414.0,11.6,50.0,16.0,,,openfoodfacts,2
8719587217146,carpaccio teriyaki,Ah,129.0,16.0,3.7,5.5,,,openfoodfacts,2
8719587224410,chorizo paprika stamppot,Ah,103.0,4.1,9.6,4.9,468 gram,874 gram,openfoodfacts,3
8719587225011,cheese cheesy crust onion pizza,Albert Heijn,200.0,9.6,21.0,8.4,1 pizza (490 g),,openfoodfacts,5
8719587229606,stroopkoeken,Albert Heijn,459.375,4.6875,62.5,20.9375,32 g,,openfoodfacts,1
8719587238141,aardbei fruit spread,Albert Heijn,118.0,0.5,28.0,0.1,1 portion (35 g),,openfoodfacts,3
8719587238349,aardbei extra jam,AH,245.0,0.4,60.0,0.2,1 portion (10 g),,openfoodfacts,3
8719587244036,oestersaus,AH,141.0,2.9,32.0,0.1,,,openfoodfacts,1
8719587244043,ah vissaus,AH,85.76925,1.316,19.43605,0.30912,,,openfoodfacts,2
8719587254448,chocopasta duo,Ah,566.666666666667,2.66666666666667,58.0,36.0,1 serving (15 g),,openfoodfacts,2
8719587254929,pesto pistache ricotta,Albert Heijn,320.0,4.6,11.0,29.0,5 g,,openfoodfacts,3
8719587257395,schnitte tiramisu,Albert Heijn,343.0,5.0,31.0,21.0,,,openfoodfacts,2
8719587284728,aardbei biet rode,AH Terra,63.0,3.0,9.5,0.8,,,openfoodfacts,3
8719587287859,ah koffiebroodje,AH,283.292738970588,6.17987821691176,49.0524816176471,5.9430721507353,,,openfoodfacts,2
8719747260555,curry ramen,Lazy,109.0,3.7,14.0,3.7,450 g,,openfoodfacts,2
8719881001533,diet shake,Xxl nutrition,371.0,43.1,31.3,7.3,40 g,,openfoodfacts,2
8719881002363,drink njoy protein strawberry,XXL Nutrition,60.9677419354839,10.0,3.54838709677419,0.709677419354839,1 serving (310 ml),310 ml,openfoodfacts,4
8719881003353,drink joy n,XXL Nutrition,64.0,10.0,3.6,0.8,1 serving (310 g),,openfoodfacts,3
8719992782826,bapao kip sate,Kadirs,218.3,8.8,36.3,3.9,1 portion (120 g),,openfoodfacts,3
8720157400981,drink fruit passion,Maaza,16.7335,0.2982,2.1747,0.42,330 ml,,openfoodfacts,3
8720157402961,drink isotone sports,Extran,26.0,0.0,6.0,0.0,330 ml,,openfoodfacts,3
8720157403272,aardbei boost peer,Dubbel Fris,23.0,0.1,5.4,0.02,250 ml,,openfoodfacts,3
8720157468479,jus,Maaza,46.0,0.1,11.2,0.0,,,openfoodfacts,1
8720182052780,stocki,Knorr,84.0,2.4,12.0,2.9,,2pcs,openfoodfacts,1
8720182059512,kip tandoori,Knorr,363.0,7.5,79.0,2.4,720 g,400 gram,openfoodfacts,2
8720182130679,kantonese kip,Knorr Wereldgerechten,118.0,5.9,9.4,6.0,,,openfoodfacts,2
8720182344946,cheddar sauce,Hellmann's,411.0,0.9,7.7,43.0,,,openfoodfacts,2
8720182868060,carbonara knorr pasta,Knorr,105.0,3.7,16.0,3.0,1 pot (240 g),63g,openfoodfacts,3
8720182868275,chickn perfect,THE VEGETARIAN BUTCHER,231.0,8.5,13.0,14.0,100 g,200g,openfoodfacts,2
8720195572992,asian beef roerbak sensatie,Iglo,101.0,6.0,14.0,2.0,450 gram,450 gram,openfoodfacts,4
8720299619104,chai drink masaka,Mama Chai,38.0,0.7,2.8,2.5,200 ml,100 gram,openfoodfacts,3
8720301105007,cream ice yuzu,Yuzu,91.0,1.5,9.5,5.2,100 g,,openfoodfacts,3
8720600668210,pasta pompdoro,Hak,61.0,3.7,8.6,0.8,100 gram,400 gram,openfoodfacts,2
8720604472400,babi boemboe ketjap,Samasaya,193.0,1.1,46.0,1.9,,90 g,openfoodfacts,3
8720604472424,boemboe boontjes sajoer,Sama Saya Toko,93.0,2.3,15.0,2.6,90 g,,openfoodfacts,3
8720604475258,satay sauce,Red Phoenix,227.0,7.2,21.0,12.0,100 g,,openfoodfacts,2
8720648851315,aminos coconut,Puur Mieke,190.0,0.4,47.0,0.0,25 gram,250 gram,openfoodfacts,2
8720663435675,au boisson raisin,,55.0,0.0,13.0,0.0,,,openfoodfacts,3
8720726586672,beef mince redefine,Redefine Meat,178.0,11.0,9.0,12.0,,250 g,openfoodfacts,3
8720828249406,choco eiwitreep zeezout,Upfront,421.0,24.0,38.0,18.0,60 g,60 gram,openfoodfacts,3
8720865628820,kipsate kroket,Kaddour,210.0,8.3,25.1,7.7,80 g,,openfoodfacts,2
8720892173003,mate mojo,Mojo Maté,18.0,0.0,4.5,0.0,250 ml,,openfoodfacts,2
8720892340887,drink isotonic,HealthyFit,368.571428571429,0.0,85.7142857142857,0.0,35 g,,openfoodfacts,2
8720892559708,rosinenbrotchen,Hollandbrot,277.333333333333,9.86666666666667,52.1333333333333,2.66666666666667,1 portion (75 g),,openfoodfacts,1
8720986894265,eiwit matcha,UPFRONT,423.333333333333,73.3333333333333,9.0,7.66666666666667,30 g,,openfoodfacts,2
8720986896221,choco iso whey,Upfront,369.0,84.0,3.2,1.4,35 g,,openfoodfacts,3
8720986896375,eiwit oats,UPFRONT,432.0,26.0,42.0,16.0,1 portion (80 g),1000 ml,openfoodfacts,2
8721082520362,chicken pasta,Fitmeals,142.0,8.7,14.9,4.7,425 g,425 g,openfoodfacts,2
8721082886000,butter chip honey,Kauboi,495.0,6.5,51.0,28.0,,,openfoodfacts,3
8721161716310,protein shake whey,HealthyFit,379.0,77.0,4.4,6.7,30 gram,480 gram,openfoodfacts,3
8721201949951,sauce sauer suss,Hellmann's,119.0,0.8,27.0,0.5,30 g,250ml,openfoodfacts,3
8721245008454,au beurre mendiant,,487.0,6.2,67.4,21.1,,,openfoodfacts,3
8721245053249,oranje tomsoesjes,Hema,310.0,3.4,34.3,17.6,,,openfoodfacts,2
8721245145036,hartkoekjes,,521.0,6.5,69.0,24.0,,,openfoodfacts,1
8721245150337,pindas tandoori,Hema,511.0,15.0,43.0,30.0,,,openfoodfacts,2
8721274800470,framboos sorbetijs,Fruuji,114.0,0.5,26.0,0.5,1 portion (100 g),,openfoodfacts,2
8721274826500,strawberry twist,Solero Bon Bon,318.0,3.0,34.0,19.0,1 bon bon (15 g),,openfoodfacts,2
8721325521224,chicken risotto,XXL Nutrition,116.705882352941,2.07058823529412,2.87058823529412,0.8,425 g,,openfoodfacts,2
8721325521255,chicken piri,XXL Nutrition,91.2941176470588,9.29411764705882,8.8,1.81176470588235,1 portion (425 g),,openfoodfacts,2
8721325521286,beef teriyaki,Mama's,96.2352941176471,5.90588235294118,12.4705882352941,2.21176470588235,425 g,,openfoodfacts,2
8722100046307,premium,Reddy,828.0,0.0,0.0,92.0,,500 ml,openfoodfacts,1
8722200962828,aa drick,AA DRINK HIGH ENERGY,41.0,0.0,9.9,0.0,1 serving (100 g),500 ml,openfoodfacts,2
8722200962859,isotone,AA Drink,22.0,0.0,5.7,0.0,,,openfoodfacts,1
8722200963047,citroensmaak,Bar Le Duc,0.0,0.0,0.0,0.0,,"1,5 l",openfoodfacts,1
8722200963283,framboos,Raak,1.0,0.0,0.0,0.0,,,openfoodfacts,1
87222524,framboos siroop vruchten,Raak,28.0,0.0,6.9,0.0,,0.75l,openfoodfacts,3
87222814,aardbeien vruchtensiroop,Raak,107.692307692308,0.0,26.8846153846154,0.0,26 g,750 ml,openfoodfacts,2
8722700113348,amora,Ketchup,99.0,1.2,22.0,0.5,15 g (15 Gramme),280 g,openfoodfacts,1
8723400828242,discovery mentos,Mentos,387.0,0.0,92.0,1.9,1 portion (100 g),3X37.5G,openfoodfacts,2
8725000659950,bier,Hertog Jan,41.0,0.4,3.0,0.0,330 ml,,openfoodfacts,1
8725800003403,drentse kosterworst,Huls,452.0,31.0,3.0,35.0,,,openfoodfacts,2
87311396,mentos rainbow,Mentos,387.0,0.0,92.0,1.9,1 mentos (2.7 g),"37,5 g",openfoodfacts,2
87331028,vruchtensiroop zero,Raak,1.0,0.0,0.2,0.0,,,openfoodfacts,2
87354317,fanta mentos,"Mentos, Perfetti",388.0,0.0,92.0,1.9,,37.5g,openfoodfacts,2
8779587858565,cuisine soja,,177.0,3.0,2.8,17.0,,,openfoodfacts,2
8800082014702,bio weizenbrotchen,Alnatura,261.0,8.5,54.0,0.9,,79g,openfoodfacts,2
8801005139618,de pate soja,Siempo,166.0,17.0,2.6,8.2,1 tbsp (18 g),,openfoodfacts,3
8801007216294,brown rice strouted,Hetbahn,142.0,2.9,31.4,0.5,1 portion (100 g),210g x 3p,openfoodfacts,3
8801007943626,hot paste pepper,taeyangcho,190.0,5.2,35.0,2.0,100 g,1 kg,openfoodfacts,3
8801024057191,burdock seasoned,Jongga,75.0,1.0,18.0,0.0,1 serving (100 g),,openfoodfacts,2
8801030996484,raisin soju,MaeJin,166.666666666667,2.0,13.3333333333333,13.3333333333333,1 portion (15 ml),,openfoodfacts,2
8801043036078,demon hunter kpop,,506.0,6.7,62.2,25.6,,,openfoodfacts,3
8801045524672,cheese ramen,Ottogi,424.181351523607,9.5,66.3,13.2,,111g,openfoodfacts,2
8801047168324,and bone cow knee soup,Dogani Seolleongtang - 도가니 설렁탕,40.2153129872609,4.1304347826087,1.95652173913043,1.73913043478261,1 portion (460 g),460 g,openfoodfacts,5
8801047228806,seaweed,Dungeon,355.0,5.0,14.0,31.0,1 portion (50 g),,openfoodfacts,1
8801056000790,jeju mandarin,Lotte,36.1111111111111,0.555555555555556,8.33333333333333,0.0,1 portion (180 ml),,openfoodfacts,2
8801062521258,hand moms pie,lotte,538.461538461538,7.69230769230769,61.5384615384615,26.9230769230769,2 pack (26 g),,openfoodfacts,3
8801062641260,choco cookie pepero,Lotte,488.0,8.5,66.0,21.0,1 serving (32 g),32 g,openfoodfacts,3
8801062881741,crunky pepero,Lotte,512.820512820513,7.69230769230769,61.5384615384615,28.2051282051282,1 pack (39 g),39 g,openfoodfacts,2
8801068933765,cake cheese soft,Samlip,328.571428571429,5.71428571428571,55.7142857142857,10.0,1 piece (70 g),700 g,openfoodfacts,3
8801073215900,chicken hot ramen,Samyang,433.397068128,7.61904761904762,60.0,18.0952380952381,1 bow (105 g),105 g,openfoodfacts,3
8801111611107,cho corn,,533.33333333333,6.6666666666667,63.333333333333,26.666666666667,,,openfoodfacts,2
8801117807610,choco pie,Orion,466.666666666667,3.33333333333333,63.3333333333333,20.0,1 pack (30 g),180 g,openfoodfacts,2
8801392140457,rose tteokbokki,Bibigo,280.0,4.8,57.6,3.2,1 package (125 g),,openfoodfacts,2
8801392153808,choco danback hani protein shake,Danback,362.5,55.0,30.0,4.25,1 portion (40 g),,openfoodfacts,5
8801766012588,au chinois chou kimchi piment,Wang,33.0,0.0,6.7,0.0,1 portion (30 g),160g,openfoodfacts,5
8805957018427,mayo sushi,all groo,651.0,0.5,2.1,71.0,,520ml,openfoodfacts,2
8807999077592,bread potato sweet,"Daedoo Foods Co., LTD",198.527306365967,5.15945352554321,39.9631881713867,1.6269965171814,80g,960 g,openfoodfacts,3
8809005176350,chip day fruits one,Delight project,40.0,11.6666666666667,9.0,10.0,1 portion (60 g),,openfoodfacts,4
8809054400871,hot spicy topokki,Youngpoong,268.33333333333,5.0,60.0,0.83333333333333,1 pack (120 g),,openfoodfacts,3
8809109112711,kimchi pancake,Saongwon,180.0,3.0,23.0,8.0,100 g,,openfoodfacts,2
8809141390108,cake potato rice sweet,One One,460.0,4.4,76.6,15.0,,,openfoodfacts,4
8809166270119,pepper powder red tower,Koreansk,370.0,13.2,56.7,10.0,,500g,openfoodfacts,4
8809389493159,cajun crispy squid,Fried Sea,376.470588235294,23.5294117647059,44.7058823529412,10.5882352941176,1 packet (42.5 g),,openfoodfacts,3
8809685980247,citron kombucha teazen,,300.0,0.0,80.0,0.0,5 g,,openfoodfacts,3
8809766110136,kimchi stew,Sumter Matdorak,25.2131931126612,2.0,3.88,0.2,1 portion (250 g),,openfoodfacts,2
8809811824384,custard fish,Shinsegae,245.0,3.0,32.0,13.0,100 g,,openfoodfacts,2
8809923470103,tteokbokki,Delief,223.0,4.0,50.0,0.9,1 portion (150 g),,openfoodfacts,1
8809943460191,croissant pressed,Gini F&S,510.0,10.0,60.0,25.0,1 portion (20 g),,openfoodfacts,2
8809946190361,hot pop protein shrimp,ReadyBloom,450.0,33.3333333333333,40.0,20.0,30 g,,openfoodfacts,4
8850038400080,oyster sauce,"Maekrua, Maekrua gold label brand",67.0,0.7,16.0,0.0,100 g,600ml,openfoodfacts,2
8850157400190,bento seafood squid,,333.33333333333,27.777777777778,50.0,5.5555555555556,,18,openfoodfacts,3
8850206160105,de haricot pate soja,Healthy boy brand,138.0,10.0,17.0,3.1,,245g,openfoodfacts,4
8850213162000,fish souce,"หอยนางรม, Oyster brand",66.7,13.3,6.67,0.0,15 ml,200ml,openfoodfacts,2
8850227021140,coconut pure water,Thai Coco,18.666666666667,0.0,4.5333333333333,0.0,,,openfoodfacts,3
8850297911686,breadcrumbs,,387.0,12.6,74.7,4.17,,1 kg,openfoodfacts,1
8850344321420,paste tamarind,Suree,111.0,1.0,24.0,0.2,,227g,openfoodfacts,2
8850643070319,pad sauce thai,Lee Brand,200.0,0.0,46.6666666666667,0.0,2 tbsps. (30 g),33 oz,openfoodfacts,3
8850781700819,paste thai tomyum,Thai Heritage,330.0,2.24,45.2,14.4,55 g,110 g,openfoodfacts,3
8851016006010,harvest snaps,Calbee,154.0,5.3,18.0,6.7,,93g,openfoodfacts,2
8851019030968,corn prez,"กูลิโกะ,glico,เพรทซ์,pretz",458.333333333333,8.33333333333333,70.8333333333333,16.6666666666667,1 serving (24 g),24 g,openfoodfacts,2
8851035105008,crevettes sechees,,930.0,53.0,0.8,2.3,,100g,openfoodfacts,2
8851081480227,bamboo shoot,Penta,16.0,1.3,1.5,0.2,1 portion (100 g),,openfoodfacts,2
8851717911064,concentrate duo protein tea thai,Proten,54.2857142857143,10.0,2.57142857142857,0.571428571428571,1 serving (350 g),,openfoodfacts,5
8851932126366,chip choc cream ice,Walls,80.0,1.0,13.0,3.0,48 g,,openfoodfacts,4
8852018101017,beef yumyum,"Yum Yum,YumYum",75.7894736842105,1.21052631578947,9.3421052631579,3.60526315789474,380 g,60g,openfoodfacts,2
8852018800033,yum,EiEi,78.0,1.2,8.7,4.1,100g,100 G,openfoodfacts,1
8852019002184,four rice tempura,,447.0,5.9,81.0,0.4,,,openfoodfacts,3
8852021707664,brine in sandwich tuna,SEALECT,87.5,18.75,0.0,0.625,1 portion (52 g),,openfoodfacts,4
8853282003205,cookies oats,Granovibes,466.666666666667,13.3333333333333,53.3333333333333,23.3333333333333,2 pleces (30 g),,openfoodfacts,2
8853662056654,majo sriracha,Flying Goose Brand,281.0,0.9,26.0,19.0,100 g,200ml,openfoodfacts,2
8854404004964,currypaste rote thai,Blue Elephant,200.0,4.66666666666667,16.0,11.3333333333333,1 tbl (15 g),220g,openfoodfacts,3
8855363001919,pepper sa sauce te,Siam Select,600.0,6.6666666666667,26.666666666667,53.333333333333,1 portion (15 g),16 oz,openfoodfacts,4
8857118730730,mam nhi nuoc,,77.0,13.0,5.9,0.0,,,openfoodfacts,3
8857118730853,huitre sauce,megachef,113.0,2.7,25.0,0.0,32.8 g,600g,openfoodfacts,2
8858011585069,eat smart,Smart Eat,130.434782608696,8.69565217391304,7.82608695652174,6.95652173913043,1 portion (115 g),115g.,openfoodfacts,2
8858135002459,ezmesi kori krmzi,Real Thai Cuisine,104.0,3.7,13.0,2.7,,,openfoodfacts,3
8858135040079,erdnuss satay sauce,"Feinkost DIttman, Real Thai",378.0,5.3,19.0,31.0,,170ml,openfoodfacts,3
8858960302205,sauce wasabi,ENSO,121.0,0.0,14.0,7.3,,,openfoodfacts,2
8859001409686,post shake strawberry workout,Kleens Plus+,95.8333333333333,14.5833333333333,6.25,1.25,1 portion (480 ml),,openfoodfacts,4
8859031910022,beef jerkey pepper,Highlands,314.285714285714,37.1428571428571,31.4285714285714,4.28571428571429,1 portion (35 g),,openfoodfacts,3
8885004561731,fresh japanese udon,LG,127.0,3.9,27.9,0.0,,200 g,openfoodfacts,3
8885016650355,focaccia herb mixed,Swissbake,271.090909090909,10.0,45.6363636363636,5.45454545454545,1 piece (55 g),,openfoodfacts,3
8885016992554,bacha coffee,,2.7777777777778,0.0,0.55555555555556,0.0,,144 g,openfoodfacts,2
8886015401030,choco fantasy nyam,Arnott's,520.0,4.0,68.0,24.0,1 portion (25 g),25g,openfoodfacts,3
8886303210559,coco creme de onctueuse,Kara,322.2,2.997,5.598,30.15,,400 ml,openfoodfacts,4
8886326916001,brine extra firm in tofu,MCF,108.0,10.2,3.3,6.0,,,openfoodfacts,5
8886350068271,prawn soup,Prima Taste,292.0,9.78571428571429,47.2142857142857,6.92857142857143,1 portion (140 g),,openfoodfacts,2
8886467129445,kickin peri,Pringles,516.25239005736,4.4,60.0,27.6,1 portion (25 g),,openfoodfacts,2
8888030316320,cashews honey mustard,Ntuc,586.666666666667,14.6666666666667,37.6666666666667,42.0,30g,,openfoodfacts,3
8888090145281,pressed tofu,Fortune,83.0,7.6,4.8,3.8,1 serving (100 g),286 g after draining,openfoodfacts,2
8888200381622,creamer dairy sweetened,F&N,349.0,2.3,57.0,12.4,1 serving (20 g),390 g,openfoodfacts,3
8901030900105,knorr soup thick tomato,knorr,27.649769585253,0.43010752688172,5.5913978494624,0.43010752688172,,51g,openfoodfacts,4
8901030900280,knorr,Knorr,348.0,13.0,61.4,5.9,100 g,,openfoodfacts,1
8901063014299,britannia meri vita,Britannia,449.0,7.3,79.3,11.4,,,openfoodfacts,3
8901063032675,b choco waffy,Britannia,517.0,6.6,66.3,25.1,,55g,openfoodfacts,3
8901063367319,chaska maska,Britannia,525.0,7.7,63.8,26.5,12 g,38 g,openfoodfacts,2
8901071732598,hersheys,Hershey's,88.3333333333333,1.66666666666667,16.1111111111111,1.77777777777778,180 g,,openfoodfacts,1
8901262040013,shrikhand,Amul,234.0,5.0,42.0,5.0,100.0g,500g,openfoodfacts,1
8901262110303,shake whey,Amul,383.0,74.0,10.6,5.0,1 packet (34 g),,openfoodfacts,2
8901548310403,doodhshakti,Nutralite,632.0,0.5,0.1,70.0,,500gms,openfoodfacts,1
8901662037828,biryani chicken mix,suhana,480.0,13.7,45.0,27.5,100 g,50 g,openfoodfacts,3
8901719135248,krackjack,Parle,489.0,7.0,70.0,20.0,100 g,56.7,openfoodfacts,1
8901777038666,paprika surti,Vadilal,119.230769230769,8.65384615384615,21.1538461538462,0.961538461538462,1 portion (104 g),,openfoodfacts,2
8901821006047,druk ketchup tomato,Druk,138.52,1.05,33.58,0.0,100g,1 kg,openfoodfacts,3
8902080364053,dew mountain,Pepsico,49.0,0.0,12.3,0.0,1 portion (100 ml),750,openfoodfacts,2
8902167002311,soyatein,MDH,328.0,52.0,32.0,0.0,1 cup (25 g),,openfoodfacts,1
8902433007989,miniatures,Bounty,490.0,3.9,59.4,25.8,100 g,,openfoodfacts,1
8902579002053,appy fizz,Parle Agro,48.9,0.27,10.7,0.13,1 portion (375 ml),,openfoodfacts,2
8902850009047,rava rice,Eastern,273.333333333333,6.66666666666667,46.6666666666667,6.66666666666667,15 g,,openfoodfacts,2
8902901001594,besan,Good Life,330.0,21.9,46.7,5.3,,500g,openfoodfacts,1
8904004411003,rusky,Haldiram's,418.0,7.16,81.86,6.93,,250 g,openfoodfacts,1
8904043500393,rusk sunbake,Modern,399.24,8.29,69.83,9.64,,,openfoodfacts,2
8904089974776,curd,Heritage,46.3,3.3,5.0,1.5,1 portion (100 g),,openfoodfacts,1
8904152250486,biscuit butter khari,Mr Puff,520.0,8.24,57.35,29.04,1 portion (100 g),,openfoodfacts,3
8904209300973,chicken fried mix,Aachi,340.0,8.0,68.0,4.0,,,openfoodfacts,3
8904272600154,coconut storia tender water,Storia,20.0,0.1,5.1,0.0,,,openfoodfacts,4
8904335604280,minis protein,Yoga Bar,397.0,20.0,58.0,12.8,1 portion (20 g),,openfoodfacts,2
8906000612590,air french fries fryer,McCain,149.0,2.66,24.87,4.33,100 g,,openfoodfacts,4
8906005508188,dry fruit khajoor,Bikaji,450.0,10.0,60.0,20.0,1 piece (20 g),,openfoodfacts,3
8906009078021,cashew cookies unibic,UNIBIC,496.0,7.5,63.0,23.8,30g,75g,openfoodfacts,3
8906020580565,creamy curd thick,ID,65.51,3.89,4.93,3.36,100 g,,openfoodfacts,3
8906029780621,butterscotch cone icecream tora,Milma,197.0,3.5,24.0,9.0,,,openfoodfacts,4
8906033530083,mix pizza snapin,SNAPIN,71.3825892857143,2.92941964285714,9.10178571428572,0.930803571428572,,,openfoodfacts,3
8906065169749,chef itc master,Itc,157.0,3.5,25.6,4.5,100 g,420g,openfoodfacts,3
8906081945495,katsu sauce,Meishi,120.0,0.0,29.3333333333333,0.666666666666667,1 15g (15 g),,openfoodfacts,2
8906090574402,bhujia,Too Yumm,604.0,11.3,37.0,45.4,25 g,,openfoodfacts,1
8906090578486,chips too yumm,,539.0,8.9,54.0,31.7,,,openfoodfacts,3
8906090578516,hot sweet,Too Yum,548.0,8.1,54.0,33.3,,,openfoodfacts,2
8906133641931,cake carrot dates,Best Bakers,422.0,10.0,46.0,22.0,1 portion (50 g),,openfoodfacts,3
8906136651968,oats protein,Pintola,392.0,25.0,54.6,8.0,50g,1kg,openfoodfacts,2
8906142774095,pistachio,Bolas,609.21,21.21,22.62,48.21,12.5g,200 g,openfoodfacts,1
8906152240115,farsan punch,Shree Mahalaxmi,567.6,10.15,42.2,39.8,,,openfoodfacts,2
8906160510033,macarconi,,347.0,12.0,71.0,1.2,,,openfoodfacts,1
8906169990058,bites chikki peanut,Sweet Kaaram Coffee,530.0,21.3,46.0,29.0,100 g,,openfoodfacts,3
8908001017855,crisps nacho peri,Cornitos,478.571428571429,7.14285714285714,67.8571428571429,21.4285714285714,28g,150g,openfoodfacts,3
8908008607004,chips choco cone true,,229.0,3.5,29.0,7.0,,,openfoodfacts,4
8908008674785,richeese wafer,Nabati,483.0,6.0,71.0,20.0,1 serving (2 wafers) (7 g),,openfoodfacts,2
8908009059291,base maida pizza zero,The Health Factory,239.7,13.4,43.5142857142857,1.34285714285714,1 portion (70 g),140g,openfoodfacts,4
8908009535917,jain mutter paneer,Freshway,621.86,20.34,23.93,49.42,100g,,openfoodfacts,3
8908019319095,chips potato tomato yummy,Chakote,534.0,6.89,54.21,32.46,,,openfoodfacts,4
8908020908066,mix nutrition,Good Monk,168.07,0.0,79.83,0.0,2.38g,,openfoodfacts,2
8908025902021,banarasi paan,Mr. Merchant,277.4,3.4,81.79,2.0,100,300gm,openfoodfacts,2
8908026158007,bhujia peri super,Total Snacc,443.870967741935,19.3548387096774,60.0,13.8709677419355,1 serve (31 g),,openfoodfacts,3
8934614031322,au fami nanh sua,Fami Vinasoy,31.0,2.5,1.032,1.704,180 g,,openfoodfacts,4
8935001712527,dau keo mem nho,Alpenliebe,414.2,5.8,79.4,7.7,,,openfoodfacts,4
8935058970505,phap xich xuc,Cp,303.0,16.0,3.0,25.0,100 g,,openfoodfacts,3
8935342400060,banh que tom vi yum,Dorkbua Brand,496.774193548387,6.19354838709677,65.4838709677419,23.2258064516129,0.5 bag (31 g),,openfoodfacts,5
8936047443772,ju ken,,529.0,7.05,70.55,21.16,,,openfoodfacts,2
8936136169552,hot sauce vietnamese,Chin Su,2.895052,0.0170835125,0.6828034625,0.0049915,1 tsp (5 g),17.6 oz,openfoodfacts,3
8936217931597,coconut dried soft,Madam Hong,500.0,7.5,52.5,30.0,8 pieces (40 g),,openfoodfacts,3
8938554500771,crunch nuts seaweed with,Odeha,578.947368421053,21.0526315789474,31.5789473684211,36.8421052631579,1 piece (19 g),,openfoodfacts,4
8938598681689,paper rice vietnamese,Bánh Tráng Deo Mien Tây,345.454545454545,0.0,85.4545454545455,0.0,6 pieces (55 g),340 g,openfoodfacts,3
8939120144764,cake mawa,Awsum,374.0,8.56,31.86,21.53,40g,40g,openfoodfacts,2
8964000102718,puffs,Cheetos,517.0,1.5,16.1,7.1,,,openfoodfacts,1
8964003593094,cake up,Peek Freans,510.0,9.0,52.0,30.0,,,openfoodfacts,2
8990044000239,crushed nuts pocky,Pocky,560.0,11.2,55.2,30.8,25 g,25g,openfoodfacts,3
8991071210028,cacao powder raw,Timurasa,333.333333333333,22.2222222222222,55.5555555555556,11.1111111111111,1 portion (9 g),,openfoodfacts,3
8992696521322,carnation,nestle,125.0,5.0,12.5,6.25,1 portion (40 g),,openfoodfacts,1
8992719512184,abon ayam,Gloria,440.0,28.0,40.0,20.0,1 portion (25 g),,openfoodfacts,2
8992993528178,cream haan wippy,Haan,500.0,5.0,70.0,22.5,20 g,400gr,openfoodfacts,3
8993175532457,cheese cream nabati wafer,Richeese,50.0,0.0,7.0,2.0,10g,16g,openfoodfacts,4
8993175569675,cheesecake pie,Nextar,423.076923076923,3.84615384615385,73.0769230769231,13.4615384615385,26 g,,openfoodfacts,2
8996001301777,coffee joy,Mayora,550.0,8.33333333333333,70.8333333333333,20.8333333333333,1 portion (24 g),,openfoodfacts,2
8997009781110,coco hydro ori,Kalbe,22.12825,0.2037,5.10135,0.1455,250 ml,500ml,openfoodfacts,3
8997033001505,cacao yava,Yava,542.0,14.5,45.5,34.5,,35g,openfoodfacts,2
8997033001512,roasted yava,Yava,616.666666666667,15.6666666666667,36.3333333333333,45.6666666666667,30 g,35g,openfoodfacts,2
8997212610405,bio coco creme de,Kara,322.2,2.997,5.598,30.15,15 ml,200 ml,openfoodfacts,4
8998666003799,coffee creamy mix,Kopiko,541.666666666667,4.16666666666667,62.5,29.1666666666667,1 portion (24 g),,openfoodfacts,3
9000331627908,brownie schoko tortchen,Manner,508.0,5.3,61.0,26.0,1 Keks (12 g),400g,openfoodfacts,3
9000332813027,kokos rum,Casali,492.0,4.9,61.0,23.0,,,openfoodfacts,2
9000451007802,roster zwetschken,efko,82.0,0.0,18.0,0.0,,370g,openfoodfacts,2
9001426031235,ham wiener,Radatz,142.0,18.0,1.7,7.0,,,openfoodfacts,2
9001432033278,hauszwetschken,Darbo,221.0,0.5,54.0,0.0,100g,450g,openfoodfacts,1
9001442223560,knusper rosti,11er,172.0,2.3,26.0,6.0,,600g,openfoodfacts,2
9001455014940,backofen schinken,BERGER,164.0,19.0,12.0,9.0,,100g,openfoodfacts,2
9001455033026,puten schinken,Berger Schinken,101.0,19.0,1.2,2.0,100 g,100g,openfoodfacts,2
9001466225861,aquafaba,Veggo,14.0,1.5,1.4,0.1,1 portion (100 g),500ml,openfoodfacts,1
9001638189151,maroni schoko,Heindl,362.0,6.3,48.0,15.0,,,openfoodfacts,2
9001734001845,keksi natur schoko,Kastner,469.0,9.3,58.0,21.0,180 g,,openfoodfacts,3
9001745055042,chips schinken,Handl Tyrol,362.0,72.0,0.5,8.0,100 g,,openfoodfacts,2
9001969044693,asia mix wok,Bauernland,32.0,2.1,4.0,0.3,1 portion (100 g),,openfoodfacts,3
9002033130243,erdbeer schoko weisse,KNUSPERLI,444.0,9.2,65.0,15.0,,400g,openfoodfacts,3
9002253800247,kren,KrenLand,130.0,3.2,12.0,6.0,,200g,openfoodfacts,1
9002490264093,edition the winter,Redbull,44.0,0.0,11.0,0.0,1 porção (250 ml),250ml,openfoodfacts,3
9002490289713,exotic passionfruit,Red Bull,114.72275334608,0.0,27.0,0.0,1 Can (250 ml),,openfoodfacts,2
9002515425218,de nectar peche,Pago,55.0,0.5,13.0,0.5,,750 ml,openfoodfacts,3
90026386,coffee ice vienna,Maresi,84.0,2.3,9.7,3.9,,,openfoodfacts,3
9002674015039,chicken tandoori,Gourmet,145.554493307839,6.2,16.4,5.9,,,openfoodfacts,2
90027468,capuchino coffee ice vienna,Maresi,69.0,3.2,9.4,2.0,1 portion (250 ml),,openfoodfacts,4
9002859035579,coco mini rochers,Pâtisserie Gunz,455.0,4.5,54.0,23.0,,175 g,openfoodfacts,3
9002859058172,bananen schoko,Sir Charles,359.0,2.1,67.3,8.5,,300 g e,openfoodfacts,2
9002859063718,cheese wafer,Cheese Wafer,388.0,13.0,68.0,7.2,,100 g,openfoodfacts,2
9002859067907,abricot biscuits saveur soft,Fine Biscuits,432.0,5.2,64.0,17.0,,380g,openfoodfacts,4
9002859072253,cream merendine,"Gunz, Meister Moulin",373.0,5.1,54.0,15.0,,250 g,openfoodfacts,2
9002859072291,erdbeercreme kuchenschnitten mit,Meister Moulin,390.0,6.2,56.0,16.0,,250 g,openfoodfacts,3
9002859099731,wraps,Don Fernando,283.0,9.2,45.0,6.5,100 g,4pcs,openfoodfacts,1
9002859121890,croquante panne rosmarin,Stiratini,390.0,12.0,66.0,7.9,,140g,openfoodfacts,3
9003454148107,sunnypepp,Die Kasemacher,194.0,6.5,9.3,14.0,1 portion (140 g),,openfoodfacts,1
9003740065743,brot toast,clever,221.0,8.3,43.0,1.0,1 slice (25 g),500g,openfoodfacts,2
9003740088261,bio mais zucker,ja! Natürlich,93.0,3.3,16.0,1.2,,330g,openfoodfacts,3
9004380126702,coffee decaf ice,,79.0,3.3,13.0,1.5,,,openfoodfacts,3
9004617063220,bio crunchy schoko,Verival,435.0,9.1,60.0,16.0,100g,375 g,openfoodfacts,3
9004998014989,bio pure superfruits,Landgarten,330.0,4.2,70.0,2.2,120 g,,openfoodfacts,3
9005182048209,bio butterkase,Ja! Natürlich,381.0,25.0,0.0,31.0,100g,175 g,openfoodfacts,2
9005300010354,sandwich software super,Ölz,251.0,8.9,41.0,4.2,,375g,openfoodfacts,3
9005300010750,sandwich super wheat,Olz,269.0,8.5,49.0,3.9,100 g,375g,openfoodfacts,3
9005300803338,pain toast,Ölz,267.0,9.0,50.0,2.6,100.0g,390g,openfoodfacts,2
9005300804854,protein sandwich soft,Ölz,281.0,20.0,30.0,8.0,40 g,400 g,openfoodfacts,3
9006403034735,endorphine weihnachtsmix,Zotter,513.0,5.2,42.0,35.0,1 ball (8 g),,openfoodfacts,2
9008684065071,beef cheeks,Billa Premium,148.0,19.0,2.1,7.1,300 g,,openfoodfacts,2
9008695945720,backrohrkroketten,iglo,179.0,2.3,24.0,7.5,,250g,openfoodfacts,1
9008700112505,day happy,Rauch,46.0,0.5,11.0,0.5,200ml,"0,2l",openfoodfacts,2
9008700142007,vishnje yippy,Rauch,38.0,0.5,8.9,0.5,,0.33L,openfoodfacts,2
9008700230285,banane kirsch,"Happy day, Rauch",52.0,0.5,12.0,0.5,100.0g,1l,openfoodfacts,2
9009301003735,cheddar rupp,,254.0,17.0,6.0,18.0,,,openfoodfacts,2
9009504005444,bio maroni natur,Ja! Natürlich,781.0,5.1,36.0,0.9,100 g,100g,openfoodfacts,3
9009865001703,hummus marrakesch,Vegavita,247.0,5.3,10.0,20.0,100g,150g,openfoodfacts,2
9010158000501,basmatireis bio,Ja! Natürlich.,350.0,7.4,78.0,0.6,,1kg,openfoodfacts,2
9010437006712,kokosette,BILLA,678.0,7.4,8.4,65.0,1 portion (100 g),200g,openfoodfacts,1
9010437021623,kakao trink,"Billa, Billa Plus",340.0,12.0,52.0,5.6,20 g,500 g,openfoodfacts,2
9010437022033,mini schokobananen,Clever,392.0,2.0,73.0,10.0,100 g,200g,openfoodfacts,2
9010437024365,fein streichwurst,VegaVita,193.0,9.0,6.1,14.0,1 serving (25 g),5x25g,openfoodfacts,2
9010437029865,kekse mini schoko,BILLA,361.6,6.80000019073486,46.0,22.0,25.0g,,openfoodfacts,3
9010437033480,backerbsen,clever,555.0,8.0,50.0,35.0,,200g,openfoodfacts,1
9010437044059,knabbermix,Clever,419.0,11.0,67.0,11.0,,300g,openfoodfacts,1
9010437045001,ketchup ohne tomaten zucker zusatz,Billa,48.0,1.7,8.2,0.5,1 portion (100 g),,openfoodfacts,5
9010437052511,aufstrich ei,Billa Bio,243.0,6.2,4.5,22.0,1 portion (100 g),150 g,openfoodfacts,2
9010437056724,aufstrich pastete tofu,VegaVita,287.0,8.1,5.8,25.0,1 portion (50 g),,openfoodfacts,3
9010437059831,faschiertes puten,clever,125.0,21.0,0.0,4.5,,,openfoodfacts,2
9011600004689,thunfisch tramezzini,Billa,237.0,11.0,2.8,20.0,,1pcs,openfoodfacts,2
9011900100784,himbeere markhof mautner sirup zitrone,Mautner Markhof 1841,44.0,0.0,11.0,0.0,100ml,"0,7 l",openfoodfacts,5
90158124,manner minis snack,manner,526.0,8.1,52.0,31.0,25g,25g,openfoodfacts,3
90169342,brik citron ice rauch tea,Rauch,25.0,0.5,6.0,0.5,,1l,openfoodfacts,5
90169373,ice peach rauch tea,Rauch Fruchtsäfte,29.0,0.1,7.0,1.1,,1L,openfoodfacts,4
9019100100702,streichzart teebutter,NÖM,743.0,0.7,0.6,82.0,,250g,openfoodfacts,2
9020200026366,haferdrink protein,Joya,47.0,3.3,4.0,1.7,250ml,1l,openfoodfacts,2
90456961,apricot edition,Red Bull,45.0,0.0,10.7,0.0,1 can (250 g),,openfoodfacts,2
90474569,iced peach,redbull,45.0,0.0,11.0,0.0,1 bundžiņa (250 ml),,openfoodfacts,2
90486685,passionfruit,Red Bull,45.8891013312,0.0,10.8,0.0,1 can (250 ml),,openfoodfacts,1
90493430,cherry sakura,Red Bull,45.0,0.0,11.0,0.0,,,openfoodfacts,2
9066085413808,cow happy,,279.0,7.0,6.5,28.0,,150 g,openfoodfacts,2
9100000014395,bio reis sushi,Spar Natur Pur,349.0,6.7,78.0,1.0,1 portion (100 g),500g,openfoodfacts,3
9100000059549,bio rohrzucker,Natur*Pur (Spar),400.0,0.0,100.0,0.0,,500g,openfoodfacts,2
9100000090399,krekeri kukuruzni,Spar,386.0,6.9,86.0,1.2,110 g,110g,openfoodfacts,2
9100000157184,cashew kerne,S BUDGET,620.0,21.0,20.0,50.0,25.0g,150 g,openfoodfacts,2
9100000699301,asciutta pasta,SPAR,201.0,8.7,25.0,6.7,,1pcs,openfoodfacts,2
9100000709765,sauerrahm,Spar natur pur,162.0,3.0,3.2,15.0,,250g,openfoodfacts,1
9100000719207,bio cashewkerne,Spar Natur*pur,590.0,21.0,31.0,42.0,100g,100g,openfoodfacts,2
9100000774213,biskotten eierbiskotten,SPAR - sBudget,386.0,8.8,78.0,3.9,,200g,openfoodfacts,2
9100000842950,bio studentenfutter,Naturpur,493.0,9.0,45.0,29.0,,,openfoodfacts,2
9100000893839,crunch fries super,Spar,172.0,2.3,25.0,6.6,100 g,1pcs,openfoodfacts,3
9100000905532,trinkkakao,Spar,387.0,10.0,53.0,11.0,,350 g,openfoodfacts,1
9100000939391,bio sojasauce,Spar Natur*pur,63.0,9.5,5.8,0.0,,,openfoodfacts,2
9100000972657,natur thunfisch,S Budget,98.0,23.0,0.0,0.7,0.667 cans (100 g),195g,openfoodfacts,2
9100000995571,brownies free from mini,Spar,423.0,3.9,52.0,23.0,37 g,1pcs,openfoodfacts,4
9120001433537,biotic omni,Institut AllergoSan,340.0,2.2,76.4,0.4,5 g,,openfoodfacts,2
9120006000284,basmati bio reis weiss,Reyhani,370.0,10.0,79.0,0.8,,750g,openfoodfacts,4
9120051675208,hummus neni pikant,Neni,270.368,7.8296,7.223,22.1006,,,openfoodfacts,3
9120079621843,bio chips kicher protein,nussyy,343.0,15.0,62.0,2.1,100g,,openfoodfacts,4
9120085630235,crispncream,Neoh,462.0,5.7,22.0,36.0,22 g,66 g,openfoodfacts,1
9120085632482,cream crisp n neoh,Neoh,463.636363636364,5.90909090909091,21.8181818181818,35.9090909090909,1 portion (22 g),,openfoodfacts,4
9120086394365,tea yuzu,,270.0,0.0,66.0,0.5,,,openfoodfacts,2
9120092670057,bio ketchup,Curtis Brothers,68.0,2.0,13.0,0.5,30 g,1270g,openfoodfacts,2
9120092676196,authentic mayonnaise,Curtice,733.0,1.1,2.2,79.4,,420ml,openfoodfacts,2
9120121370828,fire mix,,459.0,11.2,56.6,20.0,100.0g,,openfoodfacts,2
9300601464807,cheddar shredded tasty,Coles,34.432425,3.245355,4.937293125,0.187993125,1 serving (25 g),700g,openfoodfacts,3
9300601975969,baby rocket,coles,21.6666666666667,2.58,2.1,0.66,1 serving (60 g),60g,openfoodfacts,2
9300605012554,minties,Allen's,366.475462077756,1.5,89.6,1.0,20 g,,openfoodfacts,1
9300605088092,cheerios,UNCLE TOBYS,387.2,3.8,76.7,7.0,1 serving (100 g),,openfoodfacts,1
9300633119010,crackers rosemary wheaten,Woolworths,485.0,6.0,63.0,22.0,4 cracker (20 g),,openfoodfacts,3
9300633211929,brown rice steamed,Woolworths,171.428571428571,4.29,30.63,2.68,,450 g,openfoodfacts,3
9300633472429,ham pea soup,Woolworths,86.333333333333,5.6,7.5,2.9,300.0g,300 g,openfoodfacts,3
9300633561581,cheese shredded tasty,Hillview,393.881453154875,23.2,0.4,34.0,1 serving (25 g),,openfoodfacts,3
9300633594169,cake maderia,Woolworths,368.06884444444,5.3333333333333,52.0,14.888888888889,1 serving (31 g),,openfoodfacts,2
9300633643782,hundreds thousands,Woolworths,499.0,4.9,71.2,21.2,1 portion (100 g),,openfoodfacts,2
9300633700720,creme minis wafer,Woolworths,503.448275862069,4.82758612468325,65.8620702809301,27.5862068965517,29.0g,175 g,openfoodfacts,3
9300633715526,crusty vienna,Woolworths Bakery,422.954793772193,10.491803278689,43.44262295082,3.9344262295082,55grams,,openfoodfacts,2
9300639608150,extra soft,Devondale,540.0,1.0,1.4,60.0,1 serving (100 g),750 g,openfoodfacts,2
9300644126212,condensed cream mushroom of,Campbell's,42.8,1.4,4.24,2.2,1 serving (250 g),420g,openfoodfacts,4
9300652010794,bites bix coco crunch weet,Weet-Bix,354.545454545455,9.3217,68.64778,1.455,2 biscuits (33 g),1.2 kg,openfoodfacts,5
9300657019976,brandy chicken pate,Gourmet,274.856596515,13.8,4.2,22.5,,,openfoodfacts,3
9300658411205,cream fat reduced sour,Dairy Farmers,185.0,3.0,4.0,18.0,1 portion (20 g),,openfoodfacts,4
9300682050685,minis mms,"M&Ms, Mars",488.588235294118,5.65029411764706,63.0911764705882,23.1147058823529,,35g,openfoodfacts,2
9300682058780,fun mars size,Mars,451.25,3.125,70.625,16.875,1 serving (16 g),192 g,openfoodfacts,3
9300695008741,mix nachos spice,Old El Paso,316.018695559804,10.0,45.5555555555556,6.66666666666667,1 serving (9 g),35g,openfoodfacts,3
9300695008871,hard kit n soft taco,Old El Paso,224.432215641468,5.1219512195122,39.7560975609756,4.39024390243902,41g,,openfoodfacts,5
9300767095006,ham premium,D’orsogna,107.0745697728,18.4,2.0,2.8,0.25 pack (25 g),,openfoodfacts,2
9300830098392,carbonara pasta sauce,Continental,124.438856097764,12.0,72.75,2.25,1 dry serve (40 g),,openfoodfacts,3
9309000827114,shakshuka tunisian,Exotic Bazaar,48.0,2.2,7.8,0.8,1 portion (50 g),,openfoodfacts,2
9310015233890,twisties,Twisties,497.131931166347,7.11111111111111,65.3333333333333,22.6666666666667,45 gram bag (45 g),,openfoodfacts,1
9310015241925,cheese chips corn supreme,Doritos,520.50138084,7.77777777777778,59.2592592592593,27.037037037037,1 portion (27 g),170g,openfoodfacts,4
9310015259869,bacon crispy,SMITH'S,537.320303094681,6.66666666666667,52.5925925925926,32.962962962963,15 chips (27 g),,openfoodfacts,2
9310034002491,crushed oreo,Oreo,489.961759005,4.7,70.2,20.4,4.5 portion (100 g),,openfoodfacts,2
9310036230359,choc oak,Oak,90.8221797323136,3.7,10.9,3.4,1 portion (500 ml),,openfoodfacts,2
9310036244714,oak protein,Oak,60.7074569789674,6.0,5.5,1.4,500 ml (500 ml),,openfoodfacts,2
9310052451202,farmers tasty,Bega,410.0,24.8,0.01,34.7,,250 g,openfoodfacts,2
9310053108082,perfect pizza,Perfect Italiano,358.5086042065,27.6,4.0,27.2,1 portion (25 g),,openfoodfacts,2
9310055107434,coco pops,Kelloggs,408.333333333333,5.66666666666667,87.3333333333333,1.33333333333333,0.667 metric cup (30 g),,openfoodfacts,2
9310071010725,brownie mix protein,The Healthy Baker,395.156150414276,17.3333333333333,51.3333333333333,12.8333333333333,1 portion (60 g),,openfoodfacts,3
9310072004600,cracked pepper,Arnott's VitaWeat,403.698764336975,11.344537815126,64.7058823529412,7.98319327731092,4 crispbreads (23.8 g),250 g,openfoodfacts,2
9310072019888,cruskits rye,Arnott's,281.685331876536,1.4,6.7,0.3,2 biscuits (11.4 g),125 g,openfoodfacts,2
9310072034744,bites cocoa oat oaty,Arnott's Snack Right,469.407265774378,6.0,56.0,20.4,1 portion (25 g),,openfoodfacts,4
9310072034775,chicken crackers crispy soy sweet,Arnott's Snack Right,476.0,6.8,56.0,23.2,1 portion (25 g),,openfoodfacts,5
9310081138341,paprika potato smoked,Birds Eye,144.359464627151,1.7,17.3,6.9,1 portion (100 g),,openfoodfacts,3
9310146972187,pasta smart,Vetta,186.666666666667,24.0,62.4,2.3,1 serving (100 g),,openfoodfacts,2
9310174151295,cashews chicken chinese,McCain,103.284621688063,11.5,43.4,7.6,,280 g,openfoodfacts,3
9310213684210,mince turkey,Steggles,124.920331421287,19.52,0.4,6.08,1 portion (125 g),500 grams,openfoodfacts,2
9310228001408,fat hommus reduced,BLACK SWAN,188.814531548757,6.0,12.0,12.0,1 serving (10 g),,openfoodfacts,3
9310228002528,capsicum dip roasted,Black Swan,169.694072657744,5.0,7.0,14.0,1 serving (10 g),,openfoodfacts,3
9310232961637,expresso intense,Dare,87.9541108848,3.4,10.4,3.4,1 portion (500 ml),,openfoodfacts,2
9310246048805,co coconut comm water,Community Co,14.8,0.0,3.72,0.0,1 servings (250 ml),,openfoodfacts,4
9310264911099,cheese protein tasty,Bega,275.0,34.3,0.5,15.0,1 serving (100 g),500 g,openfoodfacts,3
9310434007249,dinos mini,THE NATURAL CONFECTIONERY CO.,343.2122370396,2.0,79.6,2.0,8 pieces (25 g),,openfoodfacts,2
9310640001338,berry mini,Gatorade,1.434034416826,0.0,0.0,0.0,1 portion (350 ml),,openfoodfacts,2
9310645182636,creamy extra sauce tartare,Coles,450.0,1.0,13.3,44.2,,230g,openfoodfacts,4
9310645210513,pepita seeds,coles,540.0,30.2,2.1,45.0,1 portion (100 g),150 g,openfoodfacts,2
9310645234526,casa di finest pane sesame,coles Finest by LAURENT,250.095602294455,9.44,45.6,2.24,1 serving (62.5 g),,openfoodfacts,5
9310645257068,assorted macarons,Coles,463.63636363636,8.1818181818182,58.636363636364,21.363636363636,,10 x 11 g,openfoodfacts,2
9310645291666,soft white wraps,Coles,248.888888888889,8.44444444444444,44.8888888888889,7.11111111111111,1 wrap (45 g),,openfoodfacts,3
9310645351438,crisps protein puffed soy,Wellness Road,360.0,14.1845685,33.5507575,2.7323125,1 portion (30 g),3 x 27 g,openfoodfacts,4
9310645391595,fry stir superfood,coles Kitchen,25.8823529411765,2.04819277108434,2.7710843373494,1.20481927710843,1 serving (83 g),250 g,openfoodfacts,3
9310645423272,crunchy mix party,coles,540.0,11.69625,8.3625,49.59,1 portion (30 g),,openfoodfacts,3
9310645454375,baked brown crackers oven rice,Coles,420.0,7.6,75.6,8.8,1 portion (25 g),,openfoodfacts,5
9310683000046,kataifi pastry,Antoniou,353.360788295538,4.46153846153846,69.3846153846154,6.0,1 serving (65 g),,openfoodfacts,2
9310761724482,cheese chicken pasta pepper,Lean Cuisine,140.266666666667,5.6,12.8,1.09333333333333,1 portion (375 g),,openfoodfacts,4
9310881915678,fizz raspberry sherbert stix,Well Naturally,329.82791586998,4.0,62.0,4.0,8 serving size (25 g),,openfoodfacts,4
9310885115593,butter dark peanut roasted,MAYVER'S,580.783938814531,25.0,13.5,49.0,1 portion (20 g),,openfoodfacts,4
9311535100013,cacciatore hot,Re,349.9043976504,26.0,0.8,28.0,1 portion (50 g),,openfoodfacts,2
9311594046482,cabanossi cheddar cheese,Primo,336.99808795411,7.8,1.0,11.4,1 portion (100 g),,openfoodfacts,3
9311796581200,snaps,PIRANHA,478.011472275334,4.0,56.4,26.8,,,openfoodfacts,1
9312631163940,decaf premium tea,Dilmah,1.0,0.0,0.1,0.0,2 g,100 g,openfoodfacts,3
9312726002888,dip hommus,WILLOW FARM,165.0,6.0,11.5,9.5,1 serving (20 g),,openfoodfacts,2
9313353070981,fried puffs tofu,Hakka,226.159177820268,17.875,22.125,7.25,1 portion (80 g),,openfoodfacts,3
9313727010018,firm hi protein tofu,Soyco,158.97295820814,19.0285714285714,0.628571428571429,8.62857142857143,1 serving (175 g),,openfoodfacts,4
9313820004648,cream max pepsi strawberries,Pepsi,0.4780114722,0.0,0.12,0.0,1 portion (250 ml),,openfoodfacts,4
9314937234904,seasoned tofu,QSF,133.0,16.7,5.0,5.1,1 portion (100 g),300 g,openfoodfacts,2
9315303022361,carbonara chicken,7Eleven,189.0,6.6,16.0,10.6,1 portion (350 g),,openfoodfacts,2
9315822024266,hoops onion,By George,225.621414913958,2.2,19.4,15.6,2 pieces (100 g),,openfoodfacts,2
9316401202181,mix nut,BHUJA,533.33333,20.66667,29.33333,36.0,1 portion (100 g),140 g,openfoodfacts,2
9317293906546,protein raspberry water,Maxines,85.0860420650096,19.3,2.0,0.0,1 portion (100 g),,openfoodfacts,3
9318471001251,chickpeas choc crunchy dark,The HAPPY SNACK Company,480.0,2.3,8.3,5.9,,,openfoodfacts,4
9318677003035,petite quiche,Temptation Bakeries,300.866044314475,7.05882352941176,28.8235294117647,17.0588235294118,1 portion (17 g),,openfoodfacts,2
9319133332720,choc cranberry dark protein,Carman's,492.5,26.25,33.5,26.75,1 portion (40 g),40 g,openfoodfacts,4
9319946008386,creamy pasta,READY CHEF,136.857142857143,4.51428571428571,15.0285714285714,6.34285714285714,1 portion (350 g),,openfoodfacts,2
9320547006312,enzymes hydro protein whey,Uprotein,395.0,75.25,10.25,5.25,2 scoops (40 g),,openfoodfacts,4
9324292000403,fried soft tofu,Fortune,137.667304015296,14.1,1.0,9.1,1 portion (100 g),,openfoodfacts,3
9324306012842,crisps protein whey,Fresh Life,393.333333333333,70.7,12.8,6.1,1 portion (30 g),,openfoodfacts,3
9324306013238,and but fruit mix,Market Lane,506.692160532,13.3,34.7,33.7,1 serving size (100 g),,openfoodfacts,4
9329937007557,brat smoky texas,GÖTZINGER SMALLGOODS,236.137667304015,16.3,1.6,18.5,1 portion (100 g),,openfoodfacts,3
9332180009056,mixed mushroom,Benito,249.0439770162,4.2,26.0,13.0,1 portion (100 g),950 g,openfoodfacts,2
9333128004966,cream custard donut,Baked Provisions,188.017845761632,3.73333333333333,26.5333333333333,7.2,1 donut (75 g),,openfoodfacts,3
9336243004590,choc honeycomb protein smoothie,Rokeby,253.0,30.0,18.3,6.4,1 portion (425 ml),425ml,openfoodfacts,4
9336243004675,banana snack,Rokeby Protein,92.3159655831739,9.375,9.625,1.6875,1 tub (160 g),,openfoodfacts,2
9336243005078,protein smoothie strawberry,Rokeby,68.0,7.06,6.31,1.51,425 g,,openfoodfacts,3
9337961001472,roasted seaweed snack teriyaki,honest sea,549.713193116634,20.0,40.0,40.0,,30 g,openfoodfacts,4
9338794000182,bickies riccis,,417.71,15.0,65.67,9.67,,120 g,openfoodfacts,2
9339687105038,bacon cut short,Woolworths,152.0,16.4,2.0,9.2,1 serving (50 g),,openfoodfacts,3
9339687341559,cashews coated honey,Woolworths,544.136392606757,12.0,47.3333333333333,33.6666666666667,1 portion (30 g),,openfoodfacts,3
9339687383467,arrabbiata chicken fettuccine sauce with,Woolworths,109.142857142857,5.91428571428571,13.4,3.11428571428571,1 portion (350 g),,openfoodfacts,5
9339687392056,sauce simmer sour sweet,Woolworths,86.4,0.8,20.8,0.8,125.0g,,openfoodfacts,4
9339687406586,beef pies,Woolworths,249.931712646818,9.02857142857143,22.0,13.7142857142857,1 pie (175 g),,openfoodfacts,2
9341816006130,matrix protein,BULK NUTRIENTS,117.0,24.0,2.3,1.1,1 scoop (30 g),,openfoodfacts,2
9343021002099,cheese kransky,Fabbris,243.3078393498,15.4,0.5,20.3,1 portion (100 g),,openfoodfacts,2
9343317000143,pastry puff sheets,Simply Wize,366.113332174517,1.36363636363636,29.0909090909091,26.818,1 serving (22 g),,openfoodfacts,3
9343723007538,beef bone broth,nutra organics,203.154875717017,43.0,4.0,1.0,1 portion (10 g),190 g,openfoodfacts,3
9344962003855,perform yopro,YoPRO,69.0,11.5,3.9,0.7,1 pot (175 g),175g,openfoodfacts,2
9345544010865,dried freeze mix,DJ & A,370.0,4.66666666666667,83.0,0.666666666666667,1 portion (30 g),,openfoodfacts,3
9345556004913,and chicken pasta,IGA,267.686424432,13.8333333333333,33.1666666666667,7.93333333333333,1 serving (300 g),,openfoodfacts,3
9346951001064,crunchy honeycomb,Yarra Valley Chocolaterie,501.91204581,4.66666666666667,63.6666666666667,26.3333333333333,1 portion (30 g),,openfoodfacts,2
9347043002952,road rocky,Drumstick,313.501030468831,4.67532467532468,38.1818181818182,15.5844155844156,1 portion (77 g),,openfoodfacts,2
9347638000028,beef spicy,Byron Beef Jerky,320.267686374,50.5,7.5,9.0,1 portion (40 g),,openfoodfacts,2
9347638001087,beef taco,Byron Beef Jerky,334.60803054,56.0,4.5,10.0,1 bag (40 g),,openfoodfacts,2
9347638001858,beef byron jerky,BYRON,317.877629063097,48.0,10.25,8.5,1 Bag (40 g),,openfoodfacts,3
9349571000301,fruit paste quince,OB finest,301.14722753346,2.0,70.0,0.0,,,openfoodfacts,3
9349622000878,coconut pistachio water,Raw C,131.3765625,2.531484375,8.92234375,12.05546875,1 portion (150 ml),,openfoodfacts,3
9350465009997,fry satay stir,Mingle,318.6743148,12.0,33.3333333333333,13.3333333333333,1 serving (7.5 g),30 g,openfoodfacts,3
9351031000660,beauty bites choc macadamia white,BEAUTY BITES,412.5,18.4375,20.3125,30.0,1 portion (32 g),,openfoodfacts,5
9351777001808,choc mint,noshu,367.0,11.6000003814697,14.3999996185303,21.0,1 serving (30 g),,openfoodfacts,2
9353333000775,chicken crumbed,MY MUSCLE CHEF,154.705882352941,12.2058823529412,13.2941176470588,5.67647058823529,1 serving (340 g),340g,openfoodfacts,2
9353333005312,chicken penne vodka,MY MUSCLE CHEF,174.285714285714,44.5,54.1,21.5,1 portion (350 g),,openfoodfacts,3
9353333006456,choc mymusc protein shake,My Muscle Chef,53.0666666666667,9.33333333333333,2.21333333333333,0.693333333333333,1 bottle (375 ml),,openfoodfacts,4
9353333006999,curry red thai,My muscle chef,145.315487571702,10.7466666666667,14.4266666666667,4.74666666666667,1 portion (375 g),,openfoodfacts,3
9354444003655,endurance,True,330.0,0.333333333333333,78.0,0.0,1 portion (30 g),,openfoodfacts,1
9354849001485,chip choc cookie protein,YOUFOODZ,478.011472275334,14.333333969116,45.666666030883,25.833333333333,,,openfoodfacts,4
9354849012290,fried rice sesame,Youfoodz,144.598470363288,3.65,27.05,2.0,1 portion (200 g),,openfoodfacts,3
9355414001893,favourites mini tzatziki,Black Swan,117.454247473368,5.14285714285714,8.14285714285714,7.14285714285714,1 portion (70 g),,openfoodfacts,3
9356335003942,chicken massaman,Fitness Outcomes,107.142857142857,9.6,11.8857142857143,2.2,1 portion (350 g),,openfoodfacts,2
9357642002413,choc donuts minions white,Mr Donut,391.669085921937,6.80628272251309,44.869109947644,20.1047120418848,1 serving size (191 g),,openfoodfacts,4
93577250,hi hommus protein,Obela,228.728489483747,16.3,5.8,15.2,1 portion (100 g),,openfoodfacts,3
9358726000264,bee captain honey,Captain Bee,50.6692160611855,0.05,12.5,0.0,1 portion (100 g),,openfoodfacts,3
9359054002692,cheesecake choc protein raspberry white,Musclenation,200.8,16.24,15.28,8.08,1 cheesecake (125 g),,openfoodfacts,5
9359054003132,protein sour water,Muscle Nation,336.666666666667,74.0,4.66666666666667,0.0,1 scoop (30 g),,openfoodfacts,3
9359676000045,cranberry sauce,YOUR CONDIMENT CO,171.606118546845,0.0,42.0,0.0,1 portion (10 g),,openfoodfacts,2
9361562000008,cinnamon donut protein,The Macro Hut,166.2417675802,12.6666666666667,12.0,7.55555555555556,1 portion (45 g),,openfoodfacts,3
9361981000030,berry choc ripe,10:10 by Sarah Di Lorenzo,378.947368421053,27.1052631578947,16.5789473684211,17.3684210526316,38 g,,openfoodfacts,3
93682978,mm peanut,M&M's,506.0,9.9,58.9,25.9,40g,37g,openfoodfacts,2
9369900090087,bbq korean mushroom,Checky,150.0,6.57142857142857,15.4285714285714,6.85714285714286,1 portion (350 g),,openfoodfacts,3
9369998102136,butter chef chicken dannys,Live Fit Nutrition,165.277777777778,14.9166666666667,18.0,3.75,1 serve (360 g),,openfoodfacts,4
9369998444793,fondant,By Josephine,446.836810969565,5.65217391304348,41.9130434782609,28.4347826086957,1 portion (115 g),,openfoodfacts,1
9369999930226,mushroom shitake soup,Sup,350.0,10.0,70.0,0.0,1 portion (10 g),50 g,openfoodfacts,3
9400553436102,crackers cream fat reduced,Huntley & Palmers,425.014548175243,10.9,75.0,8.6,,,openfoodfacts,4
9400570022104,coffe dried freeze instant,Jed's Coffee Co,25.0,0.0,0.0,0.0,1 portion (8 g),,openfoodfacts,4
9400581047301,protein wafer,Musashi,507.5,11.6,9.12,13.2,1 bar (40 g),,openfoodfacts,2
9400597052207,cheese everyday,Woolworths,407.5,24.75,1.0,34.75,1 serving (40 g),,openfoodfacts,2
9400597061087,chicken crumbed crunchy tenders,Woolworths,57.8020964701734,11.4184397163121,15.8156028368794,14.7517730496454,3 tenders (141 g),,openfoodfacts,4
9403110029052,seeds sesame,Tasti,149.37859,5.1,0.2,20.5,1 portion (25 g),,openfoodfacts,2
9414727001188,creamy extra oats scotch,HARRAWAYS,406.309751434034,14.0,54.3,6.8,45,800g,openfoodfacts,4
9414732213286,berry jam three,Barker's,272.46653919694,1.0,66.0,0.0,,455 g,openfoodfacts,3
9414757430903,chicken crumbed tenders,Ingham's,208.413001912046,14.5,17.2,9.0,1 portion (100 g),,openfoodfacts,3
9414942010750,bix weet,Sanitarium,353.333333333333,12.0,67.0,1.4,30.0g,750g,openfoodfacts,2
9415077011926,cracked pate pepper,Pams,334.4,12.0,7.2,28.8,1 portion (12.5 g),,openfoodfacts,3
9415077060320,breadcrumbs fine,pams,374.442319949012,10.2222222222222,73.5555555555556,1.11111111111111,90g,,openfoodfacts,2
9415077101955,cheddar pams smoked tahatai,Pams,34.29105,3.23203,4.91702125,0.18722125,1 portion (25 g),,openfoodfacts,4
9415077376445,basmati rice steamed,pams,156.78776290631,2.96,34.0,0.56,1.0 portion (125.0 g),,openfoodfacts,3
9415077377633,sandwicj white,Pams,257.692307692308,8.65384615384615,50.3846153846154,1.53846153846154,2 slices (52 g),,openfoodfacts,2
9415077379934,chicken roast shredded,Pams,133.3652007438,26.3,1.0,3.0,1 portion (65 g),,openfoodfacts,3
9415102000000,buttery spread,Meadowlea,549.713193116634,10.0,10.0,63.0,,500 g,openfoodfacts,2
9415533005599,cheese steak,THE Baker's SON,247.370936902485,9.15,22.45,13.4,1 pie (200 g),,openfoodfacts,2
9415748004554,brown cakes rice,Ceres Organics,379.753558529849,8.0,82.0,2.1,1 serving (18 g),,openfoodfacts,3
9415748010456,dates pitted raw,Ceres Organic,294.0,2.0,66.0,0.6,50 g,250 g,openfoodfacts,3
9415912174281,and chipe choc cookie,Cookie Time,530.0,5.57142857142857,57.0,30.8571428571429,1 Cookie (70 g),,openfoodfacts,4
9416050532810,cranberry trio,Mother Earth,501.912045889101,12.0,43.3333333333333,33.3333333333333,30.0g,,openfoodfacts,2
9420000253281,coconut crunch nut raspberry,Pure Delish,540.152963671128,14.6,31.6,38.0,1 portion (50 g),,openfoodfacts,4
9420025407041,mochi sesame,Okazu,365.712919967223,3.42857142857143,71.4285714285714,7.42857142857143,1 mochi (35 g),,openfoodfacts,2
9420064503698,bites cheese honey hot,Leader.,236.7750158964,8.66666666666667,29.0666666666667,9.33333333333333,3 bites (75 g),,openfoodfacts,4
9421008322474,butter chicken curry,Strength Meals Co,133.4375,9.5,10.15625,5.84375,1 portion (320 g),,openfoodfacts,3
9421013220611,crackers oat parmesan,180 Degrees,461.281070745697,13.8,56.7,21.1,100 g,135 g,openfoodfacts,3
9421015062592,honey manuka raw,1839,285.714285714286,0.0,71.4285714285714,0.0,"12 , serv. size (21 g)",,openfoodfacts,3
9421017210090,premium white wraps,Farrah's,299.75302735875,7.91666666666667,46.25,8.75,1 tortilla (24 g),450 g,openfoodfacts,3
9421026691644,caesar kit,Leaderbrand,104.0,1.8,8.9,6.5,62.5 g,250 g,openfoodfacts,2
9421901214302,hemp power smoothie superfood,SIMPLE,51.384615384615,1.0461538461538,12.523076923077,0.30769230769231,,,openfoodfacts,4
9421901214326,radiance,simple superfood JUICES,131.0,1.0,28.9,0.0,,,openfoodfacts,1
9421903088154,herb mixed pasta sauce,Harvest,45.7142857142857,1.82857142857143,7.14285714285714,0.8,1 portion (105 g),,openfoodfacts,4
9421904667815,peanut vutter,Pics,603.333333333333,26.3333333333333,11.3333333333333,49.0,1 serving (30 g),,openfoodfacts,2
9421904958418,honey manuka pops throat,Egmont New Zealand,396.749521988527,0.0,97.1428571428571,0.0,1 portion (7 g),,openfoodfacts,4
9421905039871,dried freeze kiwifruit,Little Beauties,198.374760963,2.0,46.0,0.5,1 portion (20 g),,openfoodfacts,3
9421907115344,honey pistachio,Duck Island,243.785850860421,4.8,22.5,14.7,,,openfoodfacts,2
9421908585092,butter cinnamon honey spread,Springbrook,592.734225528,0.0,26.4,54.4,1 portion (25 g),,openfoodfacts,4
94754513,nature sucre yaourt,,88.0,3.0,10.8,3.2,,,openfoodfacts,3
9501101070110,yochi,Michi,34.8,3.28,4.99,0.19,,900 mL,openfoodfacts,1
95540375,faux sucre,,8.0,0.0,99.0,0.0,,,openfoodfacts,2
9554602455337,douces frites patates,,157.0,2.0,21.0,6.3,,500 g,openfoodfacts,3
9555313900314,coffee roasted white,Old Town,375.0,6.66666666666667,55.8333333333333,8.33333333333333,12 g,,openfoodfacts,3
9555480002774,nuwafer,MyBizcuit,500.0,10.0,60.0,25.0,10 g,130 g,openfoodfacts,1
9555865601592,coconut mix nut pandan,Amazin’ graze,600.0,18.0,33.0,44.0,30g,30g,openfoodfacts,4
9556001321268,kitkat pink,KitKat,537.142857142857,5.71428571428571,60.0,30.5714285714286,35 g,,openfoodfacts,2
9556041640350,ew pad sauce see thai,Ayam Hawker Market,162.9584564575,1.96969696969697,31.0606060606061,3.18181818181818,1 portion (66 g),,openfoodfacts,5
9556156000971,ayam kari,yeos,142.0,11.2,5.6,8.3,1 serving (140 g),280g,openfoodfacts,2
9556184666569,biscuits butter peanut sandwich,Cold Storage,536.842105263158,11.8421052631579,55.2631578947368,29.7368421052632,1 portion (38 g),,openfoodfacts,4
9556196001617,nips peanut,JACK n' JILL,507.0,13.7,54.2,26.3,1 pack (100 g),70g,openfoodfacts,2
9556252242015,bakar ikan perencah,adabi,213.0,2.3,20.6,14.7,1 portion (35 g),70g,openfoodfacts,3
9556593111766,chicken curry instant sauce,Ak Koh,34.0,1.0,1.1,1.8,0.25 pack (50 g),200 g,openfoodfacts,4
9556771011413,choco mint peppermint,7-Eleven,77.9166666666667,1.08333333333333,12.2083333333333,2.79166666666667,240 ml,,openfoodfacts,3
96130780,fishermans friend ohne raspberry zucker,Fisherman's Friend,249.0,0.5,98.0,1.2,1.15g,25g,openfoodfacts,5
96198605,fruits mini summer,Robinsons,1.2,0.0,0.0,0.0,,66ml,openfoodfacts,3
9711989065775,mousse proteine,Melken,82.0,10.0,3.9,2.7,1 bakje (200 g),,openfoodfacts,2
9713004400652,bobosse charcuterie,,190.0,12.0,1.3,15.0,,,openfoodfacts,2
9718787148679,chinese tomatensoep,AlbertHeijn,56.0,1.9,7.9,1.7,250 gram,500 gram,openfoodfacts,2
9760165140102,de fibras forma pao,Padaria Do Juncal,375.0,12.4,62.4,6.6,100 g,,openfoodfacts,4
9780201379686,fde nutrition,ZULUS,352.0,5.8,40.8,16.3,30g,180g,openfoodfacts,2
99141516,brioche tresse,,356.0,8.6,49.0,13.0,,,openfoodfacts,2
9999999106316,brotchen tk weizen,Conditorei Coppenrath & Wiese,271.0,9.0,53.0,1.9,56 g,,openfoodfacts,3
