original_cat,cat_l2,cat_l1
"popcorn, peanuts, seeds & related snacks",popcorn & puffed snacks,snacks
candy,candy & gummy,sweets & confectionery
cheese,cheese,dairy & eggs
ice cream & frozen yogurt,ice cream & frozen yogurt,dairy & eggs
cookies & biscuits,cookies & biscuits,baked goods
"chips, pretzels & snacks",chips & crisps,snacks
breads & buns,bread,grains & pasta
"pickles, olives, peppers & relishes","pickles, olives & peppers",vegetables
chocolate,chocolate,sweets & confectionery
"fruit & vegetable juice, nectars & fruit drinks",fruit juices,fruits
"snack, energy & granola bars",snack bars,snacks
"cakes, cupcakes, snack cakes",cakes & pastries,baked goods
yogurt,yogurt,dairy & eggs
cereal,cereal,grains & pasta
soda,soda & soft drinks,beverages
"seasoning mixes, salts, marinades & tenderizers",seasoning & spices,condiments & sauces
pasta by shape & type,pasta & noodles,grains & pasta
other snacks,other snacks,snacks
dips & salsa,salsa & dips,condiments & sauces
"ketchup, mustard, bbq & cheese sauce",ketchup & mustard,condiments & sauces
salad dressing & mayonnaise,salad dressing & mayonnaise,condiments & sauces
wholesome snacks,other snacks,snacks
frozen dinners & entrees,frozen dinners & entrees,prepared & frozen meals
pre-packaged fruit & vegetables,other,other
water,water,beverages
milk,milk,dairy & eggs
frozen appetizers & hors d'oeuvres,other snacks,snacks
"pepperoni, salami & cold cuts",processed meats & cold cuts,meat
frozen vegetables,frozen vegetables,vegetables
canned vegetables,canned vegetables,vegetables
other drinks,other beverages,beverages
"sausages, hotdogs & brats",sausages & hot dogs,meat
powdered drinks,powdered drinks,beverages
vegetable & cooking oils,vegetable & cooking oils,fats & oils
crackers & biscotti,crackers,baked goods
pizza,pizza,prepared & frozen meals
baking decorations & dessert toppings,dairy desserts,dairy & eggs
prepared pasta & pizza sauces,cooking sauces,condiments & sauces
frozen fish & seafood,frozen fish & seafood,fish & seafood
canned & bottled beans,canned beans,legumes & beans
"oriental, mexican & ethnic sauces",cooking sauces,condiments & sauces
"cake, cookie & cupcake mixes",baking mixes,baked goods
canned fruit,canned & preserved fruits,fruits
tomatoes,fresh vegetables,vegetables
other soups,prepared soup,soups
"jam, jelly & fruit spreads",jams & spreads,sweets & confectionery
processed cereal products,cereal,grains & pasta
nut & seed butters,jams & spreads,sweets & confectionery
other deli,processed meats & cold cuts,meat
"croissants, sweet rolls, muffins & other pastries",cakes & pastries,baked goods
frozen fruit & fruit juice concentrates,frozen vegetables,vegetables
biscuits/cookies,cookies & biscuits,baked goods
canned soup,canned soup,soups
"energy, protein & muscle recovery drinks",energy & sport drinks,beverages
meat/poultry/other animals  prepared/processed,processed meats & cold cuts,meat
iced & bottle tea,tea,beverages
other meats,other,other
other cooking sauces,cooking sauces,condiments & sauces
milk additives,other,other
rice,rice,grains & pasta
snacks,other snacks,snacks
other frozen desserts,dairy desserts,dairy & eggs
prepared soups,prepared soup,soups
butter & spread,butter & cream,dairy & eggs
plant based milk,plant-based milk,plant-based alternatives
vegetable and lentil mixes,prepared meals,prepared & frozen meals
syrups & molasses,honey & syrups,sweets & confectionery
herbs & spices,seasoning & spices,condiments & sauces
cream,butter & cream,dairy & eggs
meat/poultry/other animals - prepared/processed,processed meats & cold cuts,meat
"granulated, brown & powdered sugar",sugar,sweets & confectionery
breads,bread,grains & pasta
mexican dinner mixes,meal kits,prepared & frozen meals
pasta dinners,frozen dinners & entrees,prepared & frozen meals
"bacon, sausages & ribs",processed meats & cold cuts,meat
crusts & dough,other,other
"entrees, sides & small meals",prepared meals,prepared & frozen meals
tea bags,tea,beverages
chewing gum & mints,chewing gum & mints,sweets & confectionery
non alcoholic beverages  ready to drink,other beverages,beverages
flours & corn meal,flour & corn meal,grains & pasta
baking/cooking mixes/supplies,baking mixes,baked goods
canned seafood,canned & smoked fish,fish & seafood
sauces/spreads/dips/condiments,other,other
yogurts,yogurt,dairy & eggs
chili & stew,prepared meals,prepared & frozen meals
deli salads,salads,vegetables
frozen patties and burgers,frozen dinners & entrees,prepared & frozen meals
puddings & custards,dairy desserts,dairy & eggs
cooked & prepared,prepared meals,prepared & frozen meals
other grains & seeds,other grains,grains & pasta
honey,honey & syrups,sweets & confectionery
fish & seafood,other,other
frozen bread & dough,bread,grains & pasta
bread & muffin mixes,baking mixes,baked goods
canned tuna,canned & smoked fish,fish & seafood
"frozen breakfast sandwiches, biscuits & meals",frozen dinners & entrees,prepared & frozen meals
bread,bread,grains & pasta
meat/poultry/other animals  unprepared/unprocessed,other,other
"frozen pancakes, waffles, french toast & crepes",frozen dinners & entrees,prepared & frozen meals
vegetables  prepared/processed,canned vegetables,vegetables
canned condensed soup,canned soup,soups
"french fries, potatoes & onion rings",other snacks,snacks
all noodles,pasta & noodles,grains & pasta
yogurt/yogurt substitutes,yogurt,dairy & eggs
savoury bakery products,bread,grains & pasta
prepared subs & sandwiches,sandwiches & wraps,prepared & frozen meals
lunch snacks & combinations,other snacks,snacks
frozen prepared sides,frozen dinners & entrees,prepared & frozen meals
alcohol,alcoholic beverages,beverages
flavored rice dishes,prepared meals,prepared & frozen meals
baking additives & extracts,other,other
"gelatin, gels, pectins & desserts",dairy desserts,dairy & eggs
gravy mix,seasoning & spices,condiments & sauces
dough based products / meals,prepared meals,prepared & frozen meals
eggs & egg substitutes,eggs,dairy & eggs
canned meat,processed meats & cold cuts,meat
sweet bakery products,cakes & pastries,baked goods
flavored snack crackers,crackers,baked goods
liquid water enhancer,other beverages,beverages
sport drinks,energy & sport drinks,beverages
"poultry, chicken & turkey",other poultry,poultry
plant based water,plant-based other,plant-based alternatives
other condiments,other,other
prepared wraps and burittos,sandwiches & wraps,prepared & frozen meals
non alcoholic beverages - ready to drink,other beverages,beverages
pizza mixes & other dry dinners,baking mixes,baked goods
pastry shells & fillings,cakes & pastries,baked goods
vegetable based products / meals,plant-based other,plant-based alternatives
sandwiches/filled rolls/wraps,sandwiches & wraps,prepared & frozen meals
vegetables - prepared/processed,canned vegetables,vegetables
"frozen bacon, sausages & ribs",sausages & hot dogs,meat
desserts/dessert sauces/toppings,dairy desserts,dairy & eggs
"frozen poultry, chicken & turkey",frozen dinners & entrees,prepared & frozen meals
coffee,coffee,beverages
meat/poultry/other animals sausages  prepared/processed,sausages & hot dogs,meat
shellfish unprepared/unprocessed,shellfish,fish & seafood
confectionery products,candy & gummy,sweets & confectionery
sushi,prepared meals,prepared & frozen meals
fruit  prepared/processed,canned & preserved fruits,fruits
stuffing,prepared meals,prepared & frozen meals
vegetarian frozen meats,frozen dinners & entrees,prepared & frozen meals
herbs/spices/extracts,seasoning & spices,condiments & sauces
fish  unprepared/unprocessed,fresh fish,fish & seafood
greek-style yogurts,yogurt,dairy & eggs
"breakfast sandwiches, biscuits & meals",sandwiches & wraps,prepared & frozen meals
"frozen sausages, hotdogs & brats",sausages & hot dogs,meat
grains/flour,flour & corn meal,grains & pasta
beef products,beef,meat
specialty formula supplements,dietary supplements,supplements
vegetables and vegetable products,fresh vegetables,vegetables
ready-made combination meals,prepared meals,prepared & frozen meals
meal replacement supplements,dietary supplements,supplements
cheese/cheese substitutes,cheese,dairy & eggs
other frozen meats,frozen dinners & entrees,prepared & frozen meals
pasta/noodles,pasta & noodles,grains & pasta
groceries,undefined,other
"pancakes, waffles, french toast & crepes",cakes & pastries,baked goods
meat/poultry/other animals sausages - prepared/processed,sausages & hot dogs,meat
meat/poultry/other animals - unprepared/unprocessed,other,other
fruit - prepared/processed,canned & preserved fruits,fruits
biscuits/cookies (shelf stable),cookies & biscuits,baked goods
oils edible,vegetable & cooking oils,fats & oils
non alcoholic beverages – ready to drink,other beverages,beverages
grain based products / meals,other,other
fish – unprepared/unprocessed,fresh fish,fish & seafood
baked products,other,other
beverages,other beverages,beverages
"lamb, veal, and game products",lamb & game,meat
bagel breads,bread,grains & pasta
pickles/relishes/chutneys/olives,"pickles, olives & peppers",vegetables
weight control,dietary supplements,supplements
poultry products,other poultry,poultry
fruits and fruit juices,fresh fruits,fruits
hamburger buns,bread,grains & pasta
breakfast drinks,other beverages,beverages
sweets,other snacks,snacks
baby foods,baby food,baby food
prepared/preserved foods variety packs,prepared meals,prepared & frozen meals
pork products,pork,meat
cream/cream substitutes,butter & cream,dairy & eggs
non alcoholic beverages - not ready to drink,other beverages,beverages
undefined,undefined,other
dairy and egg products,undefined,other
coffee/tea/substitutes,other beverages,beverages
fast foods,other,other
breakfast cereals,cereal,grains & pasta
legumes and legume products,dried legumes,legumes & beans
bread/bakery products variety packs,bread,grains & pasta
non alcoholic beverages  not ready to drink,other beverages,beverages
biscuits,cookies & biscuits,baked goods
cheeses,cheese,dairy & eggs
cereal/muesli bars,snack bars,snacks
finfish and shellfish products,frozen fish & seafood,fish & seafood
cereals products - ready to eat (shelf stable),cereal,grains & pasta
wheat breads,bread,grains & pasta
"soups, sauces, and gravies",other,other
pitas,bread,grains & pasta
health care,other,other
fish  prepared/processed,processed meats & cold cuts,meat
sweetened beverages,soda & soft drinks,beverages
meat/poultry/other animals – unprepared/unprocessed,other,other
meat mixed dishes,prepared meals,prepared & frozen meals
nuts/seeds - prepared/processed,nuts & seeds,snacks
fats and oils,vegetable & cooking oils,fats & oils
bread (frozen),bread,grains & pasta
low-fat yogurts,yogurt,dairy & eggs
protein bars,snack bars,snacks
hot dog buns,bread,grains & pasta
cereal grains and pasta,pasta & noodles,grains & pasta
butter/butter substitutes,butter & margarine,fats & oils
fruit yogurts,yogurt,dairy & eggs
chips/crisps/snack mixes - natural/extruded (shelf stable),chips & crisps,snacks
nuts/seeds  prepared/processed,nuts & seeds,snacks
candies,candy & gummy,sweets & confectionery
sausages and luncheon meats,processed meats & cold cuts,meat
"pasta mixed dishes, excludes macaroni and cheese",prepared meals,prepared & frozen meals
sliced breads,bread,grains & pasta
american indian/alaska native foods,other,other
potato crisps,chips & crisps,snacks
meat/poultry/other animals – prepared/processed,processed meats & cold cuts,meat
"chicken, whole pieces",chicken,poultry
white breads,bread,grains & pasta
eggs and omelets,eggs,dairy & eggs
other vegetables and combinations,fresh vegetables,vegetables
english muffins,bread,grains & pasta
crackers (appetizers),crackers,baked goods
protein powders,protein powders,supplements
nut and seed products,nuts & seeds,snacks
poultry mixed dishes,prepared meals,prepared & frozen meals
rice mixed dishes,prepared meals,prepared & frozen meals
green supplements,dietary supplements,supplements
pastas,pasta & noodles,grains & pasta
cow milk yogurts,yogurt,dairy & eggs
milk/milk substitutes,milk,dairy & eggs
fruit - prepared/processed (shelf stable),canned & preserved fruits,fruits
sausages,sausages & hot dogs,meat
cereal bars,snack bars,snacks
wheat flatbreads,bread,grains & pasta
vegetable based products / meals - not ready to eat (frozen),frozen dinners & entrees,prepared & frozen meals
chicken - prepared/processed,processed meats & cold cuts,meat
restaurant foods,other,other
miscellanious,other,other
sweet spreads,jams & spreads,sweets & confectionery
yeast breads,bread,grains & pasta
peanut butters,jams & spreads,sweets & confectionery
drinkable-yogurts,yogurt,dairy & eggs
confectioneries,other snacks,snacks
fish,fresh fish,fish & seafood
pies/pastries - sweet (shelf stable),cakes & pastries,baked goods
fruit/nuts/seeds combination,nuts & seeds,snacks
fish - prepared/processed,canned & smoked fish,fish & seafood
tea and infusions/tisanes,tea,beverages
corn chips,chips & crisps,snacks
cookies and brownies,cookies & biscuits,baked goods
frozen fish/seafood,frozen fish & seafood,fish & seafood
seasonings/preservatives/extracts variety packs,seasoning & spices,condiments & sauces
whole milk yogurts,yogurt,dairy & eggs
baking,baking mixes,baked goods
seafood mixed dishes,prepared meals,prepared & frozen meals
breadsticks,bread,grains & pasta
cream cheeses,cheese,dairy & eggs
mueslis,cereal,grains & pasta
sugars/sugar substitute products,sugar,sweets & confectionery
eggs/eggs substitutes,eggs,dairy & eggs
cakes and pies,cakes & pastries,baked goods
cheeses (perishable),cheese,dairy & eggs
crisps,chips & crisps,snacks
fats edible,other fats,fats & oils
frozen foods,other,other
spreads,jams & spreads,sweets & confectionery
dark chocolates,chocolate,sweets & confectionery
instant noodles,pasta & noodles,grains & pasta
confectionery,candy & gummy,sweets & confectionery
dietary supplements,dietary supplements,supplements
kefir,yogurt,dairy & eggs
chocolates,chocolate,sweets & confectionery
"meals, entrees, and side dishes",prepared meals,prepared & frozen meals
bread rolls,bread,grains & pasta
chocolate candies,candy & gummy,sweets & confectionery
meat/poultry/other animals sausages – prepared/processed,sausages & hot dogs,meat
cakes - sweet (frozen),cakes & pastries,baked goods
nuts and seeds,nuts & seeds,snacks
not included in a food category,undefined,other
energy drinks,energy & sport drinks,beverages
rolled oats,cereal,grains & pasta
bread crumbs,bread,grains & pasta
cakes,cakes & pastries,baked goods
sodas,soda & soft drinks,beverages
"beans, peas, legumes",dried legumes,legumes & beans
sauces,cooking sauces,condiments & sauces
butters,butter & cream,dairy & eggs
baking/cooking mixes (shelf stable),baking mixes,baked goods
tofu,plant-based meat,plant-based alternatives
popcorn,popcorn & puffed snacks,snacks
plain yogurts,yogurt,dairy & eggs
stir-fry and soy-based sauce mixtures,cooking sauces,condiments & sauces
strawberry yogurts,yogurt,dairy & eggs
canned tunas,canned & smoked fish,fish & seafood
liquor and cocktails,alcoholic beverages,beverages
milks,milk,dairy & eggs
flatbreads,bread,grains & pasta
milk chocolates,chocolate,sweets & confectionery
"doughnuts, sweet rolls, pastries",cakes & pastries,baked goods
pies/pastries/pizzas/quiches - savoury (frozen),frozen dinners & entrees,prepared & frozen meals
protein shakes,protein powders,supplements
bars,snack bars,snacks
pizzas,pizza,prepared & frozen meals
spices and herbs,seasoning & spices,condiments & sauces
cottage cheeses,cheese,dairy & eggs
yogurt drinks,yogurt,dairy & eggs
deli and cured meat sandwiches,sandwiches & wraps,prepared & frozen meals
prepared meats,processed meats & cold cuts,meat
burgers,prepared meals,prepared & frozen meals
digestive & fiber supplements,dietary supplements,supplements
grated cheese,cheese,dairy & eggs
breakfast foods,other,other
ice cream and frozen dairy desserts,ice cream & frozen yogurt,dairy & eggs
colomba,cakes & pastries,baked goods
dairy/egg based products / meals,other,other
"dips, gravies, other sauces",salsa & dips,condiments & sauces
canned fish and meat,canned & smoked fish,fish & seafood
"includes products from mature animals of the genus bos that have been subjected to one or more further manufacturing processes such as being cooked, dried, cured, ground, or reformed.",processed meats & cold cuts,meat
frozen pizzas,pizza,prepared & frozen meals
meals,prepared meals,prepared & frozen meals
candy chocolate bars,chocolate,sweets & confectionery
confection & snacks,other snacks,snacks
vegetables – prepared/processed,canned vegetables,vegetables
chocolate biscuits,cookies & biscuits,baked goods
mashed potatoes and white potato mixtures,fresh vegetables,vegetables
bonbons,candy & gummy,sweets & confectionery
"crackers, excludes saltines",crackers,baked goods
pork (prepared),processed meats & cold cuts,meat
vegetables - prepared/processed (shelf stable),canned vegetables,vegetables
ice creams,ice cream & frozen yogurt,dairy & eggs
mozzarella,cheese,dairy & eggs
yogurt (perishable),yogurt,dairy & eggs
"pancakes, waffles, french toast",cakes & pastries,baked goods
honey yogurts,yogurt,dairy & eggs
sugar-free chewing gum,chewing gum & mints,sweets & confectionery
eggs,eggs,dairy & eggs
mayonnaises,salad dressing & mayonnaise,condiments & sauces
chickens,chicken,poultry
coffee capsules,coffee,beverages
prepared salads,salads,vegetables
pastries,cakes & pastries,baked goods
other mexican mixed dishes,prepared meals,prepared & frozen meals
appetizers,other,other
honeys,honey & syrups,sweets & confectionery
salted-snacks,other snacks,snacks
rices,rice,grains & pasta
salad dressings and vegetable oils,salad dressing & mayonnaise,condiments & sauces
other dark green vegetables,fresh vegetables,vegetables
"formula, prepared from powder",baby food,baby food
fruit juices,fruit juices,fruits
pretzel,bread,grains & pasta
virgin olive oils,vegetable & cooking oils,fats & oils
noodles,pasta & noodles,grains & pasta
cereals and their products,cereal,grains & pasta
dough based products / meals - not ready to eat - savoury (shelf stable),prepared meals,prepared & frozen meals
fruit drinks,fruit juices,fruits
burritos and tacos,prepared meals,prepared & frozen meals
potato crisps in sunflower oil,chips & crisps,snacks
pflanzliche-lebensmittel-und-getranke,plant-based other,plant-based alternatives
white hams,processed meats & cold cuts,meat
"white potatoes, baked or boiled",fresh vegetables,vegetables
"biscuits, muffins, quick breads",bread,grains & pasta
pork,pork,meat
herbal supplements,dietary supplements,supplements
sauces - cooking (shelf stable),cooking sauces,condiments & sauces
soups,prepared soup,soups
"soups, broth-based",canned soup,soups
prepared meals,prepared meals,prepared & frozen meals
coconut milks and creams,plant-based milk,plant-based alternatives
egg/breakfast sandwiches,sandwiches & wraps,prepared & frozen meals
sandwiches,sandwiches & wraps,prepared & frozen meals
salami,processed meats & cold cuts,meat
baby/infant  foods/beverages,baby food,baby food
dried fruits,dried fruits,fruits
gummi candies,candy & gummy,sweets & confectionery
"turkey, duck, other poultry",other poultry,poultry
bodybuilding supplements,dietary supplements,supplements
children's nutritional supplements,dietary supplements,supplements
salad dressings,salad dressing & mayonnaise,condiments & sauces
pretzels/snack mix,other snacks,snacks
salads,salads,vegetables
tea,tea,beverages
puddings,dairy desserts,dairy & eggs
fried rice and lo/chow mein,rice,grains & pasta
french fries and other fried white potatoes,other snacks,snacks
cold cuts and cured meats,processed meats & cold cuts,meat
rye breads,bread,grains & pasta
frozen breads,bread,grains & pasta
drinks flavoured - ready to drink,other beverages,beverages
filled biscuits,cookies & biscuits,baked goods
soups - prepared (shelf stable),prepared soup,soups
nuts,nuts & seeds,snacks
basmati rices,rice,grains & pasta
bacon,processed meats & cold cuts,meat
iced teas,tea,beverages
sandwiches/filled rolls/wraps (frozen),frozen dinners & entrees,prepared & frozen meals
crispbreads,bread,grains & pasta
margarines,butter & margarine,fats & oils
protein energy bars,snack bars,snacks
other fruits and fruit salads,fresh fruits,fruits
puffed rice cakes,popcorn & puffed snacks,snacks
skyrs,yogurt,dairy & eggs
salty snacks made from potato,chips & crisps,snacks
shellfish,shellfish,fish & seafood
cheese spreads,cheese,dairy & eggs
shelf-stable prepared fruit nuts and seeds mixes,nuts & seeds,snacks
"condiments, oils & dressing",other,other
croutons,other snacks,snacks
spaghetti,pasta & noodles,grains & pasta
meat analogues,plant-based meat,plant-based alternatives
other starchy vegetables,fresh vegetables,vegetables
vlees,undefined,other
smoked salmons,canned & smoked fish,fish & seafood
coffee/coffee substitutes,coffee,beverages
mexican-dinner-mixes,prepared meals,prepared & frozen meals
cow milks,milk,dairy & eggs
multigrain sliced breads,bread,grains & pasta
dough based products / meals - not ready to eat - savoury (frozen),frozen dinners & entrees,prepared & frozen meals
dry pastas,pasta & noodles,grains & pasta
baguettes,bread,grains & pasta
rolls and buns,bread,grains & pasta
canned soups,canned soup,soups
meals with chicken,prepared meals,prepared & frozen meals
seafood miscellaneous,other,other
dairy desserts,dairy desserts,dairy & eggs
turnovers and other grain-based items,pies & tarts,baked goods
"jams, syrups, toppings",jams & spreads,sweets & confectionery
chia,other,other
creams,butter & cream,dairy & eggs
frozen desserts,dairy desserts,dairy & eggs
wholemeal sliced breads,bread,grains & pasta
durum wheat pasta,pasta & noodles,grains & pasta
tomato sauces,cooking sauces,condiments & sauces
gluten-free breads,bread,grains & pasta
extruded cereals,cereal,grains & pasta
macaroni and cheese,pasta & noodles,grains & pasta
wholemeal breads,bread,grains & pasta
hummus,hummus & bean dips,legumes & beans
teas,tea,beverages
pasta sauces,cooking sauces,condiments & sauces
vitamins,dietary supplements,supplements
"beef, excludes ground",beef,meat
ketchup,ketchup & mustard,condiments & sauces
snacks variety packs,other snacks,snacks
fresh eggs,eggs,dairy & eggs
microwave meals,frozen dinners & entrees,prepared & frozen meals
vegetable dishes,prepared meals,prepared & frozen meals
kombuchas,other beverages,beverages
cashew nuts,nuts & seeds,snacks
coffees,coffee,beverages
breakfast cereals - hot and cold,cereal,grains & pasta
bifidus yogurts,yogurt,dairy & eggs
flavoured yogurts,yogurt,dairy & eggs
verse-sappen,fruit juices,fruits
ice cream tubs,ice cream & frozen yogurt,dairy & eggs
"tortilla, corn, other chips",chips & crisps,snacks
snacks-sucres,other snacks,snacks
whole milks,milk,dairy & eggs
chorizo,sausages & hot dogs,meat
dairy foods/yoghurts,yogurt,dairy & eggs
canned common beans,canned beans,legumes & beans
oat-based drinks,plant-based milk,plant-based alternatives
instant chocolate powders,powdered drinks,beverages
"olives, pickles, pickled vegetables","pickles, olives & peppers",vegetables
bagels and english muffins,bread,grains & pasta
chocolate milks,milk,dairy & eggs
broccoli,fresh vegetables,vegetables
frozen fries,frozen vegetables,vegetables
cheddar cheese,cheese,dairy & eggs
baking accessories,other,other
frankfurter sandwiches,sandwiches & wraps,prepared & frozen meals
snack foods - other,other snacks,snacks
non alcoholic beverages – not ready to drink,other beverages,beverages
corn,fresh vegetables,vegetables
cocoa and hazelnuts spreads,jams & spreads,sweets & confectionery
meats,other,other
canned sweet corn,canned vegetables,vegetables
chicken sausages,sausages & hot dogs,meat
mustard and other condiments,ketchup & mustard,condiments & sauces
mixed vegetables,fresh vegetables,vegetables
desserts (frozen),dairy desserts,dairy & eggs
hams,processed meats & cold cuts,meat
cereals and potatoes,cereal,grains & pasta
special breads,bread,grains & pasta
plain-greek-style-yogurts,yogurt,dairy & eggs
cheese - speciality ,cheese,dairy & eggs
chicken nuggets,chicken,poultry
diet cola soft drink,soda & soft drinks,beverages
strawberry jams,jams & spreads,sweets & confectionery
soy sauces,seasoning & spices,condiments & sauces
prepared foods variety packs,prepared meals,prepared & frozen meals
cocoa powders,other,other
biscuits or cookies (perishable),cookies & biscuits,baked goods
potato chips,chips & crisps,snacks
yogurts high in protein on a fruit layer,yogurt,dairy & eggs
potatoes,fresh vegetables,vegetables
baking/cooking mixes (perishable),baking mixes,baked goods
sliced cheeses,cheese,dairy & eggs
grits and other cooked cereals,cereal,grains & pasta
pudding,dairy desserts,dairy & eggs
penne rigate,pasta & noodles,grains & pasta
green pestos,cooking sauces,condiments & sauces
tortillas,bread,grains & pasta
greek-style yogurts (plain),yogurt,dairy & eggs
candy containing chocolate,chocolate,sweets & confectionery
sugars,sugar,sweets & confectionery
carrots,fresh vegetables,vegetables
"egg rolls, dumplings, sushi",other,other
pasta dishes,pasta & noodles,grains & pasta
smoothies and grain drinks,other beverages,beverages
sweet cream butters,butter & cream,dairy & eggs
chocolate sandwich cookies,cookies & biscuits,baked goods
salty snacks,other snacks,snacks
chocolate cereal bars,snack bars,snacks
baking needs,other,other
nespresso-compatible coffee capsules,coffee,beverages
cooked turkey breast slices,processed meats & cold cuts,meat
food/beverage/tobacco variety packs,other,other
toasts,bread,grains & pasta
chickpeas,dried legumes,legumes & beans
stuffed wafers,cookies & biscuits,baked goods
sweet snacks,other snacks,snacks
"drinks - juices, drinks and cordials",fruit juices,fruits
fresh vegetables,fresh vegetables,vegetables
vanilla yogurt,yogurt,dairy & eggs
feta,cheese,dairy & eggs
fermented milk drinks,yogurt,dairy & eggs
dairies,other,other
"fruits, vegetables & produce",other,other
turkey breasts,turkey,poultry
tomato pastes,canned vegetables,vegetables
wafers,cookies & biscuits,baked goods
filled chocolate eggs,chocolate,sweets & confectionery
rice puddings,dairy desserts,dairy & eggs
frozen ready-made meals,frozen dinners & entrees,prepared & frozen meals
handmade breadsticks,bread,grains & pasta
desserts,dairy desserts,dairy & eggs
sour creams,butter & cream,dairy & eggs
candy not containing chocolate,candy & gummy,sweets & confectionery
mueslis with chocolate,cereal,grains & pasta
"bean, pea, legume dishes",prepared meals,prepared & frozen meals
mueslis with fruits,cereal,grains & pasta
fruits and vegetables based foods,other,other
"includes any products that can be described/observed as frozen food made from the curd of milk, separated from the whey, sometimes fermented, and usually pressed, cooked, smoked, matured, or heated and mixed with artificial ingredients, such as emulsifiers, colourings and flavourings. these products must be frozen to extend their consumable life. these products include natural, processed cheese, cheese with added ingredients, such as herbs and nuts, in blocks, rolls, slices, grated, cubes, spreadable and portions.",cheese,dairy & eggs
grated emmentaler,cheese,dairy & eggs
lemon yogurts,yogurt,dairy & eggs
mustards,ketchup & mustard,condiments & sauces
hot sauces,cooking sauces,condiments & sauces
olive oils,vegetable & cooking oils,fats & oils
extruded crispbreads,crackers,baked goods
chicken breasts,chicken,poultry
"ready-to-eat cereal, higher sugar (>21.2g/100g)",cereal,grains & pasta
oat,cereal,grains & pasta
roasted peanuts,nuts & seeds,snacks
dates,dried fruits,fruits
natural mineral waters,water,beverages
parmigiano-reggiano,cheese,dairy & eggs
croissants,cakes & pastries,baked goods
peanut butter and jelly sandwiches,sandwiches & wraps,prepared & frozen meals
almond-based drinks,plant-based milk,plant-based alternatives
dehydrated sauces,cooking sauces,condiments & sauces
roomkaas,cheese,dairy & eggs
energy bars,snack bars,snacks
baking/cooking supplies (shelf stable),other,other
nuts/seeds – prepared/processed,nuts & seeds,snacks
fried vegetables,fresh vegetables,vegetables
oatmeal,cereal,grains & pasta
free-range chicken eggs,eggs,dairy & eggs
waffles,cakes & pastries,baked goods
beers,alcoholic beverages,beverages
pancake mixes,baking mixes,baked goods
processed cheeses,cheese,dairy & eggs
sausages/smallgoods,sausages & hot dogs,meat
soups (prepared) (shelf stable),prepared soup,soups
chicken eggs,eggs,dairy & eggs
canned green beans,canned vegetables,vegetables
chicken fillet sandwiches,sandwiches & wraps,prepared & frozen meals
canned chickpeas,canned beans,legumes & beans
quarks,yogurt,dairy & eggs
cooked chicken breast slices,chicken,poultry
quinoa,other grains,grains & pasta
beef jerkies,processed meats & cold cuts,meat
cake mixes,baking mixes,baked goods
other red and orange vegetables,fresh vegetables,vegetables
flavoured potato crisps,chips & crisps,snacks
chocolate stuffed wafers,cookies & biscuits,baked goods
long grain rices,rice,grains & pasta
string beans,fresh vegetables,vegetables
ice cream/ice novelties (shelf stable),ice cream & frozen yogurt,dairy & eggs
melted-cheese,cheese,dairy & eggs
seafood sandwiches,sandwiches & wraps,prepared & frozen meals
"ready-to-eat cereal, lower sugar (=<21.2g/100g)",cereal,grains & pasta
goat milk yogurts,yogurt,dairy & eggs
fish (freshly prepared),fresh fish,fish & seafood
beer,alcoholic beverages,beverages
nuts/seeds - prepared/processed (shelf stable),nuts & seeds,snacks
fruit bifidus yogurts,yogurt,dairy & eggs
brownies,cakes & pastries,baked goods
meat and bbq sandwiches,sandwiches & wraps,prepared & frozen meals
extra-virgin olive oils,vegetable & cooking oils,fats & oils
herbal teas,tea,beverages
semi-skimmed milks,milk,dairy & eggs
plant-based foods,plant-based other,plant-based alternatives
puffed corn cakes,popcorn & puffed snacks,snacks
corn flakes,cereal,grains & pasta
milk substitutes,plant-based milk,plant-based alternatives
jams,jams & spreads,sweets & confectionery
sunflower oils,vegetable & cooking oils,fats & oils
rice dishes,rice,grains & pasta
other fruit juice,fruit juices,fruits
apples,fresh fruits,fruits
dips,salsa & dips,condiments & sauces
sport and energy drinks,energy & sport drinks,beverages
canned tomatoes,canned vegetables,vegetables
peanuts,nuts & seeds,snacks
pasteurized cheeses,cheese,dairy & eggs
frozen meats,other,other
strawberries,fresh fruits,fruits
industrial cheese,cheese,dairy & eggs
industrial knacks,other snacks,snacks
barn chicken eggs,eggs,dairy & eggs
instant coffees,coffee,beverages
tunas in brine,canned & smoked fish,fish & seafood
lactose-free milk,milk,dairy & eggs
durum wheat spaghetti,pasta & noodles,grains & pasta
doughnuts,cakes & pastries,baked goods
tagliatelle,pasta & noodles,grains & pasta
instant noodle soups,pasta & noodles,grains & pasta
salmon fillets,fresh fish,fish & seafood
salades,salads,vegetables
sardines in olive oil,canned & smoked fish,fish & seafood
plant-based milk,plant-based milk,plant-based alternatives
cream and cream substitutes,butter & cream,dairy & eggs
porridge,cereal,grains & pasta
durum wheat semolinas for couscous,flour & corn meal,grains & pasta
"pasta, noodles, cooked grains",pasta & noodles,grains & pasta
"lamb, goat, game",lamb & game,meat
coconut waters,other beverages,beverages
ricotta,cheese,dairy & eggs
turkey - unprepared/unprocessed,turkey,poultry
smoothies,other beverages,beverages
soy and meat-alternative products,plant-based meat,plant-based alternatives
bilberry jams,jams & spreads,sweets & confectionery
"gelatins, ices, sorbets",dairy desserts,dairy & eggs
potato gnocchi,pasta & noodles,grains & pasta
biscuits and cakes,cakes & pastries,baked goods
protein and nutritional powders,protein powders,supplements
jasmine rice,rice,grains & pasta
gingerbreads,cookies & biscuits,baked goods
fish fingers,frozen dinners & entrees,prepared & frozen meals
madeleines,cakes & pastries,baked goods
goat cheeses,cheese,dairy & eggs
vegan-en-plantaardig,plant-based other,plant-based alternatives
dressings/dips (shelf stable),salsa & dips,condiments & sauces
pancakes,cakes & pastries,baked goods
orange juices,fruit juices,fruits
margherita pizza,pizza,prepared & frozen meals
canned meals,prepared meals,prepared & frozen meals
artificially sweetened beverages,other beverages,beverages
frozen chicken - processed,frozen dinners & entrees,prepared & frozen meals
uht milks,milk,dairy & eggs
sunflower seeds,nuts & seeds,snacks
breaded fish,frozen fish & seafood,fish & seafood
corn flatbreads,bread,grains & pasta
"formula, ready-to-feed",baby food,baby food
"coleslaw, non-lettuce salads",salads,vegetables
"yogurt, regular",yogurt,dairy & eggs
flour - cereal/pulse (shelf stable),flour & corn meal,grains & pasta
shelf stable desserts,dairy desserts,dairy & eggs
light margarines,butter & margarine,fats & oils
coffee drinks,coffee,beverages
whipped creams,butter & cream,dairy & eggs
protein-supplement,protein powders,supplements
tuna in olive oil,canned & smoked fish,fish & seafood
seeds,nuts & seeds,snacks
bread - incl. buns and rolls,bread,grains & pasta
fusilli,pasta & noodles,grains & pasta
shellfish prepared/processed,shellfish,fish & seafood
canned peas,canned vegetables,vegetables
fruits based foods,other,other
vegetables  unprepared/unprocessed (shelf stable),canned vegetables,vegetables
lentils,dried legumes,legumes & beans
turkeys,turkey,poultry
frozen meals,frozen dinners & entrees,prepared & frozen meals
applesauces,canned & preserved fruits,fruits
colas,soda & soft drinks,beverages
pizza with ham and cheese,pizza,prepared & frozen meals
barbecue sauces,cooking sauces,condiments & sauces
cottage/ricotta cheese,cheese,dairy & eggs
crackers,crackers,baked goods
"includes any products that can be described/observed as a frozen substance, which can be heated and combined with other ingredients, such as pasta, rice and chicken, to produce a specific recipe, such as bolognese, carbonara, chicken korma or thai curry.",frozen dinners & entrees,prepared & frozen meals
filled milk chocolates,chocolate,sweets & confectionery
fish (shelf stable),canned & smoked fish,fish & seafood
creamer,milk,dairy & eggs
apple juices,fruit juices,fruits
chocolate cakes,cakes & pastries,baked goods
vegetables - prepared/processed (frozen),frozen vegetables,vegetables
wheat flours,flour & corn meal,grains & pasta
almonds,nuts & seeds,snacks
milk chocolate bar,chocolate,sweets & confectionery
blueberry yogurts,yogurt,dairy & eggs
spinach,fresh vegetables,vegetables
liquorice candies,candy & gummy,sweets & confectionery
smoked trouts,canned & smoked fish,fish & seafood
ramen and asian broth-based soups,prepared soup,soups
vegetables-prepared-processed-shelf-stable,canned vegetables,vegetables
nutritional beverages,other beverages,beverages
aquatic invertebrates/fish/shellfish/seafood combination,frozen fish & seafood,fish & seafood
caramels,candy & gummy,sweets & confectionery
dark chocolate bar,chocolate,sweets & confectionery
maple syrups,honey & syrups,sweets & confectionery
extra fine dark chocolates,chocolate,sweets & confectionery
dry biscuits,cookies & biscuits,baked goods
vegetable based frozen ready-made meals,frozen dinners & entrees,prepared & frozen meals
canned meats,processed meats & cold cuts,meat
guacamoles,salsa & dips,condiments & sauces
cooked chicken,chicken,poultry
tunas,fresh fish,fish & seafood
fatty acid supplements,dietary supplements,supplements
flower honeys,honey & syrups,sweets & confectionery
plant-based beverages,plant-based milk,plant-based alternatives
pork sausages,sausages & hot dogs,meat
mixed nuts and dried fruits,nuts & seeds,snacks
wraps,sandwiches & wraps,prepared & frozen meals
vegetables  unprepared/unprocessed (frozen),frozen vegetables,vegetables
waters,water,beverages
"chicken patties, nuggets and tenders",chicken,poultry
bars-covered-with-chocolate,chocolate,sweets & confectionery
baby food: cereals,baby food,baby food
naans,bread,grains & pasta
shrimps,shellfish,fish & seafood
ice-cream take home,ice cream & frozen yogurt,dairy & eggs
canned peas and carrots,canned vegetables,vegetables
dry durum wheat pasta,pasta & noodles,grains & pasta
gouda,cheese,dairy & eggs
dairy drinks,milk,dairy & eggs
smoked salmons from farming,canned & smoked fish,fish & seafood
filled sponge cake slices,cakes & pastries,baked goods
whole-wheat english muffins,bread,grains & pasta
lactose-free yogurts,yogurt,dairy & eggs
vegetarian,other,other
stews,prepared meals,prepared & frozen meals
salted spreads,jams & spreads,sweets & confectionery
baby food: vegetables,baby food,baby food
fresh cheeses,cheese,dairy & eggs
pie dough,flour & corn meal,grains & pasta
"yogurt, greek",yogurt,dairy & eggs
lettuce and lettuce salads,salads,vegetables
fermented dairy desserts,dairy desserts,dairy & eggs
"includes any products that can be described/observed as a quantity of shelf-stable, pre-mixed dough, batter or powder that is specifically intended to produce bread, cakes, biscuits, desserts, or other products. products may be ready to use (where no additional ingredients need to be added to the mix prior to use) or require the addition of wet ingredients such as water, milk, oil, fat or egg. these products have been treated or packaged in such a way as to extend their consumable life. excludes products such as soups, frozen or perishable baking mixes, all part baked and baked products.",baking mixes,baked goods
plain cottage cheeses,cheese,dairy & eggs
cooking helpers,other,other
cheese sandwiches,sandwiches & wraps,prepared & frozen meals
sushis,prepared meals,prepared & frozen meals
white chocolates,chocolate,sweets & confectionery
cow cheeses,cheese,dairy & eggs
milk chocolates with hazelnuts,chocolate,sweets & confectionery
plain skyrs,yogurt,dairy & eggs
bolognese lasagne,pasta & noodles,grains & pasta
kaas-voor-borrel,cheese,dairy & eggs
snack foods - chips,chips & crisps,snacks
spice mix,seasoning & spices,condiments & sauces
stuffed pastas,pasta & noodles,grains & pasta
yogurt with fruits and sugar,yogurt,dairy & eggs
lacteos,other,other
jaffa cakes,cakes & pastries,baked goods
stick biscuits covered with chocolate,cookies & biscuits,baked goods
brioches,bread,grains & pasta
liver and organ meats,other,other
sauerkrauts,"pickles, olives & peppers",vegetables
fruits,fresh fruits,fruits
soft drinks,soda & soft drinks,beverages
"soups, cream-based",prepared soup,soups
frozen seafood,frozen fish & seafood,fish & seafood
wine,alcoholic beverages,beverages
bread white from wheat flour of the highest grade gost 26987-86,bread,grains & pasta
lean quark,yogurt,dairy & eggs
baby food: fruit,baby food,baby food
frozen blueberries,frozen vegetables,vegetables
peppers,fresh vegetables,vegetables
toasted bread rolls,bread,grains & pasta
coffee beans,coffee,beverages
walnuts,nuts & seeds,snacks
ready to eat combination meals,prepared meals,prepared & frozen meals
pineapple,fresh fruits,fruits
chocolate coated peanuts,chocolate,sweets & confectionery
milk shakes and other dairy drinks,milk,dairy & eggs
chocolate biscuity bars,cookies & biscuits,baked goods
nutrition bars,snack bars,snacks
rice puddings with a fruit preparation,dairy desserts,dairy & eggs
cherry yogurts,yogurt,dairy & eggs
"cream cheese, sour cream, whipped cream",butter & cream,dairy & eggs
coconut oils,vegetable & cooking oils,fats & oils
flavored waters,other beverages,beverages
diet soft drinks,soda & soft drinks,beverages
cut,undefined,other
panettone,cakes & pastries,baked goods
onions,fresh vegetables,vegetables
citrus juice,fruit juices,fruits
plakken-kaas,cheese,dairy & eggs
fruits - unprepared/unprocessed (frozen),frozen vegetables,vegetables
wheat flour t405,flour & corn meal,grains & pasta
large-eggs,eggs,dairy & eggs
poultries,other poultry,poultry
kaas-voor-maaltijden,cheese,dairy & eggs
"flavored milk, reduced fat",milk,dairy & eggs
flavoured drinks,other beverages,beverages
chili con carne with side dishes,prepared meals,prepared & frozen meals
vegan vegetable spreads,jams & spreads,sweets & confectionery
muffins,bread,grains & pasta
chicken wraps,sandwiches & wraps,prepared & frozen meals
mozzarella sticks,other snacks,snacks
beef,beef,meat
frozen meat,other,other
pizza dough,bread,grains & pasta
instant mashed potatoes,other grains,grains & pasta
coconut yogurts,yogurt,dairy & eggs
digestives covered with chocolate,cookies & biscuits,baked goods
diet sport and energy drinks,energy & sport drinks,beverages
tzatzikis,salsa & dips,condiments & sauces
oral hygiene products,other,other
dairy variety packs,cheese,dairy & eggs
ice cream bars,ice cream & frozen yogurt,dairy & eggs
drop cookies,cookies & biscuits,baked goods
edam,cheese,dairy & eggs
baby food: mixtures,baby food,baby food
cow mozzarella,cheese,dairy & eggs
snacks-sales,other snacks,snacks
baking-decorations,other snacks,snacks
"includes any products that can be described/observed as a savoury dough-based not ready to eat, prepared/processed product, such as pasta, gnocchi, noodles or batter, with other ingredients, such as meat, dairy, eggs, fish, vegetables and/or seasoning. an optional seasoning/flavour packet may be present. these ingredients form a valuable part of the product, such as the meat/tomato sauce in spaghetti bolognaise, or cheese sauce in macaroni and cheese. they may or may not contain a sauce. these products are not ready to eat and require cooking prior to consumption. these products may have a main component which is considered a meal without any additional components. these products must be fro",pasta & noodles,grains & pasta
pickled gherkins,"pickles, olives & peppers",vegetables
condiments,other,other
tomato-based condiments,cooking sauces,condiments & sauces
gorgonzolas,cheese,dairy & eggs
mini appetizer pizzas,pizza,prepared & frozen meals
dips/hummus/pate,hummus & bean dips,legumes & beans
cereals products - not ready to eat (shelf stable),cereal,grains & pasta
fruit skyrs,yogurt,dairy & eggs
frozen berries,frozen vegetables,vegetables
fruit and milk beverages,milk,dairy & eggs
chewing gum,chewing gum & mints,sweets & confectionery
dolce gusto-compatible coffee capsules,coffee,beverages
red pestos,cooking sauces,condiments & sauces
red beans,canned beans,legumes & beans
puffed salty snacks made from maize,popcorn & puffed snacks,snacks
raspberry yogurts,yogurt,dairy & eggs
frozen mixed vegetables,frozen vegetables,vegetables
biscuits cracker,crackers,baked goods
ravioli,pasta & noodles,grains & pasta
salted butters,butter & cream,dairy & eggs
edamame,fresh vegetables,vegetables
baby food: snacks and sweets,baby food,baby food
baby food: meat and dinners,baby food,baby food
chicken - unprepared/unprocessed,chicken,poultry
canned/dried veges,canned vegetables,vegetables
canned champignon mushrooms,canned vegetables,vegetables
pickled vegetables,"pickles, olives & peppers",vegetables
snacks other,other snacks,snacks
grana padano,cheese,dairy & eggs
walnut kernels,nuts & seeds,snacks
roquefort cheeses,cheese,dairy & eggs
ground coffees,coffee,beverages
mascarpone,cheese,dairy & eggs
ice pops,dairy desserts,dairy & eggs
acid gummy candies,candy & gummy,sweets & confectionery
cabbage,fresh vegetables,vegetables
aiolis,salsa & dips,condiments & sauces
salted pistachios,nuts & seeds,snacks
diet sodas,soda & soft drinks,beverages
salted popcorn,popcorn & puffed snacks,snacks
almond butters,jams & spreads,sweets & confectionery
dehydrated beverages,powdered drinks,beverages
dried mangoes,dried fruits,fruits
apple compotes,canned & preserved fruits,fruits
burritos,sandwiches & wraps,prepared & frozen meals
meal kits,meal kits,prepared & frozen meals
salmons,fresh fish,fish & seafood
dairy chocolate desserts,dairy desserts,dairy & eggs
"pasta sauces, tomato-based",cooking sauces,condiments & sauces
assorted chocolate candies,candy & gummy,sweets & confectionery
raw-cured-ham,processed meats & cold cuts,meat
breaded chicken,chicken,poultry
"includes products from animals of the domestic pig ( sus scrofa domesticus) that have been subjected to one or more further manufacturing processes such as being cooked, dried, cured, ground, or reformed.",processed meats & cold cuts,meat
sushi rice,rice,grains & pasta
citrus fruits,fresh fruits,fruits
vegetable soups,prepared soup,soups
flavoured milks,milk,dairy & eggs
lemonade,soda & soft drinks,beverages
smoked sausages,sausages & hot dogs,meat
flavoured bifidus yogurts,yogurt,dairy & eggs
fruit yogurts with fruit chunks,yogurt,dairy & eggs
food,undefined,other
fishes,fresh fish,fish & seafood
kefir yogurts,yogurt,dairy & eggs
cheese - block,cheese,dairy & eggs
blueberries and other berries,fresh fruits,fruits
susser-snack,other snacks,snacks
vegetable sandwiches/burgers,sandwiches & wraps,prepared & frozen meals
tuna chunks,canned & smoked fish,fish & seafood
chocolate chip cookies,cookies & biscuits,baked goods
milk bread rolls,bread,grains & pasta
non-alcoholic beers,other beverages,beverages
compotes,canned & preserved fruits,fruits
bouillon cubes,broth & stock,soups
plain tofu,other,other
cereal flakes,cereal,grains & pasta
rapeseed oils,vegetable & cooking oils,fats & oils
plain stirred yogurts,yogurt,dairy & eggs
mixed nuts,nuts & seeds,snacks
salted peanuts,nuts & seeds,snacks
skimmed milks,milk,dairy & eggs
snacks-dulces,candy & gummy,sweets & confectionery
plain bifidus yogurts,yogurt,dairy & eggs
speculoos,cookies & biscuits,baked goods
milk/cream - shelf stable,milk,dairy & eggs
produit-laitier,milk,dairy & eggs
protein,protein powders,supplements
lemon juice,fruit juices,fruits
soy-based condiments,plant-based other,plant-based alternatives
prawns,shellfish,fish & seafood
lettuces,fresh vegetables,vegetables
sugar substitutes,sugar,sweets & confectionery
olives,"pickles, olives & peppers",vegetables
"includes any products that can be described/observed as a substance which can be heated and combined with other ingredients, such as pasta, rice and chicken, to produce a specific recipe, such as bolognese, carbonara, chicken korma or thai curry. these products have been treated or packaged in such a way as to extend their consumable life. excludes products such as sauces dipping and condiments and savoury spreads and marinades, perishable and frozen sauces cooking.",prepared meals,prepared & frozen meals
ice cream bars coated with chocolate,ice cream & frozen yogurt,dairy & eggs
mayonnaise,salad dressing & mayonnaise,condiments & sauces
refrigerated desserts,dairy desserts,dairy & eggs
sugar and flour,sugar,sweets & confectionery
instant beverages,other beverages,beverages
peach yogurts,yogurt,dairy & eggs
strained tomatoes,canned vegetables,vegetables
pepperoni pizzas,pizza,prepared & frozen meals
juices and nectars,fruit juices,fruits
pestos,cooking sauces,condiments & sauces
tortellini,pasta & noodles,grains & pasta
kase,cheese,dairy & eggs
labeled-cheeses,cheese,dairy & eggs
canned fruits,canned & preserved fruits,fruits
frozen fruit,fresh fruits,fruits
frozen snacks and starters,other snacks,snacks
apricot jams,jams & spreads,sweets & confectionery
chocolate spreads,jams & spreads,sweets & confectionery
gherkins,"pickles, olives & peppers",vegetables
energy drink with sugar,energy & sport drinks,beverages
creamy puddings,dairy desserts,dairy & eggs
chocolate mousses,dairy desserts,dairy & eggs
white hams with less salt,processed meats & cold cuts,meat
chocolate desserts,dairy desserts,dairy & eggs
drinks - soft drinks,soda & soft drinks,beverages
grains,other grains,grains & pasta
blueberries,fresh fruits,fruits
vanilla ice cream tubs,ice cream & frozen yogurt,dairy & eggs
fruits  unprepared/unprocessed (frozen),frozen vegetables,vegetables
white basmati rices,rice,grains & pasta
crunchy peanut butters,jams & spreads,sweets & confectionery
dehydrated soups,canned soup,soups
biscuits chocolate,cookies & biscuits,baked goods
unsalted butters,butter & cream,dairy & eggs
dark chocolate bar with more than 70% cocoa,chocolate,sweets & confectionery
cured sausages,sausages & hot dogs,meat
flans,dairy desserts,dairy & eggs
frozen topped baguettes,frozen dinners & entrees,prepared & frozen meals
chips,chips & crisps,snacks
butter and animal fats,butter & cream,dairy & eggs
vegetables,fresh vegetables,vegetables
chocolates with hazelnuts,chocolate,sweets & confectionery
coconutmilk yogurts,yogurt,dairy & eggs
buttermilks,milk,dairy & eggs
canned fishes,canned & smoked fish,fish & seafood
canned flageolet beans,canned beans,legumes & beans
udon,pasta & noodles,grains & pasta
canned white common beans,canned beans,legumes & beans
canned foods,undefined,other
frankfurter sausages,sausages & hot dogs,meat
packaged cereals,cereal,grains & pasta
fruit-snack,other snacks,snacks
vanilla creamy puddings,dairy desserts,dairy & eggs
vegetable oils,vegetable & cooking oils,fats & oils
orange jams,jams & spreads,sweets & confectionery
kaasblokjes,cheese,dairy & eggs
tinned mackerels,canned & smoked fish,fish & seafood
flours,flour & corn meal,grains & pasta
rosette dry sausage,sausages & hot dogs,meat
smoked fish,canned & smoked fish,fish & seafood
milk drinks fermented with l casei,yogurt,dairy & eggs
tomato soups,canned soup,soups
produits-laitiers-fermentes,yogurt,dairy & eggs
biscuit with a chocolate bar covering,cookies & biscuits,baked goods
milk chocolate biscuits,cookies & biscuits,baked goods
sesame oils,vegetable & cooking oils,fats & oils
mozzarella di bufala campana,cheese,dairy & eggs
serrano ham,processed meats & cold cuts,meat
tuna fillets,fresh fish,fish & seafood
meal replacements,dietary supplements,supplements
tomato ketchup,ketchup & mustard,condiments & sauces
caramel chocolate bars,chocolate,sweets & confectionery
broths,broth & stock,soups
torti,pasta & noodles,grains & pasta
meat substitutes,plant-based meat,plant-based alternatives
vegetables - unprepared/unprocessed (shelf stable),canned vegetables,vegetables
vegetables based foods,fresh vegetables,vegetables
rice-cakes,other snacks,snacks
mango yogurts,yogurt,dairy & eggs
cereal products - ready to eat (perishable),cereal,grains & pasta
vegetable juice,other beverages,beverages
nut butters,jams & spreads,sweets & confectionery
vegetables (freshly prepared),fresh vegetables,vegetables
egg white,eggs,dairy & eggs
seafood,other,other
bread pretzels,bread,grains & pasta
pumpkin seeds,nuts & seeds,snacks
flavoured corn crisps,chips & crisps,snacks
nuts/seeds  unprepared/unprocessed (shelf stable),nuts & seeds,snacks
"flavored milk, nonfat",milk,dairy & eggs
puffed salty snacks,popcorn & puffed snacks,snacks
spätzle,pasta & noodles,grains & pasta
cream of vegetable soups,canned soup,soups
soft-drinks,soda & soft drinks,beverages
crunchy cereal clusters,cereal,grains & pasta
cooking sauces,cooking sauces,condiments & sauces
peeled tomatoes,canned vegetables,vegetables
alfajores,cakes & pastries,baked goods
pistachios,nuts & seeds,snacks
spinachs,fresh vegetables,vegetables
agave syrups,honey & syrups,sweets & confectionery
bakery products,other,other
berries/small fruit,fresh fruits,fruits
piadina,bread,grains & pasta
tunas in sunflower oil,canned & smoked fish,fish & seafood
peanut butter cups,chocolate,sweets & confectionery
green teas,tea,beverages
yogurts with cereals,yogurt,dairy & eggs
iced coffees,coffee,beverages
herbs and spices,seasoning & spices,condiments & sauces
soy-based drinks,plant-based milk,plant-based alternatives
plant-based meals,prepared meals,prepared & frozen meals
whole-wheat-bread,bread,grains & pasta
vegetables on a sandwich,sandwiches & wraps,prepared & frozen meals
refrigerated baking mixes,baking mixes,baked goods
antioxidant supplements,dietary supplements,supplements
margarine,butter & margarine,fats & oils
popcorn (shelf stable),popcorn & puffed snacks,snacks
sardines in sunflower oil,canned & smoked fish,fish & seafood
plum cakes,cakes & pastries,baked goods
pre-baked breads,bread,grains & pasta
pork meals,prepared meals,prepared & frozen meals
emmentaler,cheese,dairy & eggs
nut bars,snack bars,snacks
frozen potatoes,frozen vegetables,vegetables
bilberries-jams,jams & spreads,sweets & confectionery
flavored sparkling waters,other beverages,beverages
cakes and slices,cakes & pastries,baked goods
hearts of palm,fresh vegetables,vegetables
plain soy yogurts,yogurt,dairy & eggs
cider vinegars,vinegar & oils,condiments & sauces
herbs,fresh vegetables,vegetables
milchprodukte,other,other
pizzas pies and quiches,pizza,prepared & frozen meals
mineral waters,water,beverages
cane sugars,sugar,sweets & confectionery
hard candies,candy & gummy,sweets & confectionery
canned raviolis,canned soup,soups
fresh pizzas pies and quiches,pizza,prepared & frozen meals
mortadella,processed meats & cold cuts,meat
hamburgers,prepared meals,prepared & frozen meals
cage chicken eggs,eggs,dairy & eggs
squeezed orange juices,fruit juices,fruits
vegetable fats,vegetable & cooking oils,fats & oils
half-salted butter,butter & cream,dairy & eggs
canned red kidney beans,canned beans,legumes & beans
sugars and honey,sugar,sweets & confectionery
sana,yogurt,dairy & eggs
frozen fishes,frozen fish & seafood,fish & seafood
tahini,other fats,fats & oils
morbier,cheese,dairy & eggs
health supplements and vitamins,dietary supplements,supplements
dried breads (shelf stable),bread,grains & pasta
tiefkuhlprodukte,other,other
fruits/vegetables/nuts/seeds variety packs,other,other
vegetarian patties,plant-based meat,plant-based alternatives
decaffeinated coffees,coffee,beverages
sourdough breads,bread,grains & pasta
wheat flour type 55 for bread,flour & corn meal,grains & pasta
sliced bacon,processed meats & cold cuts,meat
tiramisu,dairy desserts,dairy & eggs
gluten-free biscuits,cookies & biscuits,baked goods
balsamic vinegars of modena,vinegar & oils,condiments & sauces
sweet peppers,fresh vegetables,vegetables
powdered sugars,sugar,sweets & confectionery
tuna salads,salads,vegetables
oatmeal-cookies,cookies & biscuits,baked goods
vanilla flavored rice pudding,dairy desserts,dairy & eggs
vinegars/cooking wines,vinegar & oils,condiments & sauces
precooked rices,rice,grains & pasta
green beans,fresh vegetables,vegetables
vegan,other,other
tea-based beverages,tea,beverages
porridge with fruits,cereal,grains & pasta
puffed salty snacks made from maize with peanuts,popcorn & puffed snacks,snacks
preparations-made-from-fish-meat,processed meats & cold cuts,meat
cured hams,processed meats & cold cuts,meat
viennoiseries,cakes & pastries,baked goods
confectionary based spreads,jams & spreads,sweets & confectionery
condensed milks,milk,dairy & eggs
syrups,honey & syrups,sweets & confectionery
vegetarisch,other,other
oyster sauces,cooking sauces,condiments & sauces
chinese noodles,pasta & noodles,grains & pasta
coated peanuts,nuts & seeds,snacks
focaccia,bread,grains & pasta
tomato sauces with basil,cooking sauces,condiments & sauces
four cheese pizza,pizza,prepared & frozen meals
prepared lentils,canned beans,legumes & beans
flavoured dehydrated asian noodles,pasta & noodles,grains & pasta
chocolates with almonds,chocolate,sweets & confectionery
chips and fries,chips & crisps,snacks
flax seeds,nuts & seeds,snacks
pasta salads,salads,vegetables
taco shells,other,other
"milk, whole",milk,dairy & eggs
chicken tikka masala,prepared meals,prepared & frozen meals
susse-brotaufstriche,jams & spreads,sweets & confectionery
vegetarian hamburgers,plant-based meat,plant-based alternatives
chocolate covered bars with milk and cereals,snack bars,snacks
peas,fresh vegetables,vegetables
raspberry jams,jams & spreads,sweets & confectionery
cereal clusters with nuts,cereal,grains & pasta
susswaren,sausages & hot dogs,meat
non-alcoholic beverages,other beverages,beverages
puffed wholegrain rice cakes,other snacks,snacks
durum wheat macaroni,pasta & noodles,grains & pasta
carbonated waters,water,beverages
peanut oils,vegetable & cooking oils,fats & oils
dry sausage pure pork,sausages & hot dogs,meat
potato dishes,prepared meals,prepared & frozen meals
vegetables - unprepared/unprocessed (frozen),frozen vegetables,vegetables
drinks,other beverages,beverages
nachos,other snacks,snacks
sweet and sour sauces,cooking sauces,condiments & sauces
desserts & custard,dairy desserts,dairy & eggs
mushrooms,fresh vegetables,vegetables
tartlet biscuits with fruit preparation,cookies & biscuits,baked goods
refrigerated pâtés,processed meats & cold cuts,meat
puff pastry sheets,cakes & pastries,baked goods
dried tomato in oil,canned & preserved fruits,fruits
fish substitutes,plant-based meat,plant-based alternatives
"pickles, relishes and vinegar","pickles, olives & peppers",vegetables
"flavored milk, lowfat",milk,dairy & eggs
poultry meals,prepared meals,prepared & frozen meals
canned whole champignon mushrooms,canned vegetables,vegetables
protein-drink,protein powders,supplements
milk chocolates with almonds,chocolate,sweets & confectionery
dijon mustards,ketchup & mustard,condiments & sauces
poultry sausages,sausages & hot dogs,meat
white beans,canned beans,legumes & beans
plain rice puddings,dairy desserts,dairy & eggs
milk chocolate candies,chocolate,sweets & confectionery
gewurzmittel,seasoning & spices,condiments & sauces
grated mozzarella,cheese,dairy & eggs
frozen mixed berries,frozen vegetables,vegetables
avocado oils,vegetable & cooking oils,fats & oils
brown rices,rice,grains & pasta
sardines in tomato sauce,canned & smoked fish,fish & seafood
"includes products from animals of the species meleagris gallopavo that have been subjected to one or more further manufacturing processes such as being cooked, dried, cured, ground, or reformed.",processed meats & cold cuts,meat
sauces- cooking,cooking sauces,condiments & sauces
snack foods - nuts,nuts & seeds,snacks
snack foods - cereal snacks,cereal,grains & pasta
frozen spinachs,frozen vegetables,vegetables
instant pasta,pasta & noodles,grains & pasta
mackerel fillets,fresh fish,fish & seafood
gingerbread blocks,cookies & biscuits,baked goods
tunas in oil,canned & smoked fish,fish & seafood
tortillas-de-trigo,bread,grains & pasta
meals with fish,prepared meals,prepared & frozen meals
maasdam,cheese,dairy & eggs
strawberry applesauces,canned & preserved fruits,fruits
tuna sandwiches,sandwiches & wraps,prepared & frozen meals
fruit and vegetable preserves,jams & spreads,sweets & confectionery
variable-size-eggs-by-batch,eggs,dairy & eggs
sliced champignon mushrooms,fresh vegetables,vegetables
seitan,plant-based meat,plant-based alternatives
sheep's-milk cheeses,cheese,dairy & eggs
shortbread cookies,cookies & biscuits,baked goods
leaf salads,salads,vegetables
fruit soy yogurts,yogurt,dairy & eggs
fruit teas,tea,beverages
fruits  unprepared/unprocessed (shelf stable),dried fruits,fruits
short grain rices,rice,grains & pasta
assortments of biscuits,cookies & biscuits,baked goods
yogurt greek-style ewe's milk,yogurt,dairy & eggs
spring rolls,other snacks,snacks
rusks,bread,grains & pasta
fried onions,fresh vegetables,vegetables
spices,seasoning & spices,condiments & sauces
almond milk yogurts,yogurt,dairy & eggs
salami / cured meat,processed meats & cold cuts,meat
turkey sausages,sausages & hot dogs,meat
squeezed apple juices,fruit juices,fruits
spinach with cream sauce,fresh vegetables,vegetables
meat preparations,processed meats & cold cuts,meat
soy milk yogurts,yogurt,dairy & eggs
fresh carrots,fresh vegetables,vegetables
sweet potato crisps,chips & crisps,snacks
comté,cheese,dairy & eggs
gebraden-kip,chicken,poultry
kitchen supplies,other,other
pineapple in juice,canned & preserved fruits,fruits
vienna bread,bread,grains & pasta
pains de campagne,bread,grains & pasta
paella,prepared meals,prepared & frozen meals
gummy bears,candy & gummy,sweets & confectionery
sliced cheese substitutes,cheese,dairy & eggs
gelatin,other,other
pinto beans,canned beans,legumes & beans
german sausages,sausages & hot dogs,meat
cow burrata,cheese,dairy & eggs
vegetarian sausages,plant-based meat,plant-based alternatives
home decoration & supplies,other,other
десерт,dairy desserts,dairy & eggs
biscuits plain/sweet,cookies & biscuits,baked goods
getranke,other beverages,beverages
vanilla ice cream bars coated with milk chocolate and almonds,ice cream & frozen yogurt,dairy & eggs
chicken drumsticks,chicken,poultry
chicken curry,chicken,poultry
black beans,canned beans,legumes & beans
fruits - unprepared/unprocessed (shelf stable),dried fruits,fruits
simple syrups,honey & syrups,sweets & confectionery
herbs/spices (shelf stable),seasoning & spices,condiments & sauces
chicken and its products,chicken,poultry
dietary drink for sport,sport nutrition,supplements
hazelnut cream stuffed wafers,cookies & biscuits,baked goods
dried breads,bread,grains & pasta
ajvar,salsa & dips,condiments & sauces
curry sauces,cooking sauces,condiments & sauces
chocolate-chips,cookies & biscuits,baked goods
jelly desserts,dairy desserts,dairy & eggs
sweeteners,sugar,sweets & confectionery
chocolate croissant,cakes & pastries,baked goods
corn starch,flour & corn meal,grains & pasta
"includes products from animals of the domestic pig ( sus scrofa domesticus) that have been subjected to one or more further manufacturing processes such as being cooked, dried, cured, ground, or reformed. specifically excludes meat/poultry sausages - prepared/processed. excludes pork - unprepared/unprocessed.",processed meats & cold cuts,meat
crisps made from reconstituted potato,chips & crisps,snacks
baby juice,baby food,baby food
pollock fillets,fresh fish,fish & seafood
ayran,yogurt,dairy & eggs
ground meats,other,other
ice creams and sorbets,ice cream & frozen yogurt,dairy & eggs
pickled capers,"pickles, olives & peppers",vegetables
pork salami,processed meats & cold cuts,meat
"includes any products that can be described/observed as a leavened or unleavened, dough-based baked product. these products do not typically contain eggs and tend to have lower fat content than other dough products such as pastry. these products must be frozen to extend their consumable life. includes such products as naan, chapatti, loaves, rolls, bagels, focaccia, ciabatta, baguette. also includes rye bread, bread made from rice flour and part baked bread products. excludes products such as shelf-stable and perishable bread products, dried breads, frozen baking mixes and baking supplies, and pies and pastries.",bread,grains & pasta
green lentils,dried legumes,legumes & beans
vleesvervangers,plant-based meat,plant-based alternatives
peaches and nectarines,fresh fruits,fruits
baked beans in tomato sauce,canned beans,legumes & beans
pots,other,other
chocolate cereals,cereal,grains & pasta
green olives,"pickles, olives & peppers",vegetables
plant-based pickles,"pickles, olives & peppers",vegetables
berry jams,jams & spreads,sweets & confectionery
plant-based pâtés,plant-based other,plant-based alternatives
plant-based spreads,jams & spreads,sweets & confectionery
unsweetened beverages,other beverages,beverages
beef preparations,beef,meat
cheese substitutes,plant-based other,plant-based alternatives
powdered cappucino,powdered drinks,beverages
pound cake,cakes & pastries,baked goods
gluten-free sliced breads,bread,grains & pasta
teriyaki sauces,cooking sauces,condiments & sauces
speculoos spreads,jams & spreads,sweets & confectionery
pastries/pies/pizzas,pies & tarts,baked goods
wrapped snacks - muesli bars,snack bars,snacks
other diet drinks,other beverages,beverages
fish fillets,fresh fish,fish & seafood
mac-and-cheese,prepared meals,prepared & frozen meals
multifruit juices,fruit juices,fruits
frozen pizzas and pies,pizza,prepared & frozen meals
fruit-based beverages,fruit juices,fruits
marshmallows coated with chocolate,candy & gummy,sweets & confectionery
refried beans,canned beans,legumes & beans
breakfast cereals rich in fibre,cereal,grains & pasta
red cabbage,fresh vegetables,vegetables
frozen strawberries,frozen vegetables,vegetables
raw vegetable sandwiches,sandwiches & wraps,prepared & frozen meals
breads with raisins,bread,grains & pasta
cassoulets with duck confit,prepared meals,prepared & frozen meals
mandarins,fresh fruits,fruits
evaporated milks,milk,dairy & eggs
witte-kaas,cheese,dairy & eggs
raisins,dried fruits,fruits
mueslis with nuts,cereal,grains & pasta
frozen fruits,frozen vegetables,vegetables
sandwich biscuits,cookies & biscuits,baked goods
canned lentils,canned beans,legumes & beans
tomatoes and their products,fresh vegetables,vegetables
canned corn,canned vegetables,vegetables
roasted pistachios,nuts & seeds,snacks
fresh meat,other,other
risottos,prepared meals,prepared & frozen meals
plain porridge,cereal,grains & pasta
rigatoni,pasta & noodles,grains & pasta
meat balls,prepared meals,prepared & frozen meals
medjool dates,dried fruits,fruits
misos,seasoning & spices,condiments & sauces
camemberts from pasteurized cow milk,cheese,dairy & eggs
mixed dried fruits,dried fruits,fruits
rice vermicelli,rice,grains & pasta
canned sardines,canned & smoked fish,fish & seafood
energy drink without sugar and with artificial sweeteners,energy & sport drinks,beverages
flavoured yogurt drinks,yogurt,dairy & eggs
cheese buche from goat's milk,cheese,dairy & eggs
egg salads,salads,vegetables
vanilla stuffed wafers,cookies & biscuits,baked goods
dry sausages,sausages & hot dogs,meat
durum wheat semolinas,flour & corn meal,grains & pasta
cheese pizzas,pizza,prepared & frozen meals
fruit smoothies,other beverages,beverages
shelf-stable jams,jams & spreads,sweets & confectionery
lollipops,candy & gummy,sweets & confectionery
shelled nuts,nuts & seeds,snacks
trail-mix,nuts & seeds,snacks
puff pastry appetizers,cakes & pastries,baked goods
semolina puddings,dairy desserts,dairy & eggs
strawberry yogurt drinks,yogurt,dairy & eggs
lentil pasta,pasta & noodles,grains & pasta
saltine crackers,crackers,baked goods
sprinkles,other snacks,snacks
strawberry milks,milk,dairy & eggs
puffed rice cakes with black chocolate,other snacks,snacks
camemberts,cheese,dairy & eggs
butter croissants,cakes & pastries,baked goods
rice vinegars,vinegar & oils,condiments & sauces
plant-based milk alternatives,plant-based milk,plant-based alternatives
sesame,nuts & seeds,snacks
burger sauces,cooking sauces,condiments & sauces
cocoa and chocolate powders,chocolate,sweets & confectionery
wrapped snacks - nut bars,snack bars,snacks
canned sliced champignon mushrooms,canned vegetables,vegetables
spanish omelettes,eggs,dairy & eggs
classic hummus,hummus & bean dips,legumes & beans
ciabatta,bread,grains & pasta
canned legumes,canned beans,legumes & beans
chocolate-covered-peanuts,chocolate,sweets & confectionery
roquefort,cheese,dairy & eggs
chocolate-powders,chocolate,sweets & confectionery
cherry jams,jams & spreads,sweets & confectionery
sugar coated almonds,nuts & seeds,snacks
sports and weight management,sport nutrition,supplements
advent calendars,other snacks,snacks
puddings and desserts,dairy desserts,dairy & eggs
stukken-kaas,cheese,dairy & eggs
spring waters,water,beverages
rice crackers,crackers,baked goods
canned carrots,canned vegetables,vegetables
wheat crackers,crackers,baked goods
rocket,fresh vegetables,vegetables
plant-based foods and beverages,other,other
sugared popcorn,popcorn & puffed snacks,snacks
prepared lasagne,prepared meals,prepared & frozen meals
chocolate rabbits,chocolate,sweets & confectionery
ratatouille,fresh vegetables,vegetables
bries,cheese,dairy & eggs
red lentils,dried legumes,legumes & beans
beef patties,beef,meat
pure peanut butters,nuts & seeds,snacks
breakfast biscuit with cereals fortified with vitamins and chemical elements,cookies & biscuits,baked goods
prepared vegetables,canned vegetables,vegetables
whey powder,protein powders,supplements
chili sin carne,prepared meals,prepared & frozen meals
breaded products,other,other
sultana raisins,dried fruits,fruits
cereal flakes with chocolate,cereal,grains & pasta
beverage preparations,other beverages,beverages
ramen soup,pasta & noodles,grains & pasta
white sugars,sugar,sweets & confectionery
schnitzel,processed meats & cold cuts,meat
beverages and beverages preparations,other beverages,beverages
smoked lardons,processed meats & cold cuts,meat
chinese dumplings,prepared meals,prepared & frozen meals
witte-korst-kaas,cheese,dairy & eggs
chocolate confectionery with dairy filling,chocolate,sweets & confectionery
baking powder or raising agent,baking mixes,baked goods
chicken sandwiches,sandwiches & wraps,prepared & frozen meals
artichoke hearts,canned vegetables,vegetables
quinoa dishes,other,other
chocolate nuts cookie bars,snack bars,snacks
sandwich made with loaf bread,sandwiches & wraps,prepared & frozen meals
bulgur,other grains,grains & pasta
sourdough sliced breads,bread,grains & pasta
rhubarb yogurts,yogurt,dairy & eggs
brussels sprouts,fresh vegetables,vegetables
sardines in oil,canned & smoked fish,fish & seafood
chocolate ice cream tubs,ice cream & frozen yogurt,dairy & eggs
puffed salty snacks made from potato and soy,popcorn & puffed snacks,snacks
bread (shelf stable),bread,grains & pasta
canned-drained-diced-mixed-vegetables,canned vegetables,vegetables
saucen,cooking sauces,condiments & sauces
caramel chocolates,chocolate,sweets & confectionery
caramel stuffed wafers,cookies & biscuits,baked goods
chocolate creamy puddings,dairy desserts,dairy & eggs
cheese spreads substitutes,cheese,dairy & eggs
hazelnuts,nuts & seeds,snacks
crackers(breakfast),crackers,baked goods
pasta salad with chicken,salads,vegetables
linguine,pasta & noodles,grains & pasta
egg-free mayonnaises,salad dressing & mayonnaise,condiments & sauces
light mayonnaises,salad dressing & mayonnaise,condiments & sauces
light butter,butter & cream,dairy & eggs
easter food,other,other
nuts/seeds - prepared/processed (out of shell),nuts & seeds,snacks
easter eggs,candy & gummy,sweets & confectionery
tuna pizzas,pizza,prepared & frozen meals
latte macchiato,coffee,beverages
dried tomatoes,dried fruits,fruits
dried prunes,dried fruits,fruits
fruits cereal bars,cereal,grains & pasta
orange soft drinks,soda & soft drinks,beverages
tilsit,cheese,dairy & eggs
aardappelen,fresh vegetables,vegetables
kerst-groente-en-aardappelen,fresh vegetables,vegetables
vegetarian nuggets,prepared meals,prepared & frozen meals
getranke-und-getrankezubereitungen,other beverages,beverages
juice,fruit juices,fruits
ginger beer,soda & soft drinks,beverages
japanese ravioli,pasta & noodles,grains & pasta
packaged breads,bread,grains & pasta
tilapia,fresh fish,fish & seafood
palmiers,cookies & biscuits,baked goods
dark chocolates with sweeteners,chocolate,sweets & confectionery
dark chocolates with hazelnuts,chocolate,sweets & confectionery
pandoro,cakes & pastries,baked goods
nougats,candy & gummy,sweets & confectionery
esl milks,milk,dairy & eggs
falafels,prepared meals,prepared & frozen meals
tortelloni,pasta & noodles,grains & pasta
medium-eggs,eggs,dairy & eggs
media,other,other
fresh pasta,pasta & noodles,grains & pasta
mildly soured butters,butter & cream,dairy & eggs
milk chocolate with caramel,chocolate,sweets & confectionery
frankfurters,sausages & hot dogs,meat
fries,other snacks,snacks
frozen cakes and pastries,cakes & pastries,baked goods
milkshakes,dairy desserts,dairy & eggs
flavoured uncured soft cheese spreadable with around 30-40% fat,cheese,dairy & eggs
mini sausage rolls,sausages & hot dogs,meat
tonic water,soda & soft drinks,beverages
tomato pulps,canned vegetables,vegetables
filled cereals,cereal,grains & pasta
meals with meat,prepared meals,prepared & frozen meals
mixes for jelly desserts,dairy desserts,dairy & eggs
mochi,dairy desserts,dairy & eggs
mochi ice cream,ice cream & frozen yogurt,dairy & eggs
molten chocolate cakes,cakes & pastries,baked goods
flavored or carbonated water,water,beverages
vegan sausages,plant-based meat,plant-based alternatives
multifruit nectars,fruit juices,fruits
marshmallows,candy & gummy,sweets & confectionery
marmalades,jams & spreads,sweets & confectionery
frozen poultry,frozen fish & seafood,fish & seafood
mango and papaya,fresh fruits,fruits
papadum,other,other
garlic,fresh vegetables,vegetables
coffee milks,milk,dairy & eggs
cod fillets,fresh fish,fish & seafood
corn semolinas for polenta,flour & corn meal,grains & pasta
pickles,"pickles, olives & peppers",vegetables
compotes to drink,fruit juices,fruits
tenderisers,seasoning & spices,condiments & sauces
penne,pasta & noodles,grains & pasta
pita-chips,chips & crisps,snacks
vitamins/minerals/nutritional supplements,dietary supplements,supplements
pears,fresh fruits,fruits
cookies with milk chocolate,cookies & biscuits,baked goods
unfilled breakfast chocolate cereals fortified with vitamins and chemical elements,cereal,grains & pasta
"includes any products that can be described/observed as a quantity of perishable, pre-mixed dough, batter or powder or other ingredients that is specifically intended to produce bread, cakes, biscuits, desserts, or other products. products may be ready to use (where no additional ingredients need to be added to the mix prior to use) or require the addition of wet ingredients such as water, milk, oil, fat or egg. these products must be refrigerated to extend their consumable life. excludes products such as soups, frozen or shelf-stable baking mixes, all part baked and baked products.",baking mixes,baked goods
"includes any products that can be described/observed as a pastry, biscuit or crumble based product filled or topped with a mixture of shredded/sliced savoury ingredients, commonly including meat, vegetables, eggs or other additive. products must be frozen to extend their consumable life. excludes products such as perishable and shelf stable savoury pies, pastries, pizzas and quiches, sweet pies/tarts, and potato topped meat pies.",frozen dinners & entrees,prepared & frozen meals
croissant filled with chocolate,cakes & pastries,baked goods
ice cream sandwiches,ice cream & frozen yogurt,dairy & eggs
turkey and its products,turkey,poultry
"includes any products that can be described/observed as a fine powder derived from grains, roots or tubers. these products have been treated or packaged in such a way as to extend their consumable life. specifically excludes products such as cornflour. excludes products such as whole grains, bread and baking mixes.",flour & corn meal,grains & pasta
pies,pies & tarts,baked goods
vis,undefined,other
cooking oils and fats,vegetable & cooking oils,fats & oils
petit-beurre,cookies & biscuits,baked goods
ground beef,beef,meat
tapioca,other grains,grains & pasta
hazelnut butters,jams & spreads,sweets & confectionery
uncured-soft-cheese-spreadable-around-30-40-fat-flavoured,cheese,dairy & eggs
havarti,cheese,dairy & eggs
cucumbers,fresh vegetables,vegetables
hash browns,frozen vegetables,vegetables
corned beef,processed meats & cold cuts,meat
herring fillets,fresh fish,fish & seafood
pasta with salmon,pasta & noodles,grains & pasta
zubereitetes-fleisch,processed meats & cold cuts,meat
frozen plant-based foods mixes,frozen dinners & entrees,prepared & frozen meals
breaded cheeses,cheese,dairy & eggs
toulouse sausages,sausages & hot dogs,meat
frozen pies/savouries,frozen dinners & entrees,prepared & frozen meals
mature cheddar,cheese,dairy & eggs
macarons,cakes & pastries,baked goods
sauerkraut with garnish,"pickles, olives & peppers",vegetables
ground-beef,beef,meat
sardines without oil,canned & smoked fish,fish & seafood
frozen potato,frozen vegetables,vegetables
mashed potatoes,prepared meals,prepared & frozen meals
brioche filled with chocolate drops,bread,grains & pasta
wild smoked salmons,canned & smoked fish,fish & seafood
marble cakes,cakes & pastries,baked goods
sausage-rolls,sausages & hot dogs,meat
"includes products from mature animals of the genus bos that have been subjected to one or more further manufacturing processes such as being cooked, dried, cured, ground, or reformed. specifically excludes meat/poultry sausages - prepared/processed. excludes beef - unprepared/unprocessed.",processed meats & cold cuts,meat
brown sugars,sugar,sweets & confectionery
brown sauces,cooking sauces,condiments & sauces
ice cream in individual cup,ice cream & frozen yogurt,dairy & eggs
camomile teas,tea,beverages
meatballs,prepared meals,prepared & frozen meals
fresh pasta (ready),pasta & noodles,grains & pasta
fried rice,rice,grains & pasta
caesar salads,salads,vegetables
salted cashews,nuts & seeds,snacks
ham/cold meats,processed meats & cold cuts,meat
turkey salami,processed meats & cold cuts,meat
salted pies,pies & tarts,baked goods
bœufs bourguignons,beef,meat
béchamel sauces,cooking sauces,condiments & sauces
fried tomato sauces,cooking sauces,condiments & sauces
ham sandwiches,sandwiches & wraps,prepared & frozen meals
halloumi,cheese,dairy & eggs
salts,seasoning & spices,condiments & sauces
butter chicken,prepared meals,prepared & frozen meals
sponge fingers biscuit,cookies & biscuits,baked goods
meat analogues from soy or wheat proteins,plant-based meat,plant-based alternatives
frozen grain based meal kits,meal kits,prepared & frozen meals
gummy-candies,candy & gummy,sweets & confectionery
gummy strawberries,candy & gummy,sweets & confectionery
string cheeses,cheese,dairy & eggs
albacore,fresh fish,fish & seafood
frozen meals with meat,frozen dinners & entrees,prepared & frozen meals
frozen-burritos,frozen dinners & entrees,prepared & frozen meals
frozen yogurts,ice cream & frozen yogurt,dairy & eggs
bran bread,bread,grains & pasta
breaded alaska pollock,frozen fish & seafood,fish & seafood
garlic naans,bread,grains & pasta
small brioches,bread,grains & pasta
tuna-in-brine,canned & smoked fish,fish & seafood
smetana,butter & cream,dairy & eggs
grape seed oils,vegetable & cooking oils,fats & oils
yogurt/yogurt substitutes (perishable),yogurt,dairy & eggs
kaiser-buns,bread,grains & pasta
baby/infant foods/beverages variety packs,baby food,baby food
sorbet tub,dairy desserts,dairy & eggs
italian meat products,processed meats & cold cuts,meat
gluten-free pasta,pasta & noodles,grains & pasta
grains/cereal - ready to eat - (shelf stable),cereal,grains & pasta
soft cheese with a natural rind,cheese,dairy & eggs
gluten-free spaghetti,pasta & noodles,grains & pasta
baked shortcrust pastry with vegetable oil,cakes & pastries,baked goods
baker's yeast,other,other
gnocchi,pasta & noodles,grains & pasta
grain based meal kits,meal kits,prepared & frozen meals
beef hamburgers,processed meats & cold cuts,meat
beef dishes,prepared meals,prepared & frozen meals
snack-bar,snack bars,snacks
beef and its products,beef,meat
soba,pasta & noodles,grains & pasta
unleavened breads,bread,grains & pasta
yogurt with fruits no 0% fat,yogurt,dairy & eggs
banana cereal bars,cereal,grains & pasta
infant formulas,other,other
snacks-salados,other snacks,snacks
biscuit with a milk chocolate bar covering,cookies & biscuits,baked goods
avocados,fresh fruits,fruits
long madeleines,cakes & pastries,baked goods
yeast,other,other
tropical fruits,fresh fruits,fruits
fruit - prepared/processed (frozen),frozen vegetables,vegetables
worsten,sausages & hot dogs,meat
seaweed products,other,other
grain based products / meals - not ready to eat - savoury (shelf stable),other,other
semi-skimmed milk uht,milk,dairy & eggs
liquid honeys,honey & syrups,sweets & confectionery
liquid broths,broth & stock,soups
young goudas,cheese,dairy & eggs
ice-cream/ice-block multi pack,ice cream & frozen yogurt,dairy & eggs
fruit quarks,yogurt,dairy & eggs
turkey cutlets,turkey,poultry
fruit sodas,soda & soft drinks,beverages
blonde ales,alcoholic beverages,beverages
shelf-stable vegetable fats,vegetable & cooking oils,fats & oils
green pitted olives,"pickles, olives & peppers",vegetables
lentil soups,canned soup,soups
blackberries,fresh fruits,fruits
lemon flavored iced teas,tea,beverages
leek quiche,pies & tarts,baked goods
"includes any products that can be described/observed as a food made from ground pork, which may be prepared using a specific, regionally based process. the ground meat is mixed with other ingredients such as animal fat, salt, spices, herbs, vegetables or fruit and then typically packed in a casing, which may be link shaped or form a rope or ring, or sold without a casing such as bologna and some frankfurters. some sausages are cooked during processing and may be preserved by curing, drying in cool air, or smoking.",sausages & hot dogs,meat
shortbread cookies from brittany,cookies & biscuits,baked goods
black olives,"pickles, olives & peppers",vegetables
lasagna sheets,pasta & noodles,grains & pasta
whole peeled tomatoes in tomato juice,canned & preserved fruits,fruits
lactose-free cheeses,cheese,dairy & eggs
garlic breads,bread,grains & pasta
salad-kit,meal kits,prepared & frozen meals
swiss gruyères,cheese,dairy & eggs
"milk, nonfat",milk,dairy & eggs
onigiri,rice,grains & pasta
plum jams,jams & spreads,sweets & confectionery
dehydrated asian-style soup with noodles,canned soup,soups
chicken cordons bleus,chicken,poultry
diced ham,processed meats & cold cuts,meat
cherry tomatoes,fresh vegetables,vegetables
dried apples,dried fruits,fruits
dried apricots,dried fruits,fruits
dried cranberries,dried fruits,fruits
cheeses for kids,cheese,dairy & eggs
cheesecakes,cakes & pastries,baked goods
provolone,cheese,dairy & eggs
white chocolate bars,chocolate,sweets & confectionery
canned butter beans,canned beans,legumes & beans
drinks - powdered,powdered drinks,beverages
other sauces dipping/condiments/savoury toppings/savoury spreads/marinades (frozen),other,other
swabian spätzle,pasta & noodles,grains & pasta
oatmeal biscuits,cookies & biscuits,baked goods
puffed rice cakes with milk chocolate,crackers,baked goods
oat flours,flour & corn meal,grains & pasta
egg based products / meals - not ready to eat (frozen),eggs,dairy & eggs
pumpernickel,bread,grains & pasta
pies/pastries - sweet (frozen),cakes & pastries,baked goods
toaster pastries,cakes & pastries,baked goods
egg noodles,pasta & noodles,grains & pasta
cooked garden peas,canned vegetables,vegetables
vegetables-prepared-processed-perishable,fresh vegetables,vegetables
crispbreads (wholemeal),bread,grains & pasta
ramen noodles,pasta & noodles,grains & pasta
chicken cutlets,chicken,poultry
chocolate truffles,chocolate,sweets & confectionery
non-frozen dough based meals (to prepare),prepared meals,prepared & frozen meals
pasta/noodles - not ready to eat (frozen),pasta & noodles,grains & pasta
pot noodles,prepared meals,prepared & frozen meals
crostatina,pies & tarts,baked goods
peaches,fresh fruits,fruits
croutons with garlic,other snacks,snacks
teigwaren,pasta & noodles,grains & pasta
peach jams,jams & spreads,sweets & confectionery
chocolate madeleines,cakes & pastries,baked goods
chocolate coated waffles,cakes & pastries,baked goods
pates-a-tartiner-aux-noisettes-et-au-cacao,jams & spreads,sweets & confectionery
chocolate muffins,cakes & pastries,baked goods
wheat flour type 65,flour & corn meal,grains & pasta
crunchy mueslis,cereal,grains & pasta
chocolate chunks yogurts,yogurt,dairy & eggs
cured liver sausages,sausages & hot dogs,meat
chicken pizza,pizza,prepared & frozen meals
prawn crackers,chips & crisps,snacks
dairy by-products,other,other
cream puff,cakes & pastries,baked goods
chocolate rolled oats biscuits,cookies & biscuits,baked goods
dairy mousses,dairy desserts,dairy & eggs
three cheese pizza,pizza,prepared & frozen meals
panko,bread,grains & pasta
panini breads,bread,grains & pasta
dark chocolates with fleur de sel,chocolate,sweets & confectionery
country-style pâtés,processed meats & cold cuts,meat
chili con carne,prepared meals,prepared & frozen meals
wheats,other grains,grains & pasta
chicken wings,chicken,poultry
pine nuts,nuts & seeds,snacks
wheat flour t110,flour & corn meal,grains & pasta
fish preparations,processed meats & cold cuts,meat
cocoa and its products,chocolate,sweets & confectionery
plain rolled oats biscuits,cookies & biscuits,baked goods
tomato juices,fruit juices,fruits
mushroom risottos,prepared meals,prepared & frozen meals
rostis,frozen dinners & entrees,prepared & frozen meals
cereal flours,flour & corn meal,grains & pasta
multifruit yoghurts,yogurt,dairy & eggs
"flavored milk, whole",milk,dairy & eggs
molded butters,butter & cream,dairy & eggs
fresh chicken - processed,processed meats & cold cuts,meat
canned white asparagus,canned vegetables,vegetables
canned spinachs,canned vegetables,vegetables
rice pasta,pasta & noodles,grains & pasta
rice pudding with caramel sauce,dairy desserts,dairy & eggs
mixed yogurts,yogurt,dairy & eggs
flavored teas,tea,beverages
tomato purées,canned vegetables,vegetables
plain fermented dairy desserts with cream,dairy desserts,dairy & eggs
flavoured almonds,nuts & seeds,snacks
mixed cereal flakes,cereal,grains & pasta
vegetable salads,salads,vegetables
canned peach in light syrup,canned & preserved fruits,fruits
flour-tortilla,bread,grains & pasta
roasted cashew nuts,nuts & seeds,snacks
milk/cream,milk,dairy & eggs
"milk, reduced fat",milk,dairy & eggs
plain naans,bread,grains & pasta
freeze-dried instant coffees,coffee,beverages
coconut-based drinks,plant-based milk,plant-based alternatives
canned herrings,canned & smoked fish,fish & seafood
fisch-und-meeresfruchte,other,other
carbonated natural mineral waters,water,beverages
tapas,other,other
non-dairy yogurts,yogurt,dairy & eggs
non-dairy desserts,dairy desserts,dairy & eggs
non-carbonated natural mineral waters,water,beverages
wavy potato crisps,chips & crisps,snacks
cereal clusters with fruits,cereal,grains & pasta
cauliflowers,fresh vegetables,vegetables
surprise breads,bread,grains & pasta
fermented milk drinks with fruits,yogurt,dairy & eggs
cassoulets,prepared meals,prepared & frozen meals
melons,fresh fruits,fruits
fresh mushrooms,fresh vegetables,vegetables
ready-made combination meals - not ready to eat (frozen),frozen dinners & entrees,prepared & frozen meals
clover honeys,honey & syrups,sweets & confectionery
plain brussels-style soft waffle,cakes & pastries,baked goods
saint-félicien cheese,cheese,dairy & eggs
tonic drink with sugar,soda & soft drinks,beverages
carbonated drinks,soda & soft drinks,beverages
vegetable pizza,pizza,prepared & frozen meals
caramel yogurts,yogurt,dairy & eggs
filled chocolates,chocolate,sweets & confectionery
surimi on sticks,processed meats & cold cuts,meat
tofu patties,plant-based meat,plant-based alternatives
whole milk uht,milk,dairy & eggs
surimi,processed meats & cold cuts,meat
filled drop cookies,cookies & biscuits,baked goods
yogurts with fruits and sugar no 0% fat,yogurt,dairy & eggs
walnut oils,vegetable & cooking oils,fats & oils
yorkshire-puddings,bread,grains & pasta
vorspeisen,other,other
zoute-snacks,other snacks,snacks
steaks,beef,meat
turrón,candy & gummy,sweets & confectionery
uht creams,butter & cream,dairy & eggs
squeezed-juices,fruit juices,fruits
tabletop sweeteners,sugar,sweets & confectionery
sriracha sauces,cooking sauces,condiments & sauces
squid fritter roman-style,other,other
sweetened yogurts,yogurt,dairy & eggs
turkey preparations,turkey,poultry
whole pasteurised milks,milk,dairy & eggs
sweet potatoes,fresh vegetables,vegetables
white rices,rice,grains & pasta
tomino,cheese,dairy & eggs
whole wheat noodles,pasta & noodles,grains & pasta
vegetable based products / meals - not ready to eat (shelf stable),plant-based other,plant-based alternatives
suplementos-para-deportistas,sport nutrition,supplements
surgeles,frozen vegetables,vegetables
vegan rice puddings,dairy desserts,dairy & eggs
whole chickens,chicken,poultry
vegan nuggets,plant-based meat,plant-based alternatives
streichfette-milch-und-nichtmilcherzeugnisse,butter & margarine,fats & oils
vegetables-prepared-processed-frozen,frozen vegetables,vegetables
vanillin sugars,sugar,sweets & confectionery
wrapped snacks - cereal,cereal,grains & pasta
strawberry syrups,honey & syrups,sweets & confectionery
tuna flakes in oil,canned & smoked fish,fish & seafood
toasted sesame,seasoning & spices,condiments & sauces
ungekochter-gepresster-kase,cheese,dairy & eggs
toasted ham sandwich topped with grated cheese,sandwiches & wraps,prepared & frozen meals
vegetables-unprepared-unprocessed-shelf-stable,canned vegetables,vegetables
white chocolates with hazelnuts,chocolate,sweets & confectionery
vegetarian grounds,plant-based meat,plant-based alternatives
sweet ciders,alcoholic beverages,beverages
unsweetened plain soy-based drinks,plant-based milk,plant-based alternatives
sweet fritters,cakes & pastries,baked goods
white asparagus,fresh vegetables,vegetables
wheat semolinas,flour & corn meal,grains & pasta
thick sugar syrups,honey & syrups,sweets & confectionery
textured vegetable protein,plant-based meat,plant-based alternatives
sweet potato fries,other snacks,snacks
stirred-yogurt-drinks,yogurt,dairy & eggs
squash,fresh vegetables,vegetables
vegetarian balls,prepared meals,prepared & frozen meals
a,undefined,other
sprouts,fresh vegetables,vegetables
diet chocolate breakfast cereals,cereal,grains & pasta
dried figs,dried fruits,fruits
dried meats,processed meats & cold cuts,meat
dumplings,prepared meals,prepared & frozen meals
electrolyte-drink,energy & sport drinks,beverages
emmental slices,cheese,dairy & eggs
extracts/salt/meat tenderisers (shelf stable),seasoning & spices,condiments & sauces
extruded spelt flakes,cereal,grains & pasta
fats,other fats,fats & oils
feta blocs,cheese,dairy & eggs
feta-cheese,cheese,dairy & eggs
filled croissants,cakes & pastries,baked goods
filled crêpes,cakes & pastries,baked goods
filled dark chocolates,chocolate,sweets & confectionery
fish-breaded-frozen,frozen fish & seafood,fish & seafood
flavored beers,alcoholic beverages,beverages
dried bananas,dried fruits,fruits
desert,other,other
spreadable fats,butter & margarine,fats & oils
dehydrated broths,broth & stock,soups
cotton candy,candy & gummy,sweets & confectionery
crackersappetizers,crackers,baked goods
cream of tomato soups,canned soup,soups
creamy almond turrón,other,other
creatine,dietary supplements,supplements
croissant filled with jam,cakes & pastries,baked goods
crunchy almond turrón,other snacks,snacks
crunchy mueslis with chocolate,cereal,grains & pasta
curd,cheese,dairy & eggs
curry pastes,seasoning & spices,condiments & sauces
dairy spreads,butter & cream,dairy & eggs
dark chocolates with almonds,chocolate,sweets & confectionery
date syrups,honey & syrups,sweets & confectionery
decaffeinated instant coffees,coffee,beverages
deep-dish-pizza,pizza,prepared & frozen meals
flavoured cooked asian noodles,pasta & noodles,grains & pasta
flavoured dark chocolates,chocolate,sweets & confectionery
flavoured fermented dairy desserts with sugar and cream,dairy desserts,dairy & eggs
flavoured pistachios,nuts & seeds,snacks
frozen potato rostis,frozen vegetables,vegetables
frozen vegan nuggets,frozen dinners & entrees,prepared & frozen meals
frozen-cooked-duchesse-potato,frozen vegetables,vegetables
fruit based foods (prepared),prepared meals,prepared & frozen meals
fruit jellies,jams & spreads,sweets & confectionery
fruit kefir yogurts,yogurt,dairy & eggs
fruit nectars,fruit juices,fruits
fruit – prepared/processed,canned & preserved fruits,fruits
galletas-saladas,crackers,baked goods
general,undefined,other
ghee,butter & cream,dairy & eggs
ginger,seasoning & spices,condiments & sauces
glazes with vinegar,vinegar & oils,condiments & sauces
gluten-free dry pasta,pasta & noodles,grains & pasta
grain based products / meals - not ready to eat - savoury (frozen),frozen dinners & entrees,prepared & frozen meals
frozen pies,pies & tarts,baked goods
frozen meat preparations,frozen dinners & entrees,prepared & frozen meals
frozen ground beef steaks,frozen dinners & entrees,prepared & frozen meals
frikandel,sausages & hot dogs,meat
flavoured syrups,honey & syrups,sweets & confectionery
flavoured-drinkable-yogurts-with-sugar,yogurt,dairy & eggs
french-bread-multigrain-from-bakery,bread,grains & pasta
french-fries,other snacks,snacks
fresh ground meat preparations,other,other
fresh mixed vegetables,fresh vegetables,vegetables
fromages blancs with fruits,yogurt,dairy & eggs
frozen green beans,frozen vegetables,vegetables
frozen brussels sprouts,frozen vegetables,vegetables
frozen cauliflower florets,frozen vegetables,vegetables
frozen chicken - portions,chicken,poultry
frozen chopped spinachs,frozen vegetables,vegetables
frozen french fries to roast,frozen vegetables,vegetables
frozen fried potatoes,frozen vegetables,vegetables
corn-tortilla,bread,grains & pasta
corn salad,fresh vegetables,vegetables
cooked chicken breast without skin,chicken,poultry
brown basmati rices,rice,grains & pasta
beef cottage pies,prepared meals,prepared & frozen meals
biscuit (cookie) snack w chocolate filling,cookies & biscuits,baked goods
biscuit with a white chocolate bar covering,cookies & biscuits,baked goods
biscuits/cookies (frozen),cookies & biscuits,baked goods
black pitted olives,"pickles, olives & peppers",vegetables
black teas,tea,beverages
bolognese sauces,cooking sauces,condiments & sauces
bran sliced breads,bread,grains & pasta
bread coverings,bread,grains & pasta
breaded cutlets substitutes,prepared meals,prepared & frozen meals
breaded hake fish,frozen fish & seafood,fish & seafood
breakfast biscuit,cookies & biscuits,baked goods
breakfast cereals filled with chocolate-hazelnuts,cereal,grains & pasta
breakfast cereals not fortified with vitamins and chemical elements,cereal,grains & pasta
breakfast sandwich,sandwiches & wraps,prepared & frozen meals
beef broth,broth & stock,soups
beef - prepared/processed,processed meats & cold cuts,meat
bebidas,other beverages,beverages
aromatic rices,rice,grains & pasta
abbaye cheeses,cheese,dairy & eggs
alfredo sauces,cooking sauces,condiments & sauces
alphabet pasta,pasta & noodles,grains & pasta
apple juice,fruit juices,fruits
apple soft drinks,soda & soft drinks,beverages
apricot yogurts,yogurt,dairy & eggs
arrabbiata sauces,cooking sauces,condiments & sauces
barras-de-proteinas,snack bars,snacks
auvergne blue cheese from cow's milk,cheese,dairy & eggs
baby dishes,baby food,baby food
bakery,other,other
balsamic vinegars,vinegar & oils,condiments & sauces
banana yogurts,yogurt,dairy & eggs
bananas,fresh fruits,fruits
breakfast-bar,snack bars,snacks
cabbages,fresh vegetables,vegetables
compound dairy creams,butter & cream,dairy & eggs
cane-sugar,sugar,sweets & confectionery
chickpea crisps,chips & crisps,snacks
children's natural remedies,other,other
chili peppers,fresh vegetables,vegetables
chocolate chip muffins,cakes & pastries,baked goods
chocolate coated almonds,chocolate,sweets & confectionery
chocolate coated fruits,chocolate,sweets & confectionery
chocolate eggs,chocolate,sweets & confectionery
chocolate filled with praline,chocolate,sweets & confectionery
chocolate molds,chocolate,sweets & confectionery
chocolate-covered biscuits,cookies & biscuits,baked goods
chocolates from modica igp,chocolate,sweets & confectionery
choux pastry appetizers,cakes & pastries,baked goods
cods,fresh fish,fish & seafood
cola with sugar,soda & soft drinks,beverages
coleslaw,salads,vegetables
chicken-alfredo,prepared meals,prepared & frozen meals
chicken preparations,chicken,poultry
chestnut spreads,jams & spreads,sweets & confectionery
cereals with caramel,cereal,grains & pasta
canned black beans,canned beans,legumes & beans
canned-red-peppers,"pickles, olives & peppers",vegetables
caramel creamy puddings,dairy desserts,dairy & eggs
caramel stuffed waffles,cakes & pastries,baked goods
caramelized peanuts,nuts & seeds,snacks
cereales-para-desayuno,cereal,grains & pasta
champignon mushrooms,fresh vegetables,vegetables
cherries in syrup,canned & preserved fruits,fruits
cheddar slices,cheese,dairy & eggs
cheese croquettes,other snacks,snacks
cheese in puff pastry,cheese,dairy & eggs
cheese ravioli,pasta & noodles,grains & pasta
cheese-puffs,chips & crisps,snacks
cheeseburgers,prepared meals,prepared & frozen meals
granulated sugars,sugar,sweets & confectionery
grated horseradish,seasoning & spices,condiments & sauces
gravy,other,other
refrigerated chocolate creamy puddings,dairy desserts,dairy & eggs
prepared rices,rice,grains & pasta
processed cheese & cheese novelties,cheese,dairy & eggs
processed-cheese,cheese,dairy & eggs
products without gluten,other,other
protein-yogurt,yogurt,dairy & eggs
puffed cereal cakes,cereal,grains & pasta
puffed rice,cereal,grains & pasta
puffs,popcorn & puffed snacks,snacks
pulses,dried legumes,legumes & beans
quail eggs,eggs,dairy & eggs
rapsole,other,other
ravioli with ricotta and spinach,pasta & noodles,grains & pasta
ravioli with vegetables,pasta & noodles,grains & pasta
raw puff pastry,cakes & pastries,baked goods
red fruit yoghurts,yogurt,dairy & eggs
prepared meat cuts substitutes,plant-based meat,plant-based alternatives
pre-cooked whole wheat,bread,grains & pasta
potato preparations,fresh vegetables,vegetables
plain goat yogurts,yogurt,dairy & eggs
pickled onions,"pickles, olives & peppers",vegetables
pineapple juices,fruit juices,fruits
pinsa breads,bread,grains & pasta
pizza sauces,cooking sauces,condiments & sauces
plain biscuit,cookies & biscuits,baked goods
plain buckwheat crepes,pasta & noodles,grains & pasta
plain lardons,processed meats & cold cuts,meat
postres-lacteos,dairy desserts,dairy & eggs
plain popcorn,popcorn & puffed snacks,snacks
plain sprits biscuits,cookies & biscuits,baked goods
plant-based yogurt,yogurt,dairy & eggs
plant-based-milk,plant-based milk,plant-based alternatives
porridge with chocolate,cereal,grains & pasta
postres-helados,ice cream & frozen yogurt,dairy & eggs
red quinoa,other grains,grains & pasta
refrigerated creams,butter & cream,dairy & eggs
petits suisses,yogurt,dairy & eggs
refrigerated milks,milk,dairy & eggs
sea salts,seasoning & spices,condiments & sauces
senseo-compatible coffee capsules,coffee,beverages
sheep milk yogurts,yogurt,dairy & eggs
sliced breads without crust,bread,grains & pasta
small crackers,crackers,baked goods
smoked bacon,processed meats & cold cuts,meat
snack-cakes,cakes & pastries,baked goods
soft cake filled with chocolate,cakes & pastries,baked goods
sourdough-bread,bread,grains & pasta
soy desserts,dairy desserts,dairy & eggs
special series,undefined,other
speculaas,cookies & biscuits,baked goods
spelt flours,flour & corn meal,grains & pasta
spelts,other grains,grains & pasta
sports-drink,energy & sport drinks,beverages
sea igneous white salt for human consumption with added iodine,seasoning & spices,condiments & sauces
scamorza,cheese,dairy & eggs
sausage from savoy,sausages & hot dogs,meat
rillettes from mans,processed meats & cold cuts,meat
regina pizza,pizza,prepared & frozen meals
rice & grains,rice,grains & pasta
rice flakes,rice,grains & pasta
rice milk chocolates,chocolate,sweets & confectionery
rice paper,other,other
rices for risotto,rice,grains & pasta
rooibos,tea,beverages
sandwich-cookies,cookies & biscuits,baked goods
rye flours,flour & corn meal,grains & pasta
saint-marcellin,cheese,dairy & eggs
saint-paulin cheese,cheese,dairy & eggs
salsa,salsa & dips,condiments & sauces
samosas,other snacks,snacks
sandwich made with loaf bread and various fillings,sandwiches & wraps,prepared & frozen meals
pickled cucumbers,"pickles, olives & peppers",vegetables
pepperoni,processed meats & cold cuts,meat
ground beef meats,beef,meat
meat pies,pies & tarts,baked goods
kimchi,"pickles, olives & peppers",vegetables
kohlensaurehaltige-getranke,soda & soft drinks,beverages
kroketten,frozen dinners & entrees,prepared & frozen meals
lardons,processed meats & cold cuts,meat
legumes,dried legumes,legumes & beans
light potato crisps,chips & crisps,snacks
liqueur bonbons,candy & gummy,sweets & confectionery
liquid chicken broths,broth & stock,soups
liquor filled chocolate covered cherries,chocolate,sweets & confectionery
liégeois,dairy desserts,dairy & eggs
lump sugar,sugar,sweets & confectionery
luxury ice cream in a cup,ice cream & frozen yogurt,dairy & eggs
macadamia nuts,nuts & seeds,snacks
mangoes,fresh fruits,fruits
marinated olives,"pickles, olives & peppers",vegetables
kefir 1 %,yogurt,dairy & eggs
jelly beans,candy & gummy,sweets & confectionery
instant chicory,other beverages,beverages
hazelnut yogurts,yogurt,dairy & eggs
ground beef preparations,beef,meat
guava pastes,jams & spreads,sweets & confectionery
ham and cheese sandwiches,sandwiches & wraps,prepared & frozen meals
hard liquors,alcoholic beverages,beverages
hard-boiled egg,eggs,dairy & eggs
hazelnut spreads,jams & spreads,sweets & confectionery
herbal tea blends,tea,beverages
"includes products from animals of the species gallus gallus domesticus that have been subjected to one or more further manufacturing processes such as being cooked, dried, cured, ground, or reformed. specifically excludes meat/poultry sausages - prepared/processed. excludes chicken - unprepared/unprocessed.",processed meats & cold cuts,meat
herbal teas in tea bags,tea,beverages
hot beverages,other beverages,beverages
ice cream candy chocolate bars,chocolate,sweets & confectionery
iceberg lettuce,fresh vegetables,vegetables
icecream,ice cream & frozen yogurt,dairy & eggs
"includes any products that can be described/observed as a liquid food made from the stock of meat, fish and/or vegetables, which may also contain some small solid pieces of meat, fish and/or vegetables. these products must be frozen to extend their consumable life.",frozen dinners & entrees,prepared & frozen meals
marzipan,candy & gummy,sweets & confectionery
meat-products,processed meats & cold cuts,meat
pecorino romano,cheese,dairy & eggs
meat-snack,other snacks,snacks
nuts/seeds - unprepared/unprocessed (in shell),nuts & seeds,snacks
oat brans,cereal,grains & pasta
orange juices from concentrate,fruit juices,fruits
orange nectars,fruit juices,fruits
orecchiette,pasta & noodles,grains & pasta
pad thai,other,other
paprika crisps,chips & crisps,snacks
parma ham,processed meats & cold cuts,meat
partially skimmed chocolate milks,milk,dairy & eggs
pasta,pasta & noodles,grains & pasta
pasteurized butters,butter & cream,dairy & eggs
peach flavored iced teas,tea,beverages
peach nectars,fruit juices,fruits
peaches in syrup,canned & preserved fruits,fruits
pecan nuts,nuts & seeds,snacks
nuts-and-seeds,nuts & seeds,snacks
nuts and their products,nuts & seeds,snacks
null,undefined,other
mixed fruit soy yogurts,yogurt,dairy & eggs
mexican cheeses,cheese,dairy & eggs
mildly carbonated natural mineral water,water,beverages
milk jams,jams & spreads,sweets & confectionery
"milk, lowfat",milk,dairy & eggs
minerals,dietary supplements,supplements
mixed berry jams,jams & spreads,sweets & confectionery
mixed herbs,seasoning & spices,condiments & sauces
nuggets from soy and wheat proteins,plant-based meat,plant-based alternatives
mixed vegetable oils,vegetable & cooking oils,fats & oils
mixes for dessert creams,baking mixes,baked goods
muffins mix,baking mixes,baked goods
multifruit juices from concentrate,fruit juices,fruits
mushrooms and their products,fresh vegetables,vegetables
natural dried tomatoes,dried fruits,fruits
мляко,milk,dairy & eggs
